{
	"credit": "Made with Blockbench",
	"texture_size": [32, 32],
	"textures": {
		"2": "pmweather:block/anemometer",
		"particle": "minecraft:block/iron_block"
	},
	"elements": [
		{
			"name": "base",
			"from": [7, 0, 7],
			"to": [9, 6, 9],
			"rotation": {"angle": 0, "axis": "y", "origin": [8, 0, 8]},
			"faces": {
				"north": {"uv": [1, 9.5, 2, 12.5], "texture": "#2"},
				"east": {"uv": [0, 9.5, 1, 12.5], "texture": "#2"},
				"south": {"uv": [3, 9.5, 4, 12.5], "texture": "#2"},
				"west": {"uv": [2, 9.5, 3, 12.5], "texture": "#2"},
				"up": {"uv": [2, 9.5, 1, 8.5], "texture": "#2"},
				"down": {"uv": [3, 8.5, 2, 9.5], "texture": "#2"}
			}
		},
		{
			"name": "mast",
			"from": [7, 6, 8],
			"to": [9, 13, 8],
			"rotation": {"angle": 0, "axis": "y", "origin": [8, 13, 8]},
			"faces": {
				"north": {"uv": [11, 10.5, 12, 14], "texture": "#2"},
				"east": {"uv": [11, 10.5, 11, 14], "texture": "#2"},
				"south": {"uv": [11, 10.5, 12, 14], "texture": "#2"},
				"west": {"uv": [12, 10.5, 12, 14], "texture": "#2"},
				"up": {"uv": [12, 10.5, 11, 10.5], "texture": "#2"},
				"down": {"uv": [13, 10.5, 12, 10.5], "texture": "#2"}
			}
		},
		{
			"name": "mast",
			"from": [8, 6, 7],
			"to": [8, 13, 9],
			"rotation": {"angle": 0, "axis": "y", "origin": [8, 13, 8]},
			"faces": {
				"north": {"uv": [10, 9.5, 10, 13], "texture": "#2"},
				"east": {"uv": [9, 9.5, 10, 13], "texture": "#2"},
				"south": {"uv": [11, 9.5, 11, 13], "texture": "#2"},
				"west": {"uv": [9, 9.5, 10, 13], "texture": "#2"},
				"up": {"uv": [10, 9.5, 10, 8.5], "texture": "#2"},
				"down": {"uv": [10, 8.5, 10, 9.5], "texture": "#2"}
			}
		},
		{
			"from": [7, 13, 7],
			"to": [9, 15, 9],
			"rotation": {"angle": 0, "axis": "y", "origin": [8, 13, 8]},
			"faces": {
				"north": {"uv": [12, 9.5, 13, 10.5], "texture": "#2"},
				"east": {"uv": [11, 9.5, 12, 10.5], "texture": "#2"},
				"south": {"uv": [14, 9.5, 15, 10.5], "texture": "#2"},
				"west": {"uv": [13, 9.5, 14, 10.5], "texture": "#2"},
				"up": {"uv": [13, 9.5, 12, 8.5], "texture": "#2"},
				"down": {"uv": [14, 8.5, 13, 9.5], "texture": "#2"}
			}
		},
		{
			"name": "arm",
			"from": [0, 14, 7.5],
			"to": [16, 14, 8.5],
			"rotation": {"angle": 0, "axis": "y", "origin": [8, 13, 8.5]},
			"faces": {
				"north": {"uv": [0, 8.5, 8, 8.5], "texture": "#2"},
				"east": {"uv": [-0.5, 8.5, 0, 8.5], "texture": "#2"},
				"south": {"uv": [8.5, 8.5, 16.5, 8.5], "texture": "#2"},
				"west": {"uv": [8, 8.5, 8.5, 8.5], "texture": "#2"},
				"up": {"uv": [8, 8.5, 0, 8], "texture": "#2"},
				"down": {"uv": [8, 8, 0, 8.5], "texture": "#2"}
			}
		},
		{
			"name": "arm",
			"from": [7.5, 14, 0],
			"to": [8.5, 14, 16],
			"rotation": {"angle": 0, "axis": "y", "origin": [8.5, 13, 8]},
			"faces": {
				"north": {"uv": [7.5, 8, 8, 8], "texture": "#2"},
				"east": {"uv": [-0.5, 8, 7.5, 8], "texture": "#2"},
				"south": {"uv": [16, 8, 16.5, 8], "texture": "#2"},
				"west": {"uv": [8, 8, 16, 8], "texture": "#2"},
				"up": {"uv": [8, 8, 7.5, 0], "texture": "#2"},
				"down": {"uv": [8, 0, 7.5, 8], "texture": "#2"}
			}
		},
		{
			"name": "cup",
			"from": [0, 12.5, 8.5],
			"to": [3, 15.5, 10.5],
			"rotation": {"angle": 0, "axis": "y", "origin": [8, 13.5, 8]},
			"faces": {
				"north": {"uv": [6, 10, 7.5, 11.5], "texture": "#2"},
				"east": {"uv": [5.5, 10, 6.5, 11.5], "texture": "#2"},
				"south": {"uv": [8.5, 10, 10, 11.5], "texture": "#2"},
				"west": {"uv": [7.5, 10, 8.5, 11.5], "texture": "#2"},
				"up": {"uv": [7.5, 10, 6, 9], "texture": "#2"},
				"down": {"uv": [7.5, 9, 6, 10], "texture": "#2"}
			}
		},
		{
			"name": "cup",
			"from": [8.5, 12.5, 13],
			"to": [10.5, 15.5, 16],
			"rotation": {"angle": 0, "axis": "y", "origin": [8, 13.5, 8]},
			"faces": {
				"north": {"uv": [5.5, 10, 6.5, 11.5], "texture": "#2"},
				"east": {"uv": [6.5, 10, 8, 11.5], "texture": "#2"},
				"south": {"uv": [8, 10, 9, 11.5], "texture": "#2"},
				"west": {"uv": [6.5, 10, 8, 11.5], "texture": "#2"},
				"up": {"uv": [6.5, 10, 5.5, 8.5], "texture": "#2"},
				"down": {"uv": [7.5, 8.5, 6.5, 10], "texture": "#2"}
			}
		},
		{
			"name": "cup",
			"from": [5.5, 12.5, 0],
			"to": [7.5, 15.5, 3],
			"rotation": {"angle": 0, "axis": "y", "origin": [8, 13.5, 8]},
			"faces": {
				"north": {"uv": [5.5, 10, 6.5, 11.5], "texture": "#2"},
				"east": {"uv": [6.5, 10, 8, 11.5], "texture": "#2"},
				"south": {"uv": [8, 10, 9, 11.5], "texture": "#2"},
				"west": {"uv": [6.5, 10, 8, 11.5], "texture": "#2"},
				"up": {"uv": [6.5, 10, 5.5, 8.5], "texture": "#2"},
				"down": {"uv": [7.5, 8.5, 6.5, 10], "texture": "#2"}
			}
		},
		{
			"name": "cup",
			"from": [13, 12.5, 5.5],
			"to": [16, 15.5, 7.5],
			"rotation": {"angle": 0, "axis": "y", "origin": [8, 13.5, 8]},
			"faces": {
				"north": {"uv": [5.5, 10, 7, 11.5], "texture": "#2"},
				"east": {"uv": [5.5, 10, 6.5, 11.5], "texture": "#2"},
				"south": {"uv": [8, 10, 9.5, 11.5], "texture": "#2"},
				"west": {"uv": [7, 10, 8, 11.5], "texture": "#2"},
				"up": {"uv": [7, 10, 5.5, 9], "texture": "#2"},
				"down": {"uv": [7, 9, 5.5, 10], "texture": "#2"}
			}
		}
	],
	"display": {
		"thirdperson_righthand": {
			"scale": [0.6, 0.6, 0.6]
		},
		"thirdperson_lefthand": {
			"scale": [0.6, 0.6, 0.6]
		},
		"firstperson_righthand": {
			"scale": [0.6, 0.6, 0.6]
		},
		"firstperson_lefthand": {
			"scale": [0.6, 0.6, 0.6]
		},
		"ground": {
			"translation": [0, 2.5, 0],
			"scale": [0.5, 0.5, 0.5]
		},
		"gui": {
			"rotation": [45, 45, 0],
			"translation": [0, -1.5, 0],
			"scale": [0.75, 0.75, 0.75]
		}
	},
	"groups": [
		{
			"name": "tower",
			"origin": [8, 13, 8],
			"color": 0,
			"children": [0, 1, 2]
		},
		{
			"name": "shaft",
			"origin": [8, 13, 8],
			"color": 0,
			"children": [3, 4, 5, 6, 7, 8, 9]
		}
	]
}