{
	"credit": "Made with Blockbench",
	"parent": "minecraft:block/cube_all",
	"texture_size": [32, 32],
	"textures": {
		"0": "block/black_concrete",
		"1": "block/gray_concrete",
		"2": "block/light_blue_concrete",
		"3": "block/white_concrete",
		"5": "block/light_gray_concrete",
		"6": "block/purple_concrete",
		"7": "block/gray_wool",
		"8": "block/black_wool",
		"particle": "block/gray_concrete"
	},
	"elements": [
		{
			"name": "Monitor",
			"from": [1.0125, 0.5, 2.475],
			"to": [15.0125, 10.5, 2.975],
			"rotation": {"angle": 0, "axis": "y", "origin": [8.00625, 5.175, 6.9875]},
			"faces": {
				"north": {"uv": [0, 0, 14, 10], "texture": "#1"},
				"east": {"uv": [0, 0, 0.5, 10], "texture": "#1"},
				"south": {"uv": [0, 0, 14, 10], "texture": "#1"},
				"west": {"uv": [0, 0, 0.5, 10], "texture": "#1"},
				"up": {"uv": [0, 0, 14, 0.5], "rotation": 180, "texture": "#1"},
				"down": {"uv": [0, 0, 14, 0.5], "rotation": 180, "texture": "#1"}
			}
		},
		{
			"name": "Camera",
			"from": [7.8125, 9.875, 2.975],
			"to": [8.2125, 10.225, 3.025],
			"rotation": {"angle": 0, "axis": "y", "origin": [8.00625, 5.175, 6.9875]},
			"faces": {
				"north": {"uv": [0, 0, 0.2, 0.175], "texture": "#1"},
				"east": {"uv": [0, 0, 0.025, 0.175], "texture": "#1"},
				"south": {"uv": [0, 0, 0.2, 0.175], "texture": "#0"},
				"west": {"uv": [0, 0, 0.025, 0.175], "texture": "#1"},
				"up": {"uv": [0, 0, 0.2, 0.025], "rotation": 180, "texture": "#1"},
				"down": {"uv": [0, 0, 0.2, 0.025], "rotation": 180, "texture": "#1"}
			}
		},
		{
			"name": "Screen",
			"from": [1.4625, 1.5, 2.975],
			"to": [14.5625, 9.7, 3.025],
			"rotation": {"angle": 0, "axis": "y", "origin": [8.00625, 5.175, 6.9875]},
			"faces": {
				"north": {"uv": [0, 0, 6.55, 4.1], "texture": "#1"},
				"east": {"uv": [0, 0, 0.025, 4.1], "texture": "#1"},
				"south": {"uv": [0, 0, 6.55, 4.1], "texture": "#0"},
				"west": {"uv": [0, 0, 0.025, 4.1], "texture": "#1"},
				"up": {"uv": [0, 0, 6.55, 0.025], "rotation": 180, "texture": "#1"},
				"down": {"uv": [0, 0, 6.55, 0.025], "rotation": 180, "texture": "#1"}
			}
		},
		{
			"name": "Trackpad",
			"from": [5.7125, 0.8, 10.1],
			"to": [10.3125, 0.9, 12.95],
			"rotation": {"angle": 0, "axis": "y", "origin": [8.00625, 5.175, 6.9875]},
			"faces": {
				"north": {"uv": [0, 0, 2.3, 0.05], "texture": "#1"},
				"east": {"uv": [0, 0, 1.425, 0.05], "texture": "#1"},
				"south": {"uv": [0, 0, 2.3, 0.05], "texture": "#1"},
				"west": {"uv": [0, 0, 1.425, 0.05], "texture": "#1"},
				"up": {"uv": [0, 0, 2.3, 1.425], "rotation": 180, "texture": "#1"},
				"down": {"uv": [0, 0, 2.3, 1.425], "rotation": 180, "texture": "#5"}
			}
		},
		{
			"name": "Keyboard_Keys_Accent",
			"from": [1.8125, 0.8, 3.9],
			"to": [14.2125, 0.9, 9.75],
			"rotation": {"angle": 0, "axis": "y", "origin": [8.00625, 5.175, 6.9875]},
			"faces": {
				"north": {"uv": [0, 0, 6.3, 0.05], "texture": "#6"},
				"east": {"uv": [0, 0, 3.125, 0.05], "texture": "#6"},
				"south": {"uv": [0, 0, 6.3, 0.05], "texture": "#6"},
				"west": {"uv": [0, 0, 3.125, 0.05], "texture": "#6"},
				"up": {"uv": [0, 0, 9.3, 3.625], "rotation": 180, "texture": "#7"},
				"down": {"uv": [0, 0, 6.3, 3.125], "rotation": 180, "texture": "#5"}
			}
		},
		{
			"name": "Keyboard_Base",
			"from": [1.4125, 0.7, 3.5],
			"to": [14.6125, 0.8, 13.25],
			"rotation": {"angle": 0, "axis": "y", "origin": [8.00625, 5.175, 6.9875]},
			"faces": {
				"north": {"uv": [0, 0, 13.2, 0.1], "texture": "#5"},
				"east": {"uv": [0, 0, 9.75, 0.1], "texture": "#5"},
				"south": {"uv": [0, 0, 13.2, 0.1], "texture": "#5"},
				"west": {"uv": [0, 0, 9.75, 0.1], "texture": "#5"},
				"up": {"uv": [0, 0, 13.2, 9.75], "rotation": 180, "texture": "#5"},
				"down": {"uv": [0, 0, 13.2, 9.75], "rotation": 180, "texture": "#3"}
			}
		},
		{
			"name": "Base",
			"from": [1.0125, 0, 2.975],
			"to": [15.0125, 0.7, 13.975],
			"rotation": {"angle": 0, "axis": "y", "origin": [8.00625, 5.175, 6.9875]},
			"faces": {
				"north": {"uv": [0, 0, 14, 0.7], "texture": "#1"},
				"east": {"uv": [0, 0, 11, 0.7], "texture": "#1"},
				"south": {"uv": [0, 0, 14, 0.7], "texture": "#1"},
				"west": {"uv": [0, 0, 11, 0.7], "texture": "#1"},
				"up": {"uv": [0, 0, 14, 11], "rotation": 180, "texture": "#1"},
				"down": {"uv": [0, 0, 14, 11], "rotation": 180, "texture": "#1"}
			}
		},
		{
			"name": "Charge_Base",
			"from": [0.9625, 0.2, 3.825],
			"to": [1.0125, 0.5, 4.125],
			"rotation": {"angle": 0, "axis": "y", "origin": [8.00625, 5.175, 6.9875]},
			"faces": {
				"north": {"uv": [0, 0, 0.025, 0.15], "texture": "#1"},
				"east": {"uv": [0, 0, 0.15, 0.15], "texture": "#1"},
				"south": {"uv": [0, 0, 0.025, 0.15], "texture": "#1"},
				"west": {"uv": [0, 0, 0.15, 0.15], "texture": "#0"},
				"up": {"uv": [0, 0, 0.025, 0.15], "rotation": 180, "texture": "#1"},
				"down": {"uv": [0, 0, 0.025, 0.15], "rotation": 180, "texture": "#1"}
			}
		},
		{
			"name": "Charge_Pin",
			"from": [0.9375, 0.3, 3.925],
			"to": [1.0125, 0.4, 4.025],
			"rotation": {"angle": 0, "axis": "y", "origin": [8.00625, 5.175, 6.9875]},
			"faces": {
				"north": {"uv": [0, 0, 0.0375, 0.05], "texture": "#5"},
				"east": {"uv": [0, 0, 0.05, 0.05], "texture": "#5"},
				"south": {"uv": [0, 0, 0.0375, 0.05], "texture": "#1"},
				"west": {"uv": [0, 0, 0.05, 0.05], "texture": "#5"},
				"up": {"uv": [0, 0, 0.0375, 0.05], "rotation": 180, "texture": "#5"},
				"down": {"uv": [0, 0, 0.0375, 0.05], "rotation": 180, "texture": "#5"}
			}
		},
		{
			"name": "Power",
			"from": [15, 0.225, 5.975],
			"to": [15.05, 0.475, 7.025],
			"rotation": {"angle": 0, "axis": "y", "origin": [8.00625, 5.175, 6.9875]},
			"faces": {
				"north": {"uv": [0, 0, 0.025, 0.125], "texture": "#6"},
				"east": {"uv": [0, 0, 0.525, 0.125], "texture": "#5"},
				"south": {"uv": [0, 0, 0.025, 0.125], "texture": "#6"},
				"west": {"uv": [0, 0, 0.525, 0.125], "texture": "#1"},
				"up": {"uv": [0, 0, 0.025, 0.525], "texture": "#6"},
				"down": {"uv": [0, 0, 0.025, 0.525], "texture": "#6"}
			}
		},
		{
			"name": "USB-A_Blue",
			"from": [0.9375, 0.35, 4.85],
			"to": [1.0125, 0.45, 5.5],
			"rotation": {"angle": 0, "axis": "y", "origin": [8.00625, 5.275, 6.9875]},
			"faces": {
				"north": {"uv": [0, 0, 0.0375, 0.05], "texture": "#2"},
				"east": {"uv": [0, 0, 0.325, 0.05], "texture": "#2"},
				"south": {"uv": [0, 0, 0.0375, 0.05], "texture": "#2"},
				"west": {"uv": [0, 0, 0.325, 0.05], "texture": "#2"},
				"up": {"uv": [0, 0, 0.0375, 0.325], "rotation": 180, "texture": "#2"},
				"down": {"uv": [0, 0, 0.0375, 0.325], "rotation": 180, "texture": "#2"}
			}
		},
		{
			"name": "USB-A_Base",
			"from": [0.9625, 0.225, 4.825],
			"to": [1.0125, 0.475, 5.525],
			"rotation": {"angle": 0, "axis": "y", "origin": [8.00625, 5.175, 6.9875]},
			"faces": {
				"north": {"uv": [0, 0, 0.025, 0.125], "texture": "#1"},
				"east": {"uv": [0, 0, 0.35, 0.125], "texture": "#1"},
				"south": {"uv": [0, 0, 0.025, 0.125], "texture": "#1"},
				"west": {"uv": [0, 0, 0.35, 0.125], "texture": "#0"},
				"up": {"uv": [0, 0, 0.025, 0.35], "rotation": 180, "texture": "#1"},
				"down": {"uv": [0, 0, 0.025, 0.35], "rotation": 180, "texture": "#1"}
			}
		},
		{
			"name": "USB-A_Blue",
			"from": [0.9375, 0.35, 5.8],
			"to": [1.0125, 0.45, 6.45],
			"rotation": {"angle": 0, "axis": "y", "origin": [8.00625, 5.275, 6.9875]},
			"faces": {
				"north": {"uv": [0, 0, 0.0375, 0.05], "texture": "#2"},
				"east": {"uv": [0, 0, 0.325, 0.05], "texture": "#2"},
				"south": {"uv": [0, 0, 0.0375, 0.05], "texture": "#2"},
				"west": {"uv": [0, 0, 0.325, 0.05], "texture": "#2"},
				"up": {"uv": [0, 0, 0.0375, 0.325], "rotation": 180, "texture": "#2"},
				"down": {"uv": [0, 0, 0.0375, 0.325], "rotation": 180, "texture": "#2"}
			}
		},
		{
			"name": "USB-A_Base",
			"from": [0.9625, 0.225, 5.775],
			"to": [1.0125, 0.475, 6.475],
			"rotation": {"angle": 0, "axis": "y", "origin": [8.00625, 5.175, 6.9875]},
			"faces": {
				"north": {"uv": [0, 0, 0.025, 0.125], "texture": "#1"},
				"east": {"uv": [0, 0, 0.35, 0.125], "texture": "#1"},
				"south": {"uv": [0, 0, 0.025, 0.125], "texture": "#1"},
				"west": {"uv": [0, 0, 0.35, 0.125], "texture": "#0"},
				"up": {"uv": [0, 0, 0.025, 0.35], "rotation": 180, "texture": "#1"},
				"down": {"uv": [0, 0, 0.025, 0.35], "rotation": 180, "texture": "#1"}
			}
		},
		{
			"name": "USB-A_Blue",
			"from": [15, 0.35, 4.85],
			"to": [15.075, 0.45, 5.5],
			"rotation": {"angle": 0, "axis": "y", "origin": [8.00625, 5.275, 6.9875]},
			"faces": {
				"north": {"uv": [0, 0, 0.0375, 0.05], "texture": "#2"},
				"east": {"uv": [0, 0, 0.325, 0.05], "texture": "#2"},
				"south": {"uv": [0, 0, 0.0375, 0.05], "texture": "#2"},
				"west": {"uv": [0, 0, 0.325, 0.05], "texture": "#2"},
				"up": {"uv": [0, 0, 0.0375, 0.325], "texture": "#2"},
				"down": {"uv": [0, 0, 0.0375, 0.325], "texture": "#2"}
			}
		},
		{
			"name": "USB-A_Base",
			"from": [15, 0.225, 4.825],
			"to": [15.05, 0.475, 5.525],
			"rotation": {"angle": 0, "axis": "y", "origin": [8.00625, 5.175, 6.9875]},
			"faces": {
				"north": {"uv": [0, 0, 0.025, 0.125], "texture": "#1"},
				"east": {"uv": [0, 0, 0.35, 0.125], "texture": "#0"},
				"south": {"uv": [0, 0, 0.025, 0.125], "texture": "#1"},
				"west": {"uv": [0, 0, 0.35, 0.125], "texture": "#1"},
				"up": {"uv": [0, 0, 0.025, 0.35], "texture": "#1"},
				"down": {"uv": [0, 0, 0.025, 0.35], "texture": "#1"}
			}
		},
		{
			"name": "USB-C_Blue",
			"from": [15, 0.325, 3.75],
			"to": [15.075, 0.375, 4.2],
			"rotation": {"angle": 0, "axis": "y", "origin": [8.00625, 5.175, 6.9875]},
			"faces": {
				"north": {"uv": [0, 0, 0.0375, 0.025], "texture": "#2"},
				"east": {"uv": [0, 0, 0.225, 0.025], "texture": "#2"},
				"south": {"uv": [0, 0, 0.0375, 0.025], "texture": "#2"},
				"west": {"uv": [0, 0, 0.225, 0.025], "texture": "#2"},
				"up": {"uv": [0, 0, 0.0375, 0.225], "texture": "#2"},
				"down": {"uv": [0, 0, 0.0375, 0.225], "texture": "#2"}
			}
		},
		{
			"name": "USB-C_Base",
			"from": [15, 0.25, 3.675],
			"to": [15.05, 0.45, 4.275],
			"rotation": {"angle": 0, "axis": "y", "origin": [8.00625, 5.175, 6.9875]},
			"faces": {
				"north": {"uv": [0, 0, 0.025, 0.1], "texture": "#1"},
				"east": {"uv": [0, 0, 0.3, 0.1], "texture": "#0"},
				"south": {"uv": [0, 0, 0.025, 0.1], "texture": "#1"},
				"west": {"uv": [0, 0, 0.3, 0.1], "texture": "#1"},
				"up": {"uv": [0, 0, 0.025, 0.3], "texture": "#1"},
				"down": {"uv": [0, 0, 0.025, 0.3], "texture": "#1"}
			}
		},
		{
			"name": "H2",
			"from": [8.9125, 4.2, 2.425],
			"to": [9.6125, 7, 2.475],
			"rotation": {"angle": 0, "axis": "y", "origin": [8.00625, 5.175, 6.9875]},
			"faces": {
				"north": {"uv": [0, 0, 0.35, 1.4], "texture": "#3"},
				"east": {"uv": [0, 0, 0.025, 1.4], "texture": "#6"},
				"south": {"uv": [0, 0, 0.35, 1.4], "texture": "#3"},
				"west": {"uv": [0, 0, 0.025, 1.4], "texture": "#6"},
				"up": {"uv": [0, 0, 0.35, 0.025], "rotation": 180, "texture": "#6"},
				"down": {"uv": [0, 0, 0.35, 0.025], "rotation": 180, "texture": "#6"}
			}
		},
		{
			"name": "Dash",
			"from": [9.7125, 5.3, 2.425],
			"to": [10.4125, 5.9, 2.475],
			"rotation": {"angle": 0, "axis": "y", "origin": [8.00625, 5.175, 6.9875]},
			"faces": {
				"north": {"uv": [0, 0, 0.35, 0.3], "texture": "#3"},
				"east": {"uv": [0, 0, 0.025, 0.3], "texture": "#6"},
				"south": {"uv": [0, 0, 0.35, 0.3], "texture": "#3"},
				"west": {"uv": [0, 0, 0.025, 0.3], "texture": "#6"},
				"up": {"uv": [0, 0, 0.35, 0.025], "rotation": 180, "texture": "#6"},
				"down": {"uv": [0, 0, 0.35, 0.025], "rotation": 180, "texture": "#6"}
			}
		},
		{
			"name": "H1",
			"from": [10.5125, 4.2, 2.425],
			"to": [11.2125, 7, 2.475],
			"rotation": {"angle": 0, "axis": "y", "origin": [8.00625, 5.175, 6.9875]},
			"faces": {
				"north": {"uv": [0, 0, 0.35, 1.4], "texture": "#3"},
				"east": {"uv": [0, 0, 0.025, 1.4], "texture": "#6"},
				"south": {"uv": [0, 0, 0.35, 1.4], "texture": "#3"},
				"west": {"uv": [0, 0, 0.025, 1.4], "texture": "#6"},
				"up": {"uv": [0, 0, 0.35, 0.025], "rotation": 180, "texture": "#6"},
				"down": {"uv": [0, 0, 0.35, 0.025], "rotation": 180, "texture": "#6"}
			}
		},
		{
			"name": "Three2",
			"from": [7.7125, 5, 2.425],
			"to": [8.2125, 5.3, 2.475],
			"rotation": {"angle": 0, "axis": "y", "origin": [8.00625, 5.175, 6.9875]},
			"faces": {
				"north": {"uv": [0, 0, 0.25, 0.15], "texture": "#3"},
				"east": {"uv": [0, 0, 0.025, 0.15], "texture": "#6"},
				"south": {"uv": [0, 0, 0.25, 0.15], "texture": "#3"},
				"west": {"uv": [0, 0, 0.025, 0.15], "texture": "#6"},
				"up": {"uv": [0, 0, 0.25, 0.025], "rotation": 180, "texture": "#6"},
				"down": {"uv": [0, 0, 0.25, 0.025], "rotation": 180, "texture": "#6"}
			}
		},
		{
			"name": "Three1",
			"from": [7.7125, 5.6, 2.425],
			"to": [8.8125, 6.1, 2.475],
			"rotation": {"angle": 0, "axis": "y", "origin": [8.00625, 5.175, 6.9875]},
			"faces": {
				"north": {"uv": [0, 0, 0.55, 0.25], "texture": "#3"},
				"east": {"uv": [0, 0, 0.025, 0.25], "texture": "#6"},
				"south": {"uv": [0, 0, 0.55, 0.25], "texture": "#3"},
				"west": {"uv": [0, 0, 0.025, 0.25], "texture": "#6"},
				"up": {"uv": [0, 0, 0.55, 0.025], "rotation": 180, "texture": "#6"},
				"down": {"uv": [0, 0, 0.55, 0.025], "rotation": 180, "texture": "#6"}
			}
		},
		{
			"name": "Three1_Curve",
			"from": [8.3125, 5.5, 2.425],
			"to": [8.8125, 5.6, 2.475],
			"rotation": {"angle": 0, "axis": "y", "origin": [8.00625, 5.175, 6.9875]},
			"faces": {
				"north": {"uv": [0, 0, 0.25, 0.05], "texture": "#3"},
				"east": {"uv": [0, 0, 0.025, 0.05], "texture": "#6"},
				"south": {"uv": [0, 0, 0.25, 0.05], "texture": "#3"},
				"west": {"uv": [0, 0, 0.025, 0.05], "texture": "#6"},
				"up": {"uv": [0, 0, 0.25, 0.025], "rotation": 180, "texture": "#6"},
				"down": {"uv": [0, 0, 0.25, 0.025], "rotation": 180, "texture": "#6"}
			}
		},
		{
			"name": "Three3_Curve",
			"from": [8.3125, 4.7, 2.425],
			"to": [8.8125, 4.8, 2.475],
			"rotation": {"angle": 0, "axis": "y", "origin": [8.00625, 5.175, 6.9875]},
			"faces": {
				"north": {"uv": [0, 0, 0.25, 0.05], "texture": "#3"},
				"east": {"uv": [0, 0, 0.025, 0.05], "texture": "#6"},
				"south": {"uv": [0, 0, 0.25, 0.05], "texture": "#3"},
				"west": {"uv": [0, 0, 0.025, 0.05], "texture": "#6"},
				"up": {"uv": [0, 0, 0.25, 0.025], "rotation": 180, "texture": "#6"},
				"down": {"uv": [0, 0, 0.25, 0.025], "rotation": 180, "texture": "#6"}
			}
		},
		{
			"name": "ThreeDash",
			"from": [7.1125, 4.2, 2.425],
			"to": [7.6125, 6.1, 2.475],
			"rotation": {"angle": 0, "axis": "y", "origin": [8.00625, 5.175, 6.9875]},
			"faces": {
				"north": {"uv": [0, 0, 0.25, 0.95], "texture": "#3"},
				"east": {"uv": [0, 0, 0.025, 0.95], "texture": "#6"},
				"south": {"uv": [0, 0, 0.25, 0.95], "texture": "#3"},
				"west": {"uv": [0, 0, 0.025, 0.95], "texture": "#6"},
				"up": {"uv": [0, 0, 0.25, 0.025], "rotation": 180, "texture": "#6"},
				"down": {"uv": [0, 0, 0.25, 0.025], "rotation": 180, "texture": "#6"}
			}
		},
		{
			"name": "Three2",
			"from": [7.7125, 4.2, 2.425],
			"to": [8.8125, 4.7, 2.475],
			"rotation": {"angle": 0, "axis": "y", "origin": [8.00625, 5.175, 6.9875]},
			"faces": {
				"north": {"uv": [0, 0, 0.55, 0.25], "texture": "#3"},
				"east": {"uv": [0, 0, 0.025, 0.25], "texture": "#6"},
				"south": {"uv": [0, 0, 0.55, 0.25], "texture": "#3"},
				"west": {"uv": [0, 0, 0.025, 0.25], "texture": "#6"},
				"up": {"uv": [0, 0, 0.55, 0.025], "rotation": 180, "texture": "#6"},
				"down": {"uv": [0, 0, 0.55, 0.025], "rotation": 180, "texture": "#6"}
			}
		},
		{
			"name": "S_Bottom",
			"from": [4.7125, 4.2, 2.425],
			"to": [7.0125, 4.8, 2.475],
			"rotation": {"angle": 0, "axis": "y", "origin": [8.00625, 5.175, 6.9875]},
			"faces": {
				"north": {"uv": [0, 0, 1.15, 0.3], "texture": "#3"},
				"east": {"uv": [0, 0, 0.025, 0.3], "texture": "#6"},
				"south": {"uv": [0, 0, 1.15, 0.3], "texture": "#3"},
				"west": {"uv": [0, 0, 0.025, 0.3], "texture": "#6"},
				"up": {"uv": [0, 0, 1.15, 0.025], "rotation": 180, "texture": "#6"},
				"down": {"uv": [0, 0, 1.15, 0.025], "rotation": 180, "texture": "#6"}
			}
		},
		{
			"name": "S_Top",
			"from": [4.7125, 6.4, 2.425],
			"to": [7.0125, 7, 2.475],
			"rotation": {"angle": 0, "axis": "y", "origin": [8.00625, 5.175, 6.9875]},
			"faces": {
				"north": {"uv": [0, 0, 1.15, 0.3], "texture": "#3"},
				"east": {"uv": [0, 0, 0.025, 0.3], "texture": "#6"},
				"south": {"uv": [0, 0, 1.15, 0.3], "texture": "#3"},
				"west": {"uv": [0, 0, 0.025, 0.3], "texture": "#6"},
				"up": {"uv": [0, 0, 1.15, 0.025], "rotation": 180, "texture": "#6"},
				"down": {"uv": [0, 0, 1.15, 0.025], "rotation": 180, "texture": "#6"}
			}
		},
		{
			"name": "S_Middle",
			"from": [4.7125, 5.3, 2.425],
			"to": [7.0125, 5.9, 2.475],
			"rotation": {"angle": 0, "axis": "y", "origin": [8.00625, 5.175, 6.9875]},
			"faces": {
				"north": {"uv": [0, 0, 1.15, 0.3], "texture": "#3"},
				"east": {"uv": [0, 0, 0.025, 0.3], "texture": "#6"},
				"south": {"uv": [0, 0, 1.15, 0.3], "texture": "#3"},
				"west": {"uv": [0, 0, 0.025, 0.3], "texture": "#6"},
				"up": {"uv": [0, 0, 1.15, 0.025], "rotation": 180, "texture": "#6"},
				"down": {"uv": [0, 0, 1.15, 0.025], "rotation": 180, "texture": "#6"}
			}
		},
		{
			"name": "S_Dec1",
			"from": [6.2125, 6, 2.425],
			"to": [7.0125, 6.3, 2.475],
			"rotation": {"angle": 0, "axis": "y", "origin": [8.00625, 5.175, 6.9875]},
			"faces": {
				"north": {"uv": [0, 0, 0.4, 0.15], "texture": "#3"},
				"east": {"uv": [0, 0, 0.025, 0.15], "texture": "#6"},
				"south": {"uv": [0, 0, 0.4, 0.15], "texture": "#3"},
				"west": {"uv": [0, 0, 0.025, 0.15], "texture": "#6"},
				"up": {"uv": [0, 0, 0.4, 0.025], "rotation": 180, "texture": "#6"},
				"down": {"uv": [0, 0, 0.4, 0.025], "rotation": 180, "texture": "#6"}
			}
		},
		{
			"name": "S_Dec2",
			"from": [4.7125, 4.9, 2.425],
			"to": [5.5125, 5.2, 2.475],
			"rotation": {"angle": 0, "axis": "y", "origin": [8.00625, 5.175, 6.9875]},
			"faces": {
				"north": {"uv": [0, 0, 0.4, 0.15], "texture": "#3"},
				"east": {"uv": [0, 0, 0.025, 0.15], "texture": "#6"},
				"south": {"uv": [0, 0, 0.4, 0.15], "texture": "#3"},
				"west": {"uv": [0, 0, 0.025, 0.15], "texture": "#6"},
				"up": {"uv": [0, 0, 0.4, 0.025], "rotation": 180, "texture": "#6"},
				"down": {"uv": [0, 0, 0.4, 0.025], "rotation": 180, "texture": "#6"}
			}
		},
		{
			"name": "Smoll-LargeBlob1",
			"from": [7.5875, 0.9, 2.975],
			"to": [7.8375, 1.4, 3.025],
			"rotation": {"angle": 0, "axis": "y", "origin": [8.00625, 5.175, 6.9875]},
			"faces": {
				"north": {"uv": [0, 0, 0.125, 0.25], "texture": "#3"},
				"east": {"uv": [0, 0, 0.025, 0.25], "texture": "#6"},
				"south": {"uv": [0, 0, 0.125, 0.25], "texture": "#3"},
				"west": {"uv": [0, 0, 0.025, 0.25], "texture": "#6"},
				"up": {"uv": [0, 0, 0.125, 0.025], "rotation": 180, "texture": "#6"},
				"down": {"uv": [0, 0, 0.125, 0.025], "rotation": 180, "texture": "#6"}
			}
		},
		{
			"name": "Smoll-LargeBlob2",
			"from": [8.1875, 0.9, 2.975],
			"to": [8.4375, 1.4, 3.025],
			"rotation": {"angle": 0, "axis": "y", "origin": [8.00625, 5.175, 6.9875]},
			"faces": {
				"north": {"uv": [0, 0, 0.125, 0.25], "texture": "#3"},
				"east": {"uv": [0, 0, 0.025, 0.25], "texture": "#6"},
				"south": {"uv": [0, 0, 0.125, 0.25], "texture": "#3"},
				"west": {"uv": [0, 0, 0.025, 0.25], "texture": "#6"},
				"up": {"uv": [0, 0, 0.125, 0.025], "rotation": 180, "texture": "#6"},
				"down": {"uv": [0, 0, 0.125, 0.025], "rotation": 180, "texture": "#6"}
			}
		},
		{
			"name": "Smoll-SmallBlob",
			"from": [7.8875, 0.9, 2.975],
			"to": [8.1375, 1.2, 3.025],
			"rotation": {"angle": 0, "axis": "y", "origin": [8.00625, 5.175, 6.9875]},
			"faces": {
				"north": {"uv": [0, 0, 0.125, 0.15], "texture": "#3"},
				"east": {"uv": [0, 0, 0.025, 0.15], "texture": "#6"},
				"south": {"uv": [0, 0, 0.125, 0.15], "texture": "#3"},
				"west": {"uv": [0, 0, 0.025, 0.15], "texture": "#6"},
				"up": {"uv": [0, 0, 0.125, 0.025], "rotation": 180, "texture": "#6"},
				"down": {"uv": [0, 0, 0.125, 0.025], "rotation": 180, "texture": "#6"}
			}
		},
		{
			"name": "MousePad",
			"from": [-0.025, -0.25, -0.025],
			"to": [16.025, 0.075, 16.025],
			"faces": {
				"north": {"uv": [0, 0, 8, 0.1625], "texture": "#6"},
				"east": {"uv": [0, 0, 8, 0.1625], "texture": "#6"},
				"south": {"uv": [0, 0, 8, 0.1625], "texture": "#6"},
				"west": {"uv": [0, 0, 8, 0.1625], "texture": "#6"},
				"up": {"uv": [0, 0, 16, 16], "texture": "#8"},
				"down": {"uv": [0, 0, 16, 16], "texture": "#8"}
			}
		}
	],
	"display": {
		"thirdperson_righthand": {
			"rotation": [69, 0, 0],
			"translation": [0, 5.25, 5.75]
		},
		"thirdperson_lefthand": {
			"rotation": [69, 0, 0],
			"translation": [0, 5.25, 5.75]
		},
		"firstperson_righthand": {
			"translation": [0, 7.25, -1.25],
			"scale": [0.9, 0.9, 0.9]
		},
		"firstperson_lefthand": {
			"translation": [0, 7.25, -1.25],
			"scale": [0.9, 0.9, 0.9]
		},
		"ground": {
			"translation": [0, 2.5, 0],
			"scale": [0.5, 0.5, 0.5]
		},
		"gui": {
			"rotation": [10, -30, 0],
			"translation": [0, 2.25, 0],
			"scale": [0.75, 0.75, 0.75]
		},
		"head": {
			"rotation": [0, 180, 0],
			"translation": [0, 14.25, 0]
		},
		"fixed": {
			"rotation": [0, 180, 0],
			"translation": [0, 3, -4.5]
		}
	},
	"groups": [
		{
			"name": "H3S Laptop",
			"origin": [12, 0, 11],
			"color": 0,
			"children": [
				{
					"name": "Base Laptop",
					"origin": [12, 0, 11],
					"color": 0,
					"children": [
						0,
						1,
						2,
						3,
						4,
						5,
						6,
						{
							"name": "Ports",
							"origin": [8, 8, 8],
							"color": 0,
							"children": [
								{
									"name": "Charge",
									"origin": [12, 0, 15.5],
									"color": 0,
									"children": [7, 8]
								},
								{
									"name": "Power Button",
									"origin": [0.98125, 0.325, 9.65],
									"color": 0,
									"children": [9]
								},
								{
									"name": "USB-A_1",
									"origin": [12, 0, 14.5],
									"color": 0,
									"children": [10, 11]
								},
								{
									"name": "USB-A_2",
									"origin": [12, 0, 14.5],
									"color": 0,
									"children": [12, 13]
								},
								{
									"name": "USB-A_3",
									"origin": [12, 0, 14.5],
									"color": 0,
									"children": [14, 15]
								},
								{
									"name": "USB-C_1",
									"origin": [12, 0, 14.5],
									"color": 0,
									"children": [16, 17]
								}
							]
						}
					]
				},
				{
					"name": "Logo-Big",
					"origin": [12, 0.5, 12.5],
					"color": 0,
					"children": [
						{
							"name": "H",
							"origin": [10.9, 0.5, 12.5],
							"color": 0,
							"children": [18, 19, 20]
						},
						{
							"name": "Three",
							"origin": [12, -1.8, 12.5],
							"color": 0,
							"children": [21, 22, 23, 24, 25, 26]
						},
						{
							"name": "S",
							"origin": [0, 0, 0],
							"color": 0,
							"children": [27, 28, 29, 30, 31]
						}
					]
				},
				{
					"name": "Logo-Smoll",
					"origin": [0, 0, 0],
					"color": 0,
					"children": [32, 33, 34]
				}
			]
		},
		35
	]
}