{
	"credit": "Made with Blockbench",
	"parent": "minecraft:block/cube_all",
	"textures": {
		"0": "block/gray_concrete",
		"1": "block/weather_forecast_pole_3",
		"2": "block/white_concrete",
		"3": "block/light_blue_concrete",
		"4": "block/light_gray_concrete",
		"particle": "block/gray_concrete"
	},
	"elements": [
		{
			"name": "Radar Light",
			"from": [1, 2, 1],
			"to": [15, 4, 15],
			"rotation": {"angle": 0, "axis": "y", "origin": [0, 2, 0]},
			"faces": {
				"north": {"uv": [0, 0, 14, 2], "texture": "#1"},
				"east": {"uv": [0, 0, 14, 2], "texture": "#1"},
				"south": {"uv": [0, 0, 14, 2], "texture": "#1"},
				"west": {"uv": [0, 0, 14, 2], "texture": "#1"},
				"up": {"uv": [0, 0, 14, 14], "texture": "#0"},
				"down": {"uv": [0, 0, 14, 14], "texture": "#0"}
			}
		},
		{
			"name": "Radar Base",
			"from": [0, 0, 0],
			"to": [16, 2, 16],
			"faces": {
				"north": {"uv": [0, 0, 16, 2], "texture": "#0"},
				"east": {"uv": [0, 0, 16, 2], "texture": "#0"},
				"south": {"uv": [0, 0, 16, 2], "texture": "#0"},
				"west": {"uv": [0, 0, 16, 2], "texture": "#0"},
				"up": {"uv": [0, 0, 16, 16], "texture": "#0"},
				"down": {"uv": [0, 0, 16, 16], "texture": "#0"}
			}
		},
		{
			"name": "RadarLayer 1",
			"from": [0, 3, 0],
			"to": [16, 5, 16],
			"rotation": {"angle": 0, "axis": "y", "origin": [0, 3, 0]},
			"faces": {
				"north": {"uv": [0, 0, 16, 2], "texture": "#0"},
				"east": {"uv": [0, 0, 16, 2], "texture": "#0"},
				"south": {"uv": [0, 0, 16, 2], "texture": "#0"},
				"west": {"uv": [0, 0, 16, 2], "texture": "#0"},
				"up": {"uv": [0, 0, 16, 16], "texture": "#0"},
				"down": {"uv": [0, 0, 16, 16], "texture": "#0"}
			}
		},
		{
			"name": "Radar Ring 1",
			"from": [1.5, 5, 1.5],
			"to": [14.5, 6, 14.5],
			"rotation": {"angle": 0, "axis": "y", "origin": [0, 5, 0]},
			"faces": {
				"north": {"uv": [0, 0, 13, 1], "texture": "#0"},
				"east": {"uv": [0, 0, 13, 1], "texture": "#0"},
				"south": {"uv": [0, 0, 13, 1], "texture": "#0"},
				"west": {"uv": [0, 0, 13, 1], "texture": "#0"},
				"up": {"uv": [0, 0, 13, 13], "texture": "#0"},
				"down": {"uv": [0, 0, 13, 13], "texture": "#0"}
			}
		},
		{
			"name": "Radar Ring 2",
			"from": [1.5, 10, 1.5],
			"to": [14.5, 11, 14.5],
			"rotation": {"angle": 0, "axis": "y", "origin": [0, 10, 0]},
			"faces": {
				"north": {"uv": [0, 0, 13, 1], "texture": "#0"},
				"east": {"uv": [0, 0, 13, 1], "texture": "#0"},
				"south": {"uv": [0, 0, 13, 1], "texture": "#0"},
				"west": {"uv": [0, 0, 13, 1], "texture": "#0"},
				"up": {"uv": [0, 0, 13, 13], "texture": "#0"},
				"down": {"uv": [0, 0, 13, 13], "texture": "#0"}
			}
		},
		{
			"name": "Radar Power 1",
			"from": [2.5, 6, 2.5],
			"to": [13.5, 11.75, 13.5],
			"rotation": {"angle": 0, "axis": "y", "origin": [0, 6, 0]},
			"faces": {
				"north": {"uv": [0, 0, 11, 5.75], "texture": "#2"},
				"east": {"uv": [0, 0, 11, 5.75], "texture": "#2"},
				"south": {"uv": [0, 0, 11, 5.75], "texture": "#2"},
				"west": {"uv": [0, 0, 11, 5.75], "texture": "#2"},
				"up": {"uv": [0, 0, 11, 11], "texture": "#2"},
				"down": {"uv": [0, 0, 11, 11], "texture": "#2"}
			}
		},
		{
			"name": "Radar Projection",
			"from": [2.5, 12.25, 2.5],
			"to": [13.5, 12.8, 13.5],
			"rotation": {"angle": 0, "axis": "y", "origin": [0, 7.25, 0]},
			"faces": {
				"north": {"uv": [0, 0, 11, 0.55], "texture": "#3"},
				"east": {"uv": [0, 0, 11, 0.55], "texture": "#3"},
				"south": {"uv": [0, 0, 11, 0.55], "texture": "#3"},
				"west": {"uv": [0, 0, 11, 0.55], "texture": "#3"},
				"up": {"uv": [0, 0, 11, 11], "texture": "#3"},
				"down": {"uv": [0, 0, 11, 11], "texture": "#2"}
			}
		},
		{
			"name": "Radar PBase",
			"from": [0.75, 11.75, 0.75],
			"to": [15.25, 12.75, 15.25],
			"rotation": {"angle": 0, "axis": "y", "origin": [0, 6, 0]},
			"faces": {
				"north": {"uv": [0, 0, 14.5, 1], "texture": "#4"},
				"east": {"uv": [0, 0, 14.5, 1], "texture": "#4"},
				"south": {"uv": [0, 0, 14.5, 1], "texture": "#4"},
				"west": {"uv": [0, 0, 14.5, 1], "texture": "#4"},
				"up": {"uv": [0, 0, 14.5, 14.5], "texture": "#4"},
				"down": {"uv": [0, 0, 14.5, 14.5], "texture": "#4"}
			}
		},
		{
			"name": "Radar PBase C1",
			"from": [13.5, 12.5, 2.25],
			"to": [14.5, 13, 13.75],
			"rotation": {"angle": -22.5, "axis": "z", "origin": [14, 12.75, 8]},
			"faces": {
				"north": {"uv": [0, 0, 1, 0.5], "texture": "#4"},
				"east": {"uv": [0, 0, 11.5, 0.5], "texture": "#4"},
				"south": {"uv": [0, 0, 1, 0.5], "texture": "#4"},
				"west": {"uv": [0, 0, 11.5, 0.5], "texture": "#4"},
				"up": {"uv": [0, 0, 1, 11.5], "texture": "#4"},
				"down": {"uv": [0, 0, 1, 11.5], "texture": "#4"}
			}
		},
		{
			"name": "Radar PBase C2",
			"from": [1.75, 12.5, 2.25],
			"to": [2.75, 13, 13.75],
			"rotation": {"angle": 22.5, "axis": "z", "origin": [2.25, 12.75, 8]},
			"faces": {
				"north": {"uv": [0, 0, 1, 0.5], "texture": "#4"},
				"east": {"uv": [0, 0, 11.5, 0.5], "texture": "#4"},
				"south": {"uv": [0, 0, 1, 0.5], "texture": "#4"},
				"west": {"uv": [0, 0, 11.5, 0.5], "texture": "#4"},
				"up": {"uv": [0, 0, 1, 11.5], "texture": "#4"},
				"down": {"uv": [0, 0, 1, 11.5], "texture": "#4"}
			}
		},
		{
			"name": "Radar PBase C3",
			"from": [2.625, 12.49827, 1.57221],
			"to": [13.625, 12.99827, 2.57221],
			"rotation": {"angle": -22.5, "axis": "x", "origin": [8.125, 12.74827, 2.07221]},
			"faces": {
				"north": {"uv": [0, 0, 11, 0.5], "texture": "#4"},
				"east": {"uv": [0, 0, 1, 0.5], "texture": "#4"},
				"south": {"uv": [0, 0, 11, 0.5], "texture": "#4"},
				"west": {"uv": [0, 0, 1, 0.5], "texture": "#4"},
				"up": {"uv": [0, 0, 1, 11], "rotation": 90, "texture": "#4"},
				"down": {"uv": [0, 0, 1, 11], "rotation": 270, "texture": "#4"}
			}
		},
		{
			"name": "Radar PBase C4",
			"from": [2.625, 12.49827, 13.42779],
			"to": [13.625, 12.99827, 14.42779],
			"rotation": {"angle": 22.5, "axis": "x", "origin": [8.125, 12.74827, 13.92779]},
			"faces": {
				"north": {"uv": [0, 0, 11, 0.5], "texture": "#4"},
				"east": {"uv": [0, 0, 1, 0.5], "texture": "#4"},
				"south": {"uv": [0, 0, 11, 0.5], "texture": "#4"},
				"west": {"uv": [0, 0, 1, 0.5], "texture": "#4"},
				"up": {"uv": [0, 0, 1, 11], "rotation": 90, "texture": "#4"},
				"down": {"uv": [0, 0, 1, 11], "rotation": 270, "texture": "#4"}
			}
		},
		{
			"name": "H2",
			"from": [8.9125, 6.7, 2.425],
			"to": [9.6125, 9.5, 2.475],
			"rotation": {"angle": 0, "axis": "y", "origin": [8.00625, 7.675, 6.9875]},
			"faces": {
				"north": {"uv": [0, 0, 0.7, 2.8], "texture": "#0"},
				"east": {"uv": [0, 0, 0.05, 2.8], "texture": "#3"},
				"south": {"uv": [0, 0, 0.7, 2.8], "texture": "#0"},
				"west": {"uv": [0, 0, 0.05, 2.8], "texture": "#3"},
				"up": {"uv": [0, 0, 0.7, 0.05], "rotation": 180, "texture": "#3"},
				"down": {"uv": [0, 0, 0.7, 0.05], "rotation": 180, "texture": "#3"}
			}
		},
		{
			"name": "Dash",
			"from": [9.7125, 7.8, 2.425],
			"to": [10.4125, 8.4, 2.475],
			"rotation": {"angle": 0, "axis": "y", "origin": [8.00625, 7.675, 6.9875]},
			"faces": {
				"north": {"uv": [0, 0, 0.7, 0.6], "texture": "#0"},
				"east": {"uv": [0, 0, 0.05, 0.6], "texture": "#3"},
				"south": {"uv": [0, 0, 0.7, 0.6], "texture": "#0"},
				"west": {"uv": [0, 0, 0.05, 0.6], "texture": "#3"},
				"up": {"uv": [0, 0, 0.7, 0.05], "rotation": 180, "texture": "#3"},
				"down": {"uv": [0, 0, 0.7, 0.05], "rotation": 180, "texture": "#3"}
			}
		},
		{
			"name": "H1",
			"from": [10.5125, 6.7, 2.425],
			"to": [11.2125, 9.5, 2.475],
			"rotation": {"angle": 0, "axis": "y", "origin": [8.00625, 7.675, 6.9875]},
			"faces": {
				"north": {"uv": [0, 0, 0.7, 2.8], "texture": "#0"},
				"east": {"uv": [0, 0, 0.05, 2.8], "texture": "#3"},
				"south": {"uv": [0, 0, 0.7, 2.8], "texture": "#0"},
				"west": {"uv": [0, 0, 0.05, 2.8], "texture": "#3"},
				"up": {"uv": [0, 0, 0.7, 0.05], "rotation": 180, "texture": "#3"},
				"down": {"uv": [0, 0, 0.7, 0.05], "rotation": 180, "texture": "#3"}
			}
		},
		{
			"name": "Three2",
			"from": [7.7125, 7.5, 2.425],
			"to": [8.2125, 7.8, 2.475],
			"rotation": {"angle": 0, "axis": "y", "origin": [8.00625, 7.675, 6.9875]},
			"faces": {
				"north": {"uv": [0, 0, 0.5, 0.3], "texture": "#0"},
				"east": {"uv": [0, 0, 0.05, 0.3], "texture": "#3"},
				"south": {"uv": [0, 0, 0.5, 0.3], "texture": "#0"},
				"west": {"uv": [0, 0, 0.05, 0.3], "texture": "#3"},
				"up": {"uv": [0, 0, 0.5, 0.05], "rotation": 180, "texture": "#3"},
				"down": {"uv": [0, 0, 0.5, 0.05], "rotation": 180, "texture": "#3"}
			}
		},
		{
			"name": "Three1",
			"from": [7.7125, 8.1, 2.425],
			"to": [8.8125, 8.6, 2.475],
			"rotation": {"angle": 0, "axis": "y", "origin": [8.00625, 7.675, 6.9875]},
			"faces": {
				"north": {"uv": [0, 0, 1.1, 0.5], "texture": "#0"},
				"east": {"uv": [0, 0, 0.05, 0.5], "texture": "#3"},
				"south": {"uv": [0, 0, 1.1, 0.5], "texture": "#0"},
				"west": {"uv": [0, 0, 0.05, 0.5], "texture": "#3"},
				"up": {"uv": [0, 0, 1.1, 0.05], "rotation": 180, "texture": "#3"},
				"down": {"uv": [0, 0, 1.1, 0.05], "rotation": 180, "texture": "#3"}
			}
		},
		{
			"name": "Three1_Curve",
			"from": [8.3125, 8, 2.425],
			"to": [8.8125, 8.1, 2.475],
			"rotation": {"angle": 0, "axis": "y", "origin": [8.00625, 7.675, 6.9875]},
			"faces": {
				"north": {"uv": [0, 0, 0.5, 0.1], "texture": "#0"},
				"east": {"uv": [0, 0, 0.05, 0.1], "texture": "#3"},
				"south": {"uv": [0, 0, 0.5, 0.1], "texture": "#0"},
				"west": {"uv": [0, 0, 0.05, 0.1], "texture": "#3"},
				"up": {"uv": [0, 0, 0.5, 0.05], "rotation": 180, "texture": "#3"},
				"down": {"uv": [0, 0, 0.5, 0.05], "rotation": 180, "texture": "#3"}
			}
		},
		{
			"name": "Three3_Curve",
			"from": [8.3125, 7.2, 2.425],
			"to": [8.8125, 7.3, 2.475],
			"rotation": {"angle": 0, "axis": "y", "origin": [8.00625, 7.675, 6.9875]},
			"faces": {
				"north": {"uv": [0, 0, 0.5, 0.1], "texture": "#0"},
				"east": {"uv": [0, 0, 0.05, 0.1], "texture": "#3"},
				"south": {"uv": [0, 0, 0.5, 0.1], "texture": "#0"},
				"west": {"uv": [0, 0, 0.05, 0.1], "texture": "#3"},
				"up": {"uv": [0, 0, 0.5, 0.05], "rotation": 180, "texture": "#3"},
				"down": {"uv": [0, 0, 0.5, 0.05], "rotation": 180, "texture": "#3"}
			}
		},
		{
			"name": "ThreeDash",
			"from": [7.1125, 6.7, 2.425],
			"to": [7.6125, 8.6, 2.475],
			"rotation": {"angle": 0, "axis": "y", "origin": [8.00625, 7.675, 6.9875]},
			"faces": {
				"north": {"uv": [0, 0, 0.5, 1.9], "texture": "#0"},
				"east": {"uv": [0, 0, 0.05, 1.9], "texture": "#3"},
				"south": {"uv": [0, 0, 0.5, 1.9], "texture": "#0"},
				"west": {"uv": [0, 0, 0.05, 1.9], "texture": "#3"},
				"up": {"uv": [0, 0, 0.5, 0.05], "rotation": 180, "texture": "#3"},
				"down": {"uv": [0, 0, 0.5, 0.05], "rotation": 180, "texture": "#3"}
			}
		},
		{
			"name": "Three2",
			"from": [7.7125, 6.7, 2.425],
			"to": [8.8125, 7.2, 2.475],
			"rotation": {"angle": 0, "axis": "y", "origin": [8.00625, 7.675, 6.9875]},
			"faces": {
				"north": {"uv": [0, 0, 1.1, 0.5], "texture": "#0"},
				"east": {"uv": [0, 0, 0.05, 0.5], "texture": "#3"},
				"south": {"uv": [0, 0, 1.1, 0.5], "texture": "#0"},
				"west": {"uv": [0, 0, 0.05, 0.5], "texture": "#3"},
				"up": {"uv": [0, 0, 1.1, 0.05], "rotation": 180, "texture": "#3"},
				"down": {"uv": [0, 0, 1.1, 0.05], "rotation": 180, "texture": "#3"}
			}
		},
		{
			"name": "S_Bottom",
			"from": [4.7125, 6.7, 2.425],
			"to": [7.0125, 7.3, 2.475],
			"rotation": {"angle": 0, "axis": "y", "origin": [8.00625, 7.675, 6.9875]},
			"faces": {
				"north": {"uv": [0, 0, 2.3, 0.6], "texture": "#0"},
				"east": {"uv": [0, 0, 0.05, 0.6], "texture": "#3"},
				"south": {"uv": [0, 0, 2.3, 0.6], "texture": "#0"},
				"west": {"uv": [0, 0, 0.05, 0.6], "texture": "#3"},
				"up": {"uv": [0, 0, 2.3, 0.05], "rotation": 180, "texture": "#3"},
				"down": {"uv": [0, 0, 2.3, 0.05], "rotation": 180, "texture": "#3"}
			}
		},
		{
			"name": "S_Top",
			"from": [4.7125, 8.9, 2.425],
			"to": [7.0125, 9.5, 2.475],
			"rotation": {"angle": 0, "axis": "y", "origin": [8.00625, 6.675, 6.9875]},
			"faces": {
				"north": {"uv": [0, 0, 2.3, 0.6], "texture": "#0"},
				"east": {"uv": [0, 0, 0.05, 0.6], "texture": "#3"},
				"south": {"uv": [0, 0, 2.3, 0.6], "texture": "#0"},
				"west": {"uv": [0, 0, 0.05, 0.6], "texture": "#3"},
				"up": {"uv": [0, 0, 2.3, 0.05], "rotation": 180, "texture": "#3"},
				"down": {"uv": [0, 0, 2.3, 0.05], "rotation": 180, "texture": "#3"}
			}
		},
		{
			"name": "S_Middle",
			"from": [4.7125, 7.8, 2.425],
			"to": [7.0125, 8.4, 2.475],
			"rotation": {"angle": 0, "axis": "y", "origin": [8.00625, 7.675, 6.9875]},
			"faces": {
				"north": {"uv": [0, 0, 2.3, 0.6], "texture": "#0"},
				"east": {"uv": [0, 0, 0.05, 0.6], "texture": "#3"},
				"south": {"uv": [0, 0, 2.3, 0.6], "texture": "#0"},
				"west": {"uv": [0, 0, 0.05, 0.6], "texture": "#3"},
				"up": {"uv": [0, 0, 2.3, 0.05], "rotation": 180, "texture": "#3"},
				"down": {"uv": [0, 0, 2.3, 0.05], "rotation": 180, "texture": "#3"}
			}
		},
		{
			"name": "S_Dec1",
			"from": [6.2125, 8.5, 2.425],
			"to": [7.0125, 8.8, 2.475],
			"rotation": {"angle": 0, "axis": "y", "origin": [8.00625, 7.675, 6.9875]},
			"faces": {
				"north": {"uv": [0, 0, 0.8, 0.3], "texture": "#0"},
				"east": {"uv": [0, 0, 0.05, 0.3], "texture": "#3"},
				"south": {"uv": [0, 0, 0.8, 0.3], "texture": "#0"},
				"west": {"uv": [0, 0, 0.05, 0.3], "texture": "#3"},
				"up": {"uv": [0, 0, 0.8, 0.05], "rotation": 180, "texture": "#3"},
				"down": {"uv": [0, 0, 0.8, 0.05], "rotation": 180, "texture": "#3"}
			}
		},
		{
			"name": "S_Dec2",
			"from": [4.7125, 7.4, 2.425],
			"to": [5.5125, 7.7, 2.475],
			"rotation": {"angle": 0, "axis": "y", "origin": [8.00625, 7.675, 6.9875]},
			"faces": {
				"north": {"uv": [0, 0, 0.8, 0.3], "texture": "#0"},
				"east": {"uv": [0, 0, 0.05, 0.3], "texture": "#3"},
				"south": {"uv": [0, 0, 0.8, 0.3], "texture": "#0"},
				"west": {"uv": [0, 0, 0.05, 0.3], "texture": "#3"},
				"up": {"uv": [0, 0, 0.8, 0.05], "rotation": 180, "texture": "#3"},
				"down": {"uv": [0, 0, 0.8, 0.05], "rotation": 180, "texture": "#3"}
			}
		},
		{
			"name": "H3",
			"from": [6.4, 6.7, 13.5],
			"to": [7.1, 9.5, 13.55],
			"rotation": {"angle": 0, "axis": "y", "origin": [8.025, 8.075, 13.525]},
			"faces": {
				"north": {"uv": [0, 0, 0.7, 2.8], "texture": "#0"},
				"east": {"uv": [0, 0, 0.05, 2.8], "texture": "#3"},
				"south": {"uv": [0, 0, 0.7, 2.8], "texture": "#0"},
				"west": {"uv": [0, 0, 0.05, 2.8], "texture": "#3"},
				"up": {"uv": [0, 0, 0.7, 0.05], "texture": "#3"},
				"down": {"uv": [0, 0, 0.7, 0.05], "texture": "#3"}
			}
		},
		{
			"name": "Dash",
			"from": [5.6, 7.8, 13.5],
			"to": [6.3, 8.4, 13.55],
			"rotation": {"angle": 0, "axis": "y", "origin": [8.025, 8.075, 13.525]},
			"faces": {
				"north": {"uv": [0, 0, 0.7, 0.6], "texture": "#0"},
				"east": {"uv": [0, 0, 0.05, 0.6], "texture": "#3"},
				"south": {"uv": [0, 0, 0.7, 0.6], "texture": "#0"},
				"west": {"uv": [0, 0, 0.05, 0.6], "texture": "#3"},
				"up": {"uv": [0, 0, 0.7, 0.05], "texture": "#3"},
				"down": {"uv": [0, 0, 0.7, 0.05], "texture": "#3"}
			}
		},
		{
			"name": "H2",
			"from": [4.8, 6.7, 13.5],
			"to": [5.5, 9.5, 13.55],
			"rotation": {"angle": 0, "axis": "y", "origin": [8.025, 8.075, 13.525]},
			"faces": {
				"north": {"uv": [0, 0, 0.7, 2.8], "texture": "#0"},
				"east": {"uv": [0, 0, 0.05, 2.8], "texture": "#3"},
				"south": {"uv": [0, 0, 0.7, 2.8], "texture": "#0"},
				"west": {"uv": [0, 0, 0.05, 2.8], "texture": "#3"},
				"up": {"uv": [0, 0, 0.7, 0.05], "texture": "#3"},
				"down": {"uv": [0, 0, 0.7, 0.05], "texture": "#3"}
			}
		},
		{
			"name": "Three3",
			"from": [7.8, 7.5, 13.5],
			"to": [8.3, 7.8, 13.55],
			"rotation": {"angle": 0, "axis": "y", "origin": [8.025, 8.075, 13.525]},
			"faces": {
				"north": {"uv": [0, 0, 0.5, 0.3], "texture": "#0"},
				"east": {"uv": [0, 0, 0.05, 0.3], "texture": "#3"},
				"south": {"uv": [0, 0, 0.5, 0.3], "texture": "#0"},
				"west": {"uv": [0, 0, 0.05, 0.3], "texture": "#3"},
				"up": {"uv": [0, 0, 0.5, 0.05], "texture": "#3"},
				"down": {"uv": [0, 0, 0.5, 0.05], "texture": "#3"}
			}
		},
		{
			"name": "Three2",
			"from": [7.2, 8.1, 13.5],
			"to": [8.3, 8.6, 13.55],
			"rotation": {"angle": 0, "axis": "y", "origin": [8.025, 8.075, 13.525]},
			"faces": {
				"north": {"uv": [0, 0, 1.1, 0.5], "texture": "#0"},
				"east": {"uv": [0, 0, 0.05, 0.5], "texture": "#3"},
				"south": {"uv": [0, 0, 1.1, 0.5], "texture": "#0"},
				"west": {"uv": [0, 0, 0.05, 0.5], "texture": "#3"},
				"up": {"uv": [0, 0, 1.1, 0.05], "texture": "#3"},
				"down": {"uv": [0, 0, 1.1, 0.05], "texture": "#3"}
			}
		},
		{
			"name": "Three1_Curve",
			"from": [7.2, 8, 13.5],
			"to": [7.7, 8.1, 13.55],
			"rotation": {"angle": 0, "axis": "y", "origin": [8.025, 8.075, 13.525]},
			"faces": {
				"north": {"uv": [0, 0, 0.5, 0.1], "texture": "#0"},
				"east": {"uv": [0, 0, 0.05, 0.1], "texture": "#3"},
				"south": {"uv": [0, 0, 0.5, 0.1], "texture": "#0"},
				"west": {"uv": [0, 0, 0.05, 0.1], "texture": "#3"},
				"up": {"uv": [0, 0, 0.5, 0.05], "texture": "#3"},
				"down": {"uv": [0, 0, 0.5, 0.05], "texture": "#3"}
			}
		},
		{
			"name": "Three3_Curve",
			"from": [7.2, 7.2, 13.5],
			"to": [7.7, 7.3, 13.55],
			"rotation": {"angle": 0, "axis": "y", "origin": [8.025, 8.075, 13.525]},
			"faces": {
				"north": {"uv": [0, 0, 0.5, 0.1], "texture": "#0"},
				"east": {"uv": [0, 0, 0.05, 0.1], "texture": "#3"},
				"south": {"uv": [0, 0, 0.5, 0.1], "texture": "#0"},
				"west": {"uv": [0, 0, 0.05, 0.1], "texture": "#3"},
				"up": {"uv": [0, 0, 0.5, 0.05], "texture": "#3"},
				"down": {"uv": [0, 0, 0.5, 0.05], "texture": "#3"}
			}
		},
		{
			"name": "ThreeDash",
			"from": [8.4, 6.7, 13.5],
			"to": [8.9, 8.6, 13.55],
			"rotation": {"angle": 0, "axis": "y", "origin": [8.025, 8.075, 13.525]},
			"faces": {
				"north": {"uv": [0, 0, 0.5, 1.9], "texture": "#0"},
				"east": {"uv": [0, 0, 0.05, 1.9], "texture": "#3"},
				"south": {"uv": [0, 0, 0.5, 1.9], "texture": "#0"},
				"west": {"uv": [0, 0, 0.05, 1.9], "texture": "#3"},
				"up": {"uv": [0, 0, 0.5, 0.05], "texture": "#3"},
				"down": {"uv": [0, 0, 0.5, 0.05], "texture": "#3"}
			}
		},
		{
			"name": "Three3",
			"from": [7.2, 6.7, 13.5],
			"to": [8.3, 7.2, 13.55],
			"rotation": {"angle": 0, "axis": "y", "origin": [8.025, 8.075, 13.525]},
			"faces": {
				"north": {"uv": [0, 0, 1.1, 0.5], "texture": "#0"},
				"east": {"uv": [0, 0, 0.05, 0.5], "texture": "#3"},
				"south": {"uv": [0, 0, 1.1, 0.5], "texture": "#0"},
				"west": {"uv": [0, 0, 0.05, 0.5], "texture": "#3"},
				"up": {"uv": [0, 0, 1.1, 0.05], "texture": "#3"},
				"down": {"uv": [0, 0, 1.1, 0.05], "texture": "#3"}
			}
		},
		{
			"name": "S_Bottom",
			"from": [9, 6.7, 13.5],
			"to": [11.3, 7.3, 13.55],
			"rotation": {"angle": 0, "axis": "y", "origin": [8.025, 8.075, 13.525]},
			"faces": {
				"north": {"uv": [0, 0, 2.3, 0.6], "texture": "#0"},
				"east": {"uv": [0, 0, 0.05, 0.6], "texture": "#3"},
				"south": {"uv": [0, 0, 2.3, 0.6], "texture": "#0"},
				"west": {"uv": [0, 0, 0.05, 0.6], "texture": "#3"},
				"up": {"uv": [0, 0, 2.3, 0.05], "texture": "#3"},
				"down": {"uv": [0, 0, 2.3, 0.05], "texture": "#3"}
			}
		},
		{
			"name": "S_Top",
			"from": [9, 8.9, 13.5],
			"to": [11.3, 9.5, 13.55],
			"rotation": {"angle": 0, "axis": "y", "origin": [8.025, 8.075, 13.525]},
			"faces": {
				"north": {"uv": [0, 0, 2.3, 0.6], "texture": "#0"},
				"east": {"uv": [0, 0, 0.05, 0.6], "texture": "#3"},
				"south": {"uv": [0, 0, 2.3, 0.6], "texture": "#0"},
				"west": {"uv": [0, 0, 0.05, 0.6], "texture": "#3"},
				"up": {"uv": [0, 0, 2.3, 0.05], "texture": "#3"},
				"down": {"uv": [0, 0, 2.3, 0.05], "texture": "#3"}
			}
		},
		{
			"name": "S_Middle",
			"from": [9, 7.8, 13.5],
			"to": [11.3, 8.4, 13.55],
			"rotation": {"angle": 0, "axis": "y", "origin": [8.025, 8.075, 13.525]},
			"faces": {
				"north": {"uv": [0, 0, 2.3, 0.6], "texture": "#0"},
				"east": {"uv": [0, 0, 0.05, 0.6], "texture": "#3"},
				"south": {"uv": [0, 0, 2.3, 0.6], "texture": "#0"},
				"west": {"uv": [0, 0, 0.05, 0.6], "texture": "#3"},
				"up": {"uv": [0, 0, 2.3, 0.05], "texture": "#3"},
				"down": {"uv": [0, 0, 2.3, 0.05], "texture": "#3"}
			}
		},
		{
			"name": "S_Dec2",
			"from": [9, 8.5, 13.5],
			"to": [9.8, 8.8, 13.55],
			"rotation": {"angle": 0, "axis": "y", "origin": [8.025, 8.075, 13.525]},
			"faces": {
				"north": {"uv": [0, 0, 0.8, 0.3], "texture": "#0"},
				"east": {"uv": [0, 0, 0.05, 0.3], "texture": "#3"},
				"south": {"uv": [0, 0, 0.8, 0.3], "texture": "#0"},
				"west": {"uv": [0, 0, 0.05, 0.3], "texture": "#3"},
				"up": {"uv": [0, 0, 0.8, 0.05], "texture": "#3"},
				"down": {"uv": [0, 0, 0.8, 0.05], "texture": "#3"}
			}
		},
		{
			"name": "S_Dec3",
			"from": [10.5, 7.4, 13.5],
			"to": [11.3, 7.7, 13.55],
			"rotation": {"angle": 0, "axis": "y", "origin": [8.025, 8.075, 13.525]},
			"faces": {
				"north": {"uv": [0, 0, 0.8, 0.3], "texture": "#0"},
				"east": {"uv": [0, 0, 0.05, 0.3], "texture": "#3"},
				"south": {"uv": [0, 0, 0.8, 0.3], "texture": "#0"},
				"west": {"uv": [0, 0, 0.05, 0.3], "texture": "#3"},
				"up": {"uv": [0, 0, 0.8, 0.05], "texture": "#3"},
				"down": {"uv": [0, 0, 0.8, 0.05], "texture": "#3"}
			}
		}
	],
	"display": {
		"thirdperson_righthand": {
			"rotation": [0, -90, 0],
			"scale": [0.3, 0.3, 0.3]
		},
		"thirdperson_lefthand": {
			"rotation": [0, 90, 0],
			"scale": [0.3, 0.3, 0.3]
		},
		"firstperson_righthand": {
			"rotation": [0, -90, 0],
			"scale": [0.5, 0.5, 0.5]
		},
		"firstperson_lefthand": {
			"rotation": [0, 90, 0],
			"scale": [0.5, 0.5, 0.5]
		},
		"ground": {
			"translation": [0, 2.5, 0],
			"scale": [0.5, 0.5, 0.5]
		},
		"gui": {
			"rotation": [30, 45, 0],
			"scale": [0.5, 0.5, 0.5]
		},
		"head": {
			"translation": [0, 14, 0]
		}
	},
	"groups": [
		{
			"name": "Radar Base",
			"origin": [0, 6, 0],
			"color": 0,
			"children": [0, 1, 2, 3, 4, 5]
		},
		{
			"name": "Radar Hologram",
			"origin": [8.125, 12.74827, 13.92779],
			"color": 0,
			"children": [
				6,
				7,
				{
					"name": "Slope Seg",
					"origin": [8.125, 12.74827, 13.92779],
					"color": 0,
					"children": [8, 9, 10, 11]
				}
			]
		},
		{
			"name": "Logo-Big N",
			"origin": [12, 0.5, 12.5],
			"color": 0,
			"children": [
				{
					"name": "H",
					"origin": [10.9, 0.5, 12.5],
					"color": 0,
					"children": [12, 13, 14]
				},
				{
					"name": "Three",
					"origin": [12, -1.8, 12.5],
					"color": 0,
					"children": [15, 16, 17, 18, 19, 20]
				},
				{
					"name": "S",
					"origin": [0, 0, 0],
					"color": 0,
					"children": [21, 22, 23, 24, 25]
				}
			]
		},
		{
			"name": "Logo-Big S",
			"origin": [12, 0.5, 12.5],
			"color": 0,
			"children": [
				{
					"name": "H",
					"origin": [10.9, 0.5, 12.5],
					"color": 0,
					"children": [26, 27, 28]
				},
				{
					"name": "Three",
					"origin": [12, -1.8, 12.5],
					"color": 0,
					"children": [29, 30, 31, 32, 33, 34]
				},
				{
					"name": "S",
					"origin": [0, 0, 0],
					"color": 0,
					"children": [35, 36, 37, 38, 39]
				}
			]
		}
	]
}