{
	"credit": "Made with Blockbench",
	"textures": {
		"1": "block/anvil",
		"2": "block/white_concrete",
		"3": "block/siren_light",
		"particle": "block/white_concrete"
	},
	"elements": [
		{
			"from": [6, 17, 6],
			"to": [10, 18.25, 10],
			"faces": {
				"north": {"uv": [4, 10, 8, 11], "texture": "#2"},
				"east": {"uv": [0, 10, 4, 11], "texture": "#2"},
				"south": {"uv": [4, 11, 8, 12], "texture": "#2"},
				"west": {"uv": [0, 11, 4, 12], "texture": "#2"},
				"up": {"uv": [0, 12, 4, 16], "texture": "#2"},
				"down": {"uv": [4, 12, 8, 16], "texture": "#2"}
			}
		},
		{
			"from": [9.74351, 16.42855, 6],
			"to": [12.24351, 17.67855, 10],
			"rotation": {"angle": -22.5, "axis": "z", "origin": [11.14351, 17.15355, 8]},
			"faces": {
				"north": {"uv": [6, 8, 12, 9], "texture": "#2"},
				"east": {"uv": [0, 8, 6, 9], "texture": "#2"},
				"south": {"uv": [6, 9, 12, 10], "texture": "#2"},
				"west": {"uv": [0, 9, 6, 10], "texture": "#2"},
				"up": {"uv": [0, 10, 6, 16], "texture": "#2"},
				"down": {"uv": [6, 10, 12, 16], "texture": "#2"}
			}
		},
		{
			"from": [9.46967, 17, 4.46967],
			"to": [11.46967, 17.75, 6.46967],
			"rotation": {"angle": -45, "axis": "y", "origin": [10.46967, 17.375, 5.46967]},
			"faces": {
				"north": {"uv": [4, 11, 8, 12], "texture": "#2"},
				"east": {"uv": [0, 11, 4, 12], "texture": "#2"},
				"south": {"uv": [4, 10, 8, 11], "texture": "#2"},
				"west": {"uv": [0, 10, 4, 11], "texture": "#2"},
				"up": {"uv": [0, 12, 4, 16], "rotation": 180, "texture": "#2"},
				"down": {"uv": [4, 12, 8, 16], "rotation": 180, "texture": "#2"}
			}
		},
		{
			"from": [6, 16.5, 3.75],
			"to": [10, 17.75, 6.25],
			"rotation": {"angle": -22.5, "axis": "x", "origin": [8, 17.125, 5]},
			"faces": {
				"north": {"uv": [0, 9, 6, 10], "texture": "#2"},
				"east": {"uv": [6, 8, 12, 9], "texture": "#2"},
				"south": {"uv": [0, 8, 6, 9], "texture": "#2"},
				"west": {"uv": [6, 9, 12, 10], "texture": "#2"},
				"up": {"uv": [0, 10, 6, 16], "rotation": 90, "texture": "#2"},
				"down": {"uv": [6, 10, 12, 16], "rotation": 270, "texture": "#2"}
			}
		},
		{
			"from": [4.46967, 17, 4.46967],
			"to": [6.46967, 17.75, 6.46967],
			"rotation": {"angle": -45, "axis": "y", "origin": [5.46967, 17.375, 5.46967]},
			"faces": {
				"north": {"uv": [0, 11, 4, 12], "texture": "#2"},
				"east": {"uv": [4, 10, 8, 11], "texture": "#2"},
				"south": {"uv": [0, 10, 4, 11], "texture": "#2"},
				"west": {"uv": [4, 11, 8, 12], "texture": "#2"},
				"up": {"uv": [0, 12, 4, 16], "rotation": 90, "texture": "#2"},
				"down": {"uv": [4, 12, 8, 16], "rotation": 270, "texture": "#2"}
			}
		},
		{
			"from": [3.65, 16.5, 6],
			"to": [6.15, 17.75, 10],
			"rotation": {"angle": 22.5, "axis": "z", "origin": [5, 17.5, 8]},
			"faces": {
				"north": {"uv": [6, 8, 12, 9], "texture": "#2"},
				"east": {"uv": [0, 8, 6, 9], "texture": "#2"},
				"south": {"uv": [6, 9, 12, 10], "texture": "#2"},
				"west": {"uv": [0, 9, 6, 10], "texture": "#2"},
				"up": {"uv": [0, 10, 6, 16], "texture": "#2"},
				"down": {"uv": [6, 10, 12, 16], "texture": "#2"}
			}
		},
		{
			"from": [4.46967, 17, 9.46967],
			"to": [6.46967, 17.75, 11.46967],
			"rotation": {"angle": 45, "axis": "y", "origin": [5.46967, 17.375, 10.46967]},
			"faces": {
				"north": {"uv": [0, 11, 4, 12], "texture": "#2"},
				"east": {"uv": [4, 10, 8, 11], "texture": "#2"},
				"south": {"uv": [0, 10, 4, 11], "texture": "#2"},
				"west": {"uv": [4, 11, 8, 12], "texture": "#2"},
				"up": {"uv": [0, 12, 4, 16], "rotation": 90, "texture": "#2"},
				"down": {"uv": [4, 12, 8, 16], "rotation": 270, "texture": "#2"}
			}
		},
		{
			"from": [6, 16.5, 9.75],
			"to": [10, 17.75, 12.25],
			"rotation": {"angle": 22.5, "axis": "x", "origin": [8, 17.125, 11]},
			"faces": {
				"north": {"uv": [0, 9, 6, 10], "texture": "#2"},
				"east": {"uv": [6, 8, 12, 9], "texture": "#2"},
				"south": {"uv": [0, 8, 6, 9], "texture": "#2"},
				"west": {"uv": [6, 9, 12, 10], "texture": "#2"},
				"up": {"uv": [0, 10, 6, 16], "rotation": 90, "texture": "#2"},
				"down": {"uv": [6, 10, 12, 16], "rotation": 270, "texture": "#2"}
			}
		},
		{
			"from": [9.46967, 17, 9.46967],
			"to": [11.46967, 17.75, 11.46967],
			"rotation": {"angle": 45, "axis": "y", "origin": [10.46967, 17.375, 10.46967]},
			"faces": {
				"north": {"uv": [4, 10, 8, 11], "texture": "#2"},
				"east": {"uv": [0, 10, 4, 11], "texture": "#2"},
				"south": {"uv": [4, 11, 8, 12], "texture": "#2"},
				"west": {"uv": [0, 11, 4, 12], "texture": "#2"},
				"up": {"uv": [0, 12, 4, 16], "texture": "#2"},
				"down": {"uv": [4, 12, 8, 16], "texture": "#2"}
			}
		},
		{
			"from": [6, 15, 6],
			"to": [10, 16, 10],
			"rotation": {"angle": 0, "axis": "z", "origin": [8, 15.5, 8]},
			"faces": {
				"north": {"uv": [4, 10, 8, 11], "texture": "#2"},
				"east": {"uv": [0, 10, 4, 11], "texture": "#2"},
				"south": {"uv": [4, 11, 8, 12], "texture": "#2"},
				"west": {"uv": [0, 11, 4, 12], "texture": "#2"},
				"up": {"uv": [0, 12, 4, 16], "texture": "#2"},
				"down": {"uv": [4, 12, 8, 16], "texture": "#2"}
			}
		},
		{
			"from": [9.99351, 14.67855, 6],
			"to": [12.49351, 15.92855, 10],
			"rotation": {"angle": 22.5, "axis": "z", "origin": [11.14351, 15.15355, 8]},
			"faces": {
				"north": {"uv": [6, 8, 12, 9], "texture": "#2"},
				"east": {"uv": [0, 8, 6, 9], "texture": "#2"},
				"south": {"uv": [6, 9, 12, 10], "texture": "#2"},
				"west": {"uv": [0, 9, 6, 10], "texture": "#2"},
				"up": {"uv": [0, 10, 6, 16], "texture": "#2"},
				"down": {"uv": [6, 10, 12, 16], "texture": "#2"}
			}
		},
		{
			"from": [9.46967, 15.25, 4.46967],
			"to": [11.46967, 16, 6.46967],
			"rotation": {"angle": -45, "axis": "y", "origin": [10.46967, 15.625, 5.46967]},
			"faces": {
				"north": {"uv": [4, 11, 8, 12], "texture": "#2"},
				"east": {"uv": [0, 11, 4, 12], "texture": "#2"},
				"south": {"uv": [4, 10, 8, 11], "texture": "#2"},
				"west": {"uv": [0, 10, 4, 11], "texture": "#2"},
				"up": {"uv": [0, 12, 4, 16], "rotation": 180, "texture": "#2"},
				"down": {"uv": [4, 12, 8, 16], "rotation": 180, "texture": "#2"}
			}
		},
		{
			"from": [6, 14.75, 3.5],
			"to": [10, 16, 6],
			"rotation": {"angle": 22.5, "axis": "x", "origin": [8, 15.125, 5]},
			"faces": {
				"north": {"uv": [0, 8, 6, 9], "rotation": 180, "texture": "#2"},
				"east": {"uv": [6, 8, 12, 9], "rotation": 180, "texture": "#2"},
				"south": {"uv": [0, 9, 6, 10], "rotation": 180, "texture": "#2"},
				"west": {"uv": [6, 9, 12, 10], "rotation": 180, "texture": "#2"},
				"up": {"uv": [6, 10, 12, 16], "rotation": 270, "texture": "#2"},
				"down": {"uv": [0, 10, 6, 16], "rotation": 90, "texture": "#2"}
			}
		},
		{
			"from": [4.46967, 15.25, 4.46967],
			"to": [6.46967, 16, 6.46967],
			"rotation": {"angle": -45, "axis": "y", "origin": [5.46967, 15.625, 5.46967]},
			"faces": {
				"north": {"uv": [0, 11, 4, 12], "texture": "#2"},
				"east": {"uv": [4, 10, 8, 11], "texture": "#2"},
				"south": {"uv": [0, 10, 4, 11], "texture": "#2"},
				"west": {"uv": [4, 11, 8, 12], "texture": "#2"},
				"up": {"uv": [0, 12, 4, 16], "rotation": 90, "texture": "#2"},
				"down": {"uv": [4, 12, 8, 16], "rotation": 270, "texture": "#2"}
			}
		},
		{
			"from": [3.65, 14.75, 6],
			"to": [6.15, 16, 10],
			"rotation": {"angle": -22.5, "axis": "z", "origin": [5, 15.5, 8]},
			"faces": {
				"north": {"uv": [6, 8, 12, 9], "texture": "#2"},
				"east": {"uv": [0, 8, 6, 9], "texture": "#2"},
				"south": {"uv": [6, 9, 12, 10], "texture": "#2"},
				"west": {"uv": [0, 9, 6, 10], "texture": "#2"},
				"up": {"uv": [0, 10, 6, 16], "texture": "#2"},
				"down": {"uv": [6, 10, 12, 16], "texture": "#2"}
			}
		},
		{
			"from": [4.46967, 15.25, 9.46967],
			"to": [6.46967, 16, 11.46967],
			"rotation": {"angle": 45, "axis": "y", "origin": [5.46967, 15.625, 10.46967]},
			"faces": {
				"north": {"uv": [0, 11, 4, 12], "texture": "#2"},
				"east": {"uv": [4, 10, 8, 11], "texture": "#2"},
				"south": {"uv": [0, 10, 4, 11], "texture": "#2"},
				"west": {"uv": [4, 11, 8, 12], "texture": "#2"},
				"up": {"uv": [0, 12, 4, 16], "rotation": 90, "texture": "#2"},
				"down": {"uv": [4, 12, 8, 16], "rotation": 270, "texture": "#2"}
			}
		},
		{
			"from": [6, 14.75, 10],
			"to": [10, 16, 12.5],
			"rotation": {"angle": -22.5, "axis": "x", "origin": [8, 15.125, 11]},
			"faces": {
				"north": {"uv": [0, 9, 6, 10], "texture": "#2"},
				"east": {"uv": [6, 8, 12, 9], "texture": "#2"},
				"south": {"uv": [0, 8, 6, 9], "texture": "#2"},
				"west": {"uv": [6, 9, 12, 10], "texture": "#2"},
				"up": {"uv": [0, 10, 6, 16], "rotation": 90, "texture": "#2"},
				"down": {"uv": [6, 10, 12, 16], "rotation": 270, "texture": "#2"}
			}
		},
		{
			"from": [9.46967, 15.25, 9.46967],
			"to": [11.46967, 16, 11.46967],
			"rotation": {"angle": 45, "axis": "y", "origin": [10.46967, 15.625, 10.46967]},
			"faces": {
				"north": {"uv": [4, 10, 8, 11], "texture": "#2"},
				"east": {"uv": [0, 10, 4, 11], "texture": "#2"},
				"south": {"uv": [4, 11, 8, 12], "texture": "#2"},
				"west": {"uv": [0, 11, 4, 12], "texture": "#2"},
				"up": {"uv": [0, 12, 4, 16], "texture": "#2"},
				"down": {"uv": [4, 12, 8, 16], "texture": "#2"}
			}
		},
		{
			"from": [6, 12, 6],
			"to": [10, 13, 10],
			"rotation": {"angle": 0, "axis": "y", "origin": [0, -5, 0]},
			"faces": {
				"north": {"uv": [4, 10, 8, 11], "texture": "#2"},
				"east": {"uv": [0, 10, 4, 11], "texture": "#2"},
				"south": {"uv": [4, 11, 8, 12], "texture": "#2"},
				"west": {"uv": [0, 11, 4, 12], "texture": "#2"},
				"up": {"uv": [0, 12, 4, 16], "texture": "#2"},
				"down": {"uv": [4, 12, 8, 16], "texture": "#2"}
			}
		},
		{
			"from": [9.74351, 11.42855, 6],
			"to": [12.24351, 12.67855, 10],
			"rotation": {"angle": -22.5, "axis": "z", "origin": [11.14351, 12.15355, 8]},
			"faces": {
				"north": {"uv": [6, 8, 12, 9], "texture": "#2"},
				"east": {"uv": [0, 8, 6, 9], "texture": "#2"},
				"south": {"uv": [6, 9, 12, 10], "texture": "#2"},
				"west": {"uv": [0, 9, 6, 10], "texture": "#2"},
				"up": {"uv": [0, 10, 6, 16], "texture": "#2"},
				"down": {"uv": [6, 10, 12, 16], "texture": "#2"}
			}
		},
		{
			"from": [9.46967, 12, 4.46967],
			"to": [11.46967, 12.75, 6.46967],
			"rotation": {"angle": -45, "axis": "y", "origin": [10.46967, 12.375, 5.46967]},
			"faces": {
				"north": {"uv": [4, 11, 8, 12], "texture": "#2"},
				"east": {"uv": [0, 11, 4, 12], "texture": "#2"},
				"south": {"uv": [4, 10, 8, 11], "texture": "#2"},
				"west": {"uv": [0, 10, 4, 11], "texture": "#2"},
				"up": {"uv": [0, 12, 4, 16], "rotation": 180, "texture": "#2"},
				"down": {"uv": [4, 12, 8, 16], "rotation": 180, "texture": "#2"}
			}
		},
		{
			"from": [6, 11.5, 3.75],
			"to": [10, 12.75, 6.25],
			"rotation": {"angle": -22.5, "axis": "x", "origin": [8, 12.125, 5]},
			"faces": {
				"north": {"uv": [0, 9, 6, 10], "texture": "#2"},
				"east": {"uv": [6, 8, 12, 9], "texture": "#2"},
				"south": {"uv": [0, 8, 6, 9], "texture": "#2"},
				"west": {"uv": [6, 9, 12, 10], "texture": "#2"},
				"up": {"uv": [0, 10, 6, 16], "rotation": 90, "texture": "#2"},
				"down": {"uv": [6, 10, 12, 16], "rotation": 270, "texture": "#2"}
			}
		},
		{
			"from": [4.46967, 12, 4.46967],
			"to": [6.46967, 12.75, 6.46967],
			"rotation": {"angle": -45, "axis": "y", "origin": [5.46967, 12.375, 5.46967]},
			"faces": {
				"north": {"uv": [0, 11, 4, 12], "texture": "#2"},
				"east": {"uv": [4, 10, 8, 11], "texture": "#2"},
				"south": {"uv": [0, 10, 4, 11], "texture": "#2"},
				"west": {"uv": [4, 11, 8, 12], "texture": "#2"},
				"up": {"uv": [0, 12, 4, 16], "rotation": 90, "texture": "#2"},
				"down": {"uv": [4, 12, 8, 16], "rotation": 270, "texture": "#2"}
			}
		},
		{
			"from": [3.65, 11.5, 6],
			"to": [6.15, 12.75, 10],
			"rotation": {"angle": 22.5, "axis": "z", "origin": [5, 12.5, 8]},
			"faces": {
				"north": {"uv": [6, 8, 12, 9], "texture": "#2"},
				"east": {"uv": [0, 8, 6, 9], "texture": "#2"},
				"south": {"uv": [6, 9, 12, 10], "texture": "#2"},
				"west": {"uv": [0, 9, 6, 10], "texture": "#2"},
				"up": {"uv": [0, 10, 6, 16], "texture": "#2"},
				"down": {"uv": [6, 10, 12, 16], "texture": "#2"}
			}
		},
		{
			"from": [4.46967, 12, 9.46967],
			"to": [6.46967, 12.75, 11.46967],
			"rotation": {"angle": 45, "axis": "y", "origin": [5.46967, 12.375, 10.46967]},
			"faces": {
				"north": {"uv": [0, 11, 4, 12], "texture": "#2"},
				"east": {"uv": [4, 10, 8, 11], "texture": "#2"},
				"south": {"uv": [0, 10, 4, 11], "texture": "#2"},
				"west": {"uv": [4, 11, 8, 12], "texture": "#2"},
				"up": {"uv": [0, 12, 4, 16], "rotation": 90, "texture": "#2"},
				"down": {"uv": [4, 12, 8, 16], "rotation": 270, "texture": "#2"}
			}
		},
		{
			"from": [6, 11.5, 9.75],
			"to": [10, 12.75, 12.25],
			"rotation": {"angle": 22.5, "axis": "x", "origin": [8, 12.125, 11]},
			"faces": {
				"north": {"uv": [0, 9, 6, 10], "texture": "#2"},
				"east": {"uv": [6, 8, 12, 9], "texture": "#2"},
				"south": {"uv": [0, 8, 6, 9], "texture": "#2"},
				"west": {"uv": [6, 9, 12, 10], "texture": "#2"},
				"up": {"uv": [0, 10, 6, 16], "rotation": 90, "texture": "#2"},
				"down": {"uv": [6, 10, 12, 16], "rotation": 270, "texture": "#2"}
			}
		},
		{
			"from": [9.46967, 12, 9.46967],
			"to": [11.46967, 12.75, 11.46967],
			"rotation": {"angle": 45, "axis": "y", "origin": [10.46967, 12.375, 10.46967]},
			"faces": {
				"north": {"uv": [4, 10, 8, 11], "texture": "#2"},
				"east": {"uv": [0, 10, 4, 11], "texture": "#2"},
				"south": {"uv": [4, 11, 8, 12], "texture": "#2"},
				"west": {"uv": [0, 11, 4, 12], "texture": "#2"},
				"up": {"uv": [0, 12, 4, 16], "texture": "#2"},
				"down": {"uv": [4, 12, 8, 16], "texture": "#2"}
			}
		},
		{
			"from": [6, 10, 6],
			"to": [10, 11, 10],
			"rotation": {"angle": 0, "axis": "z", "origin": [8, 10.5, 8]},
			"faces": {
				"north": {"uv": [4, 10, 8, 11], "texture": "#2"},
				"east": {"uv": [0, 10, 4, 11], "texture": "#2"},
				"south": {"uv": [4, 11, 8, 12], "texture": "#2"},
				"west": {"uv": [0, 11, 4, 12], "texture": "#2"},
				"up": {"uv": [0, 12, 4, 16], "texture": "#2"},
				"down": {"uv": [4, 12, 8, 16], "texture": "#2"}
			}
		},
		{
			"from": [9.99351, 9.67855, 6],
			"to": [12.49351, 10.92855, 10],
			"rotation": {"angle": 22.5, "axis": "z", "origin": [11.14351, 10.15355, 8]},
			"faces": {
				"north": {"uv": [6, 8, 12, 9], "texture": "#2"},
				"east": {"uv": [0, 8, 6, 9], "texture": "#2"},
				"south": {"uv": [6, 9, 12, 10], "texture": "#2"},
				"west": {"uv": [0, 9, 6, 10], "texture": "#2"},
				"up": {"uv": [0, 10, 6, 16], "texture": "#2"},
				"down": {"uv": [6, 10, 12, 16], "texture": "#2"}
			}
		},
		{
			"from": [9.46967, 10.25, 4.46967],
			"to": [11.46967, 11, 6.46967],
			"rotation": {"angle": -45, "axis": "y", "origin": [10.46967, 10.625, 5.46967]},
			"faces": {
				"north": {"uv": [4, 11, 8, 12], "texture": "#2"},
				"east": {"uv": [0, 11, 4, 12], "texture": "#2"},
				"south": {"uv": [4, 10, 8, 11], "texture": "#2"},
				"west": {"uv": [0, 10, 4, 11], "texture": "#2"},
				"up": {"uv": [0, 12, 4, 16], "rotation": 180, "texture": "#2"},
				"down": {"uv": [4, 12, 8, 16], "rotation": 180, "texture": "#2"}
			}
		},
		{
			"from": [6, 9.75, 3.5],
			"to": [10, 11, 6],
			"rotation": {"angle": 22.5, "axis": "x", "origin": [8, 10.125, 5]},
			"faces": {
				"north": {"uv": [0, 8, 6, 9], "rotation": 180, "texture": "#2"},
				"east": {"uv": [6, 8, 12, 9], "rotation": 180, "texture": "#2"},
				"south": {"uv": [0, 9, 6, 10], "rotation": 180, "texture": "#2"},
				"west": {"uv": [6, 9, 12, 10], "rotation": 180, "texture": "#2"},
				"up": {"uv": [6, 10, 12, 16], "rotation": 270, "texture": "#2"},
				"down": {"uv": [0, 10, 6, 16], "rotation": 90, "texture": "#2"}
			}
		},
		{
			"from": [4.46967, 10.25, 4.46967],
			"to": [6.46967, 11, 6.46967],
			"rotation": {"angle": -45, "axis": "y", "origin": [5.46967, 10.625, 5.46967]},
			"faces": {
				"north": {"uv": [0, 11, 4, 12], "texture": "#2"},
				"east": {"uv": [4, 10, 8, 11], "texture": "#2"},
				"south": {"uv": [0, 10, 4, 11], "texture": "#2"},
				"west": {"uv": [4, 11, 8, 12], "texture": "#2"},
				"up": {"uv": [0, 12, 4, 16], "rotation": 90, "texture": "#2"},
				"down": {"uv": [4, 12, 8, 16], "rotation": 270, "texture": "#2"}
			}
		},
		{
			"from": [3.65, 9.75, 6],
			"to": [6.15, 11, 10],
			"rotation": {"angle": -22.5, "axis": "z", "origin": [5, 10.5, 8]},
			"faces": {
				"north": {"uv": [6, 8, 12, 9], "texture": "#2"},
				"east": {"uv": [0, 8, 6, 9], "texture": "#2"},
				"south": {"uv": [6, 9, 12, 10], "texture": "#2"},
				"west": {"uv": [0, 9, 6, 10], "texture": "#2"},
				"up": {"uv": [0, 10, 6, 16], "texture": "#2"},
				"down": {"uv": [6, 10, 12, 16], "texture": "#2"}
			}
		},
		{
			"from": [4.46967, 10.25, 9.46967],
			"to": [6.46967, 11, 11.46967],
			"rotation": {"angle": 45, "axis": "y", "origin": [5.46967, 10.625, 10.46967]},
			"faces": {
				"north": {"uv": [0, 11, 4, 12], "texture": "#2"},
				"east": {"uv": [4, 10, 8, 11], "texture": "#2"},
				"south": {"uv": [0, 10, 4, 11], "texture": "#2"},
				"west": {"uv": [4, 11, 8, 12], "texture": "#2"},
				"up": {"uv": [0, 12, 4, 16], "rotation": 90, "texture": "#2"},
				"down": {"uv": [4, 12, 8, 16], "rotation": 270, "texture": "#2"}
			}
		},
		{
			"from": [6, 9.75, 10],
			"to": [10, 11, 12.5],
			"rotation": {"angle": -22.5, "axis": "x", "origin": [8, 10.125, 11]},
			"faces": {
				"north": {"uv": [0, 9, 6, 10], "texture": "#2"},
				"east": {"uv": [6, 8, 12, 9], "texture": "#2"},
				"south": {"uv": [0, 8, 6, 9], "texture": "#2"},
				"west": {"uv": [6, 9, 12, 10], "texture": "#2"},
				"up": {"uv": [0, 10, 6, 16], "rotation": 90, "texture": "#2"},
				"down": {"uv": [6, 10, 12, 16], "rotation": 270, "texture": "#2"}
			}
		},
		{
			"from": [9.46967, 10.25, 9.46967],
			"to": [11.46967, 11, 11.46967],
			"rotation": {"angle": 45, "axis": "y", "origin": [10.46967, 10.625, 10.46967]},
			"faces": {
				"north": {"uv": [4, 10, 8, 11], "texture": "#2"},
				"east": {"uv": [0, 10, 4, 11], "texture": "#2"},
				"south": {"uv": [4, 11, 8, 12], "texture": "#2"},
				"west": {"uv": [0, 11, 4, 12], "texture": "#2"},
				"up": {"uv": [0, 12, 4, 16], "texture": "#2"},
				"down": {"uv": [4, 12, 8, 16], "texture": "#2"}
			}
		},
		{
			"from": [6, 7, 6],
			"to": [10, 8, 10],
			"rotation": {"angle": 0, "axis": "y", "origin": [0, -10, 0]},
			"faces": {
				"north": {"uv": [4, 10, 8, 11], "texture": "#2"},
				"east": {"uv": [0, 10, 4, 11], "texture": "#2"},
				"south": {"uv": [4, 11, 8, 12], "texture": "#2"},
				"west": {"uv": [0, 11, 4, 12], "texture": "#2"},
				"up": {"uv": [0, 12, 4, 16], "texture": "#2"},
				"down": {"uv": [4, 12, 8, 16], "texture": "#2"}
			}
		},
		{
			"from": [9.74351, 6.42855, 6],
			"to": [12.24351, 7.67855, 10],
			"rotation": {"angle": -22.5, "axis": "z", "origin": [11.14351, 7.15355, 8]},
			"faces": {
				"north": {"uv": [6, 8, 12, 9], "texture": "#2"},
				"east": {"uv": [0, 8, 6, 9], "texture": "#2"},
				"south": {"uv": [6, 9, 12, 10], "texture": "#2"},
				"west": {"uv": [0, 9, 6, 10], "texture": "#2"},
				"up": {"uv": [0, 10, 6, 16], "texture": "#2"},
				"down": {"uv": [6, 10, 12, 16], "texture": "#2"}
			}
		},
		{
			"from": [9.46967, 7, 4.46967],
			"to": [11.46967, 7.75, 6.46967],
			"rotation": {"angle": -45, "axis": "y", "origin": [10.46967, 7.375, 5.46967]},
			"faces": {
				"north": {"uv": [4, 11, 8, 12], "texture": "#2"},
				"east": {"uv": [0, 11, 4, 12], "texture": "#2"},
				"south": {"uv": [4, 10, 8, 11], "texture": "#2"},
				"west": {"uv": [0, 10, 4, 11], "texture": "#2"},
				"up": {"uv": [0, 12, 4, 16], "rotation": 180, "texture": "#2"},
				"down": {"uv": [4, 12, 8, 16], "rotation": 180, "texture": "#2"}
			}
		},
		{
			"from": [6, 6.5, 3.75],
			"to": [10, 7.75, 6.25],
			"rotation": {"angle": -22.5, "axis": "x", "origin": [8, 7.125, 5]},
			"faces": {
				"north": {"uv": [0, 9, 6, 10], "texture": "#2"},
				"east": {"uv": [6, 8, 12, 9], "texture": "#2"},
				"south": {"uv": [0, 8, 6, 9], "texture": "#2"},
				"west": {"uv": [6, 9, 12, 10], "texture": "#2"},
				"up": {"uv": [0, 10, 6, 16], "rotation": 90, "texture": "#2"},
				"down": {"uv": [6, 10, 12, 16], "rotation": 270, "texture": "#2"}
			}
		},
		{
			"from": [4.46967, 7, 4.46967],
			"to": [6.46967, 7.75, 6.46967],
			"rotation": {"angle": -45, "axis": "y", "origin": [5.46967, 7.375, 5.46967]},
			"faces": {
				"north": {"uv": [0, 11, 4, 12], "texture": "#2"},
				"east": {"uv": [4, 10, 8, 11], "texture": "#2"},
				"south": {"uv": [0, 10, 4, 11], "texture": "#2"},
				"west": {"uv": [4, 11, 8, 12], "texture": "#2"},
				"up": {"uv": [0, 12, 4, 16], "rotation": 90, "texture": "#2"},
				"down": {"uv": [4, 12, 8, 16], "rotation": 270, "texture": "#2"}
			}
		},
		{
			"from": [3.65, 6.5, 6],
			"to": [6.15, 7.75, 10],
			"rotation": {"angle": 22.5, "axis": "z", "origin": [5, 7.5, 8]},
			"faces": {
				"north": {"uv": [6, 8, 12, 9], "texture": "#2"},
				"east": {"uv": [0, 8, 6, 9], "texture": "#2"},
				"south": {"uv": [6, 9, 12, 10], "texture": "#2"},
				"west": {"uv": [0, 9, 6, 10], "texture": "#2"},
				"up": {"uv": [0, 10, 6, 16], "texture": "#2"},
				"down": {"uv": [6, 10, 12, 16], "texture": "#2"}
			}
		},
		{
			"from": [4.46967, 7, 9.46967],
			"to": [6.46967, 7.75, 11.46967],
			"rotation": {"angle": 45, "axis": "y", "origin": [5.46967, 7.375, 10.46967]},
			"faces": {
				"north": {"uv": [0, 11, 4, 12], "texture": "#2"},
				"east": {"uv": [4, 10, 8, 11], "texture": "#2"},
				"south": {"uv": [0, 10, 4, 11], "texture": "#2"},
				"west": {"uv": [4, 11, 8, 12], "texture": "#2"},
				"up": {"uv": [0, 12, 4, 16], "rotation": 90, "texture": "#2"},
				"down": {"uv": [4, 12, 8, 16], "rotation": 270, "texture": "#2"}
			}
		},
		{
			"from": [6, 6.5, 9.75],
			"to": [10, 7.75, 12.25],
			"rotation": {"angle": 22.5, "axis": "x", "origin": [8, 7.125, 11]},
			"faces": {
				"north": {"uv": [0, 9, 6, 10], "texture": "#2"},
				"east": {"uv": [6, 8, 12, 9], "texture": "#2"},
				"south": {"uv": [0, 8, 6, 9], "texture": "#2"},
				"west": {"uv": [6, 9, 12, 10], "texture": "#2"},
				"up": {"uv": [0, 10, 6, 16], "rotation": 90, "texture": "#2"},
				"down": {"uv": [6, 10, 12, 16], "rotation": 270, "texture": "#2"}
			}
		},
		{
			"from": [9.46967, 7, 9.46967],
			"to": [11.46967, 7.75, 11.46967],
			"rotation": {"angle": 45, "axis": "y", "origin": [10.46967, 7.375, 10.46967]},
			"faces": {
				"north": {"uv": [4, 10, 8, 11], "texture": "#2"},
				"east": {"uv": [0, 10, 4, 11], "texture": "#2"},
				"south": {"uv": [4, 11, 8, 12], "texture": "#2"},
				"west": {"uv": [0, 11, 4, 12], "texture": "#2"},
				"up": {"uv": [0, 12, 4, 16], "texture": "#2"},
				"down": {"uv": [4, 12, 8, 16], "texture": "#2"}
			}
		},
		{
			"from": [6, 5, 6],
			"to": [10, 6, 10],
			"rotation": {"angle": 0, "axis": "z", "origin": [8, 5.5, 8]},
			"faces": {
				"north": {"uv": [4, 10, 8, 11], "texture": "#2"},
				"east": {"uv": [0, 10, 4, 11], "texture": "#2"},
				"south": {"uv": [4, 11, 8, 12], "texture": "#2"},
				"west": {"uv": [0, 11, 4, 12], "texture": "#2"},
				"up": {"uv": [0, 12, 4, 16], "texture": "#2"},
				"down": {"uv": [4, 12, 8, 16], "texture": "#2"}
			}
		},
		{
			"from": [9.99351, 4.67855, 6],
			"to": [12.49351, 5.92855, 10],
			"rotation": {"angle": 22.5, "axis": "z", "origin": [11.14351, 5.15355, 8]},
			"faces": {
				"north": {"uv": [6, 8, 12, 9], "texture": "#2"},
				"east": {"uv": [0, 8, 6, 9], "texture": "#2"},
				"south": {"uv": [6, 9, 12, 10], "texture": "#2"},
				"west": {"uv": [0, 9, 6, 10], "texture": "#2"},
				"up": {"uv": [0, 10, 6, 16], "texture": "#2"},
				"down": {"uv": [6, 10, 12, 16], "texture": "#2"}
			}
		},
		{
			"from": [9.46967, 5.25, 4.46967],
			"to": [11.46967, 6, 6.46967],
			"rotation": {"angle": -45, "axis": "y", "origin": [10.46967, 5.625, 5.46967]},
			"faces": {
				"north": {"uv": [4, 11, 8, 12], "texture": "#2"},
				"east": {"uv": [0, 11, 4, 12], "texture": "#2"},
				"south": {"uv": [4, 10, 8, 11], "texture": "#2"},
				"west": {"uv": [0, 10, 4, 11], "texture": "#2"},
				"up": {"uv": [0, 12, 4, 16], "rotation": 180, "texture": "#2"},
				"down": {"uv": [4, 12, 8, 16], "rotation": 180, "texture": "#2"}
			}
		},
		{
			"from": [6, 4.75, 3.5],
			"to": [10, 6, 6],
			"rotation": {"angle": 22.5, "axis": "x", "origin": [8, 5.125, 5]},
			"faces": {
				"north": {"uv": [0, 8, 6, 9], "rotation": 180, "texture": "#2"},
				"east": {"uv": [6, 8, 12, 9], "rotation": 180, "texture": "#2"},
				"south": {"uv": [0, 9, 6, 10], "rotation": 180, "texture": "#2"},
				"west": {"uv": [6, 9, 12, 10], "rotation": 180, "texture": "#2"},
				"up": {"uv": [6, 10, 12, 16], "rotation": 270, "texture": "#2"},
				"down": {"uv": [0, 10, 6, 16], "rotation": 90, "texture": "#2"}
			}
		},
		{
			"from": [4.46967, 5.25, 4.46967],
			"to": [6.46967, 6, 6.46967],
			"rotation": {"angle": -45, "axis": "y", "origin": [5.46967, 5.625, 5.46967]},
			"faces": {
				"north": {"uv": [0, 11, 4, 12], "texture": "#2"},
				"east": {"uv": [4, 10, 8, 11], "texture": "#2"},
				"south": {"uv": [0, 10, 4, 11], "texture": "#2"},
				"west": {"uv": [4, 11, 8, 12], "texture": "#2"},
				"up": {"uv": [0, 12, 4, 16], "rotation": 90, "texture": "#2"},
				"down": {"uv": [4, 12, 8, 16], "rotation": 270, "texture": "#2"}
			}
		},
		{
			"from": [3.65, 4.75, 6],
			"to": [6.15, 6, 10],
			"rotation": {"angle": -22.5, "axis": "z", "origin": [5, 5.5, 8]},
			"faces": {
				"north": {"uv": [6, 8, 12, 9], "texture": "#2"},
				"east": {"uv": [0, 8, 6, 9], "texture": "#2"},
				"south": {"uv": [6, 9, 12, 10], "texture": "#2"},
				"west": {"uv": [0, 9, 6, 10], "texture": "#2"},
				"up": {"uv": [0, 10, 6, 16], "texture": "#2"},
				"down": {"uv": [6, 10, 12, 16], "texture": "#2"}
			}
		},
		{
			"from": [4.46967, 5.25, 9.46967],
			"to": [6.46967, 6, 11.46967],
			"rotation": {"angle": 45, "axis": "y", "origin": [5.46967, 5.625, 10.46967]},
			"faces": {
				"north": {"uv": [0, 11, 4, 12], "texture": "#2"},
				"east": {"uv": [4, 10, 8, 11], "texture": "#2"},
				"south": {"uv": [0, 10, 4, 11], "texture": "#2"},
				"west": {"uv": [4, 11, 8, 12], "texture": "#2"},
				"up": {"uv": [0, 12, 4, 16], "rotation": 90, "texture": "#2"},
				"down": {"uv": [4, 12, 8, 16], "rotation": 270, "texture": "#2"}
			}
		},
		{
			"from": [6, 4.75, 10],
			"to": [10, 6, 12.5],
			"rotation": {"angle": -22.5, "axis": "x", "origin": [8, 5.125, 11]},
			"faces": {
				"north": {"uv": [0, 9, 6, 10], "texture": "#2"},
				"east": {"uv": [6, 8, 12, 9], "texture": "#2"},
				"south": {"uv": [0, 8, 6, 9], "texture": "#2"},
				"west": {"uv": [6, 9, 12, 10], "texture": "#2"},
				"up": {"uv": [0, 10, 6, 16], "rotation": 90, "texture": "#2"},
				"down": {"uv": [6, 10, 12, 16], "rotation": 270, "texture": "#2"}
			}
		},
		{
			"from": [9.46967, 5.25, 9.46967],
			"to": [11.46967, 6, 11.46967],
			"rotation": {"angle": 45, "axis": "y", "origin": [10.46967, 5.625, 10.46967]},
			"faces": {
				"north": {"uv": [4, 10, 8, 11], "texture": "#2"},
				"east": {"uv": [0, 10, 4, 11], "texture": "#2"},
				"south": {"uv": [4, 11, 8, 12], "texture": "#2"},
				"west": {"uv": [0, 11, 4, 12], "texture": "#2"},
				"up": {"uv": [0, 12, 4, 16], "texture": "#2"},
				"down": {"uv": [4, 12, 8, 16], "texture": "#2"}
			}
		},
		{
			"from": [6, 2, 6],
			"to": [10, 3, 10],
			"rotation": {"angle": 0, "axis": "y", "origin": [0, -15, 0]},
			"faces": {
				"north": {"uv": [4, 10, 8, 11], "texture": "#2"},
				"east": {"uv": [0, 10, 4, 11], "texture": "#2"},
				"south": {"uv": [4, 11, 8, 12], "texture": "#2"},
				"west": {"uv": [0, 11, 4, 12], "texture": "#2"},
				"up": {"uv": [0, 12, 4, 16], "texture": "#2"},
				"down": {"uv": [4, 12, 8, 16], "texture": "#2"}
			}
		},
		{
			"from": [9.74351, 1.42855, 6],
			"to": [12.24351, 2.67855, 10],
			"rotation": {"angle": -22.5, "axis": "z", "origin": [11.14351, 2.15355, 8]},
			"faces": {
				"north": {"uv": [6, 8, 12, 9], "texture": "#2"},
				"east": {"uv": [0, 8, 6, 9], "texture": "#2"},
				"south": {"uv": [6, 9, 12, 10], "texture": "#2"},
				"west": {"uv": [0, 9, 6, 10], "texture": "#2"},
				"up": {"uv": [0, 10, 6, 16], "texture": "#2"},
				"down": {"uv": [6, 10, 12, 16], "texture": "#2"}
			}
		},
		{
			"from": [9.46967, 2, 4.46967],
			"to": [11.46967, 2.75, 6.46967],
			"rotation": {"angle": -45, "axis": "y", "origin": [10.46967, 2.375, 5.46967]},
			"faces": {
				"north": {"uv": [4, 11, 8, 12], "texture": "#2"},
				"east": {"uv": [0, 11, 4, 12], "texture": "#2"},
				"south": {"uv": [4, 10, 8, 11], "texture": "#2"},
				"west": {"uv": [0, 10, 4, 11], "texture": "#2"},
				"up": {"uv": [0, 12, 4, 16], "rotation": 180, "texture": "#2"},
				"down": {"uv": [4, 12, 8, 16], "rotation": 180, "texture": "#2"}
			}
		},
		{
			"from": [6, 1.5, 3.75],
			"to": [10, 2.75, 6.25],
			"rotation": {"angle": -22.5, "axis": "x", "origin": [8, 2.125, 5]},
			"faces": {
				"north": {"uv": [0, 9, 6, 10], "texture": "#2"},
				"east": {"uv": [6, 8, 12, 9], "texture": "#2"},
				"south": {"uv": [0, 8, 6, 9], "texture": "#2"},
				"west": {"uv": [6, 9, 12, 10], "texture": "#2"},
				"up": {"uv": [0, 10, 6, 16], "rotation": 90, "texture": "#2"},
				"down": {"uv": [6, 10, 12, 16], "rotation": 270, "texture": "#2"}
			}
		},
		{
			"from": [4.46967, 2, 4.46967],
			"to": [6.46967, 2.75, 6.46967],
			"rotation": {"angle": -45, "axis": "y", "origin": [5.46967, 2.375, 5.46967]},
			"faces": {
				"north": {"uv": [0, 11, 4, 12], "texture": "#2"},
				"east": {"uv": [4, 10, 8, 11], "texture": "#2"},
				"south": {"uv": [0, 10, 4, 11], "texture": "#2"},
				"west": {"uv": [4, 11, 8, 12], "texture": "#2"},
				"up": {"uv": [0, 12, 4, 16], "rotation": 90, "texture": "#2"},
				"down": {"uv": [4, 12, 8, 16], "rotation": 270, "texture": "#2"}
			}
		},
		{
			"from": [3.65, 1.5, 6],
			"to": [6.15, 2.75, 10],
			"rotation": {"angle": 22.5, "axis": "z", "origin": [5, 2.5, 8]},
			"faces": {
				"north": {"uv": [6, 8, 12, 9], "texture": "#2"},
				"east": {"uv": [0, 8, 6, 9], "texture": "#2"},
				"south": {"uv": [6, 9, 12, 10], "texture": "#2"},
				"west": {"uv": [0, 9, 6, 10], "texture": "#2"},
				"up": {"uv": [0, 10, 6, 16], "texture": "#2"},
				"down": {"uv": [6, 10, 12, 16], "texture": "#2"}
			}
		},
		{
			"from": [4.46967, 2, 9.46967],
			"to": [6.46967, 2.75, 11.46967],
			"rotation": {"angle": 45, "axis": "y", "origin": [5.46967, 2.375, 10.46967]},
			"faces": {
				"north": {"uv": [0, 11, 4, 12], "texture": "#2"},
				"east": {"uv": [4, 10, 8, 11], "texture": "#2"},
				"south": {"uv": [0, 10, 4, 11], "texture": "#2"},
				"west": {"uv": [4, 11, 8, 12], "texture": "#2"},
				"up": {"uv": [0, 12, 4, 16], "rotation": 90, "texture": "#2"},
				"down": {"uv": [4, 12, 8, 16], "rotation": 270, "texture": "#2"}
			}
		},
		{
			"from": [6, 1.5, 9.75],
			"to": [10, 2.75, 12.25],
			"rotation": {"angle": 22.5, "axis": "x", "origin": [8, 2.125, 11]},
			"faces": {
				"north": {"uv": [0, 9, 6, 10], "texture": "#2"},
				"east": {"uv": [6, 8, 12, 9], "texture": "#2"},
				"south": {"uv": [0, 8, 6, 9], "texture": "#2"},
				"west": {"uv": [6, 9, 12, 10], "texture": "#2"},
				"up": {"uv": [0, 10, 6, 16], "rotation": 90, "texture": "#2"},
				"down": {"uv": [6, 10, 12, 16], "rotation": 270, "texture": "#2"}
			}
		},
		{
			"from": [9.46967, 2, 9.46967],
			"to": [11.46967, 2.75, 11.46967],
			"rotation": {"angle": 45, "axis": "y", "origin": [10.46967, 2.375, 10.46967]},
			"faces": {
				"north": {"uv": [4, 10, 8, 11], "texture": "#2"},
				"east": {"uv": [0, 10, 4, 11], "texture": "#2"},
				"south": {"uv": [4, 11, 8, 12], "texture": "#2"},
				"west": {"uv": [0, 11, 4, 12], "texture": "#2"},
				"up": {"uv": [0, 12, 4, 16], "texture": "#2"},
				"down": {"uv": [4, 12, 8, 16], "texture": "#2"}
			}
		},
		{
			"from": [5.95, -1, 5.95],
			"to": [10.05, 1, 10.05],
			"rotation": {"angle": 0, "axis": "z", "origin": [8, 0.5, 8]},
			"faces": {
				"north": {"uv": [4, 10, 8, 11], "texture": "#2"},
				"east": {"uv": [0, 10, 4, 11], "texture": "#2"},
				"south": {"uv": [4, 11, 8, 12], "texture": "#2"},
				"west": {"uv": [0, 11, 4, 12], "texture": "#2"},
				"up": {"uv": [0, 12, 4, 16], "texture": "#2"},
				"down": {"uv": [4, 12, 8, 16], "texture": "#2"}
			}
		},
		{
			"from": [9.99351, -0.32145, 6],
			"to": [12.49351, 0.92855, 10],
			"rotation": {"angle": 22.5, "axis": "z", "origin": [11.14351, 0.15355, 8]},
			"faces": {
				"north": {"uv": [6, 8, 12, 9], "texture": "#2"},
				"east": {"uv": [0, 8, 6, 9], "texture": "#2"},
				"south": {"uv": [6, 9, 12, 10], "texture": "#2"},
				"west": {"uv": [0, 9, 6, 10], "texture": "#2"},
				"up": {"uv": [0, 10, 6, 16], "texture": "#2"},
				"down": {"uv": [6, 10, 12, 16], "texture": "#2"}
			}
		},
		{
			"from": [9.46967, 0.25, 4.46967],
			"to": [11.46967, 1, 6.46967],
			"rotation": {"angle": -45, "axis": "y", "origin": [10.46967, 0.625, 5.46967]},
			"faces": {
				"north": {"uv": [4, 11, 8, 12], "texture": "#2"},
				"east": {"uv": [0, 11, 4, 12], "texture": "#2"},
				"south": {"uv": [4, 10, 8, 11], "texture": "#2"},
				"west": {"uv": [0, 10, 4, 11], "texture": "#2"},
				"up": {"uv": [0, 12, 4, 16], "rotation": 180, "texture": "#2"},
				"down": {"uv": [4, 12, 8, 16], "rotation": 180, "texture": "#2"}
			}
		},
		{
			"from": [6, -0.25, 3.5],
			"to": [10, 1, 6],
			"rotation": {"angle": 22.5, "axis": "x", "origin": [8, 0.125, 5]},
			"faces": {
				"north": {"uv": [0, 8, 6, 9], "rotation": 180, "texture": "#2"},
				"east": {"uv": [6, 8, 12, 9], "rotation": 180, "texture": "#2"},
				"south": {"uv": [0, 9, 6, 10], "rotation": 180, "texture": "#2"},
				"west": {"uv": [6, 9, 12, 10], "rotation": 180, "texture": "#2"},
				"up": {"uv": [6, 10, 12, 16], "rotation": 270, "texture": "#2"},
				"down": {"uv": [0, 10, 6, 16], "rotation": 90, "texture": "#2"}
			}
		},
		{
			"from": [4.46967, 0.25, 4.46967],
			"to": [6.46967, 1, 6.46967],
			"rotation": {"angle": -45, "axis": "y", "origin": [5.46967, 0.625, 5.46967]},
			"faces": {
				"north": {"uv": [0, 11, 4, 12], "texture": "#2"},
				"east": {"uv": [4, 10, 8, 11], "texture": "#2"},
				"south": {"uv": [0, 10, 4, 11], "texture": "#2"},
				"west": {"uv": [4, 11, 8, 12], "texture": "#2"},
				"up": {"uv": [0, 12, 4, 16], "rotation": 90, "texture": "#2"},
				"down": {"uv": [4, 12, 8, 16], "rotation": 270, "texture": "#2"}
			}
		},
		{
			"from": [3.65, -0.25, 6],
			"to": [6.15, 1, 10],
			"rotation": {"angle": -22.5, "axis": "z", "origin": [5, 0.5, 8]},
			"faces": {
				"north": {"uv": [6, 8, 12, 9], "texture": "#2"},
				"east": {"uv": [0, 8, 6, 9], "texture": "#2"},
				"south": {"uv": [6, 9, 12, 10], "texture": "#2"},
				"west": {"uv": [0, 9, 6, 10], "texture": "#2"},
				"up": {"uv": [0, 10, 6, 16], "texture": "#2"},
				"down": {"uv": [6, 10, 12, 16], "texture": "#2"}
			}
		},
		{
			"from": [4.46967, 0.25, 9.46967],
			"to": [6.46967, 1, 11.46967],
			"rotation": {"angle": 45, "axis": "y", "origin": [5.46967, 0.625, 10.46967]},
			"faces": {
				"north": {"uv": [0, 11, 4, 12], "texture": "#2"},
				"east": {"uv": [4, 10, 8, 11], "texture": "#2"},
				"south": {"uv": [0, 10, 4, 11], "texture": "#2"},
				"west": {"uv": [4, 11, 8, 12], "texture": "#2"},
				"up": {"uv": [0, 12, 4, 16], "rotation": 90, "texture": "#2"},
				"down": {"uv": [4, 12, 8, 16], "rotation": 270, "texture": "#2"}
			}
		},
		{
			"from": [6, -0.25, 10],
			"to": [10, 1, 12.5],
			"rotation": {"angle": -22.5, "axis": "x", "origin": [8, 0.125, 11]},
			"faces": {
				"north": {"uv": [0, 9, 6, 10], "texture": "#2"},
				"east": {"uv": [6, 8, 12, 9], "texture": "#2"},
				"south": {"uv": [0, 8, 6, 9], "texture": "#2"},
				"west": {"uv": [6, 9, 12, 10], "texture": "#2"},
				"up": {"uv": [0, 10, 6, 16], "rotation": 90, "texture": "#2"},
				"down": {"uv": [6, 10, 12, 16], "rotation": 270, "texture": "#2"}
			}
		},
		{
			"from": [9.46967, 0.25, 9.46967],
			"to": [11.46967, 1, 11.46967],
			"rotation": {"angle": 45, "axis": "y", "origin": [10.46967, 0.625, 10.46967]},
			"faces": {
				"north": {"uv": [4, 10, 8, 11], "texture": "#2"},
				"east": {"uv": [0, 10, 4, 11], "texture": "#2"},
				"south": {"uv": [4, 11, 8, 12], "texture": "#2"},
				"west": {"uv": [0, 11, 4, 12], "texture": "#2"},
				"up": {"uv": [0, 12, 4, 16], "texture": "#2"},
				"down": {"uv": [4, 12, 8, 16], "texture": "#2"}
			}
		},
		{
			"from": [4, 16, 4],
			"to": [12, 17, 12],
			"faces": {
				"north": {"uv": [6, 8, 12, 9], "texture": "#2"},
				"east": {"uv": [0, 8, 6, 9], "texture": "#2"},
				"south": {"uv": [6, 9, 12, 10], "texture": "#2"},
				"west": {"uv": [0, 9, 6, 10], "texture": "#2"},
				"up": {"uv": [0, 10, 6, 16], "texture": "#2"},
				"down": {"uv": [6, 10, 12, 16], "texture": "#2"}
			}
		},
		{
			"from": [4, 11, 4],
			"to": [12, 12, 12],
			"faces": {
				"north": {"uv": [6, 8, 12, 9], "texture": "#2"},
				"east": {"uv": [0, 8, 6, 9], "texture": "#2"},
				"south": {"uv": [6, 9, 12, 10], "texture": "#2"},
				"west": {"uv": [0, 9, 6, 10], "texture": "#2"},
				"up": {"uv": [0, 10, 6, 16], "texture": "#2"},
				"down": {"uv": [6, 10, 12, 16], "texture": "#2"}
			}
		},
		{
			"from": [4, 6, 4],
			"to": [12, 7, 12],
			"faces": {
				"north": {"uv": [6, 8, 12, 9], "texture": "#2"},
				"east": {"uv": [0, 8, 6, 9], "texture": "#2"},
				"south": {"uv": [6, 9, 12, 10], "texture": "#2"},
				"west": {"uv": [0, 9, 6, 10], "texture": "#2"},
				"up": {"uv": [0, 10, 6, 16], "texture": "#2"},
				"down": {"uv": [6, 10, 12, 16], "texture": "#2"}
			}
		},
		{
			"from": [4, 1, 4],
			"to": [12, 2, 12],
			"faces": {
				"north": {"uv": [6, 8, 12, 9], "texture": "#2"},
				"east": {"uv": [0, 8, 6, 9], "texture": "#2"},
				"south": {"uv": [6, 9, 12, 10], "texture": "#2"},
				"west": {"uv": [0, 9, 6, 10], "texture": "#2"},
				"up": {"uv": [0, 10, 6, 16], "texture": "#2"},
				"down": {"uv": [6, 10, 12, 16], "texture": "#2"}
			}
		},
		{
			"from": [6, 8, 6],
			"to": [10, 9, 10],
			"faces": {
				"north": {"uv": [0, 0, 2, 1], "texture": "#1"},
				"east": {"uv": [2, 0, 4, 1], "texture": "#1"},
				"south": {"uv": [0, 1, 2, 2], "texture": "#1"},
				"west": {"uv": [2, 1, 4, 2], "texture": "#1"},
				"up": {"uv": [0, 2, 2, 4], "texture": "#1"},
				"down": {"uv": [2, 2, 4, 4], "texture": "#1"}
			}
		},
		{
			"from": [6, 13, 6],
			"to": [10, 14, 10],
			"faces": {
				"north": {"uv": [0, 0, 2, 1], "texture": "#1"},
				"east": {"uv": [2, 0, 4, 1], "texture": "#1"},
				"south": {"uv": [0, 1, 2, 2], "texture": "#1"},
				"west": {"uv": [2, 1, 4, 2], "texture": "#1"},
				"up": {"uv": [0, 2, 2, 4], "texture": "#1"},
				"down": {"uv": [2, 2, 4, 4], "texture": "#1"}
			}
		},
		{
			"from": [6, 3, 6],
			"to": [10, 4, 10],
			"faces": {
				"north": {"uv": [0, 0, 2, 1], "texture": "#1"},
				"east": {"uv": [2, 0, 4, 1], "texture": "#1"},
				"south": {"uv": [0, 1, 2, 2], "texture": "#1"},
				"west": {"uv": [2, 1, 4, 2], "texture": "#1"},
				"up": {"uv": [0, 2, 2, 4], "texture": "#1"},
				"down": {"uv": [2, 2, 4, 4], "texture": "#1"}
			}
		},
		{
			"from": [7, 4, 7],
			"to": [9, 5, 9],
			"faces": {
				"north": {"uv": [0, 0, 2, 1], "texture": "#1"},
				"east": {"uv": [2, 0, 4, 1], "texture": "#1"},
				"south": {"uv": [0, 1, 2, 2], "texture": "#1"},
				"west": {"uv": [2, 1, 4, 2], "texture": "#1"},
				"up": {"uv": [0, 2, 2, 4], "texture": "#1"},
				"down": {"uv": [2, 2, 4, 4], "texture": "#1"}
			}
		},
		{
			"from": [7, 9, 7],
			"to": [9, 10, 9],
			"faces": {
				"north": {"uv": [0, 0, 2, 1], "texture": "#1"},
				"east": {"uv": [2, 0, 4, 1], "texture": "#1"},
				"south": {"uv": [0, 1, 2, 2], "texture": "#1"},
				"west": {"uv": [2, 1, 4, 2], "texture": "#1"},
				"up": {"uv": [0, 2, 2, 4], "texture": "#1"},
				"down": {"uv": [2, 2, 4, 4], "texture": "#1"}
			}
		},
		{
			"from": [7, 14, 7],
			"to": [9, 15, 9],
			"faces": {
				"north": {"uv": [0, 0, 2, 1], "texture": "#1"},
				"east": {"uv": [2, 0, 4, 1], "texture": "#1"},
				"south": {"uv": [0, 1, 2, 2], "texture": "#1"},
				"west": {"uv": [2, 1, 4, 2], "texture": "#1"},
				"up": {"uv": [0, 2, 2, 4], "texture": "#1"},
				"down": {"uv": [2, 2, 4, 4], "texture": "#1"}
			}
		},
		{
			"from": [7, 18, 7],
			"to": [9, 19, 9],
			"faces": {
				"north": {"uv": [4, 0, 8, 1], "texture": "#3"},
				"east": {"uv": [0, 0, 4, 1], "texture": "#3"},
				"south": {"uv": [4, 1, 8, 2], "texture": "#3"},
				"west": {"uv": [0, 1, 4, 2], "texture": "#3"},
				"up": {"uv": [0, 2, 4, 6], "texture": "#3"},
				"down": {"uv": [4, 2, 8, 6], "texture": "#3"}
			}
		}
	],
	"display": {
		"thirdperson_righthand": {
			"scale": [0.5, 0.5, 0.5]
		},
		"thirdperson_lefthand": {
			"scale": [0.5, 0.5, 0.5]
		},
		"firstperson_righthand": {
			"scale": [0.5, 0.5, 0.5]
		},
		"firstperson_lefthand": {
			"scale": [0.5, 0.5, 0.5]
		},
		"ground": {
			"translation": [0, 1, 0],
			"scale": [0.5, 0.5, 0.5]
		},
		"gui": {
			"rotation": [20, -35, 0],
			"translation": [0, -0.75, 0],
			"scale": [0.75, 0.75, 0.75]
		},
		"head": {
			"translation": [0, 15, 0]
		},
		"fixed": {
			"scale": [0.75, 0.75, 0.75]
		}
	},
	"groups": [
		{
			"name": "Siren",
			"origin": [0, 0, 0],
			"color": 0,
			"children": [
				{
					"name": "Driver1",
					"origin": [10.46967, 17.375, 10.46967],
					"color": 0,
					"children": [
						{
							"name": "TopCurved",
							"origin": [10.46967, 17.375, 10.46967],
							"color": 0,
							"children": [0, 1, 2, 3, 4, 5, 6, 7, 8]
						},
						{
							"name": "BottomCurved",
							"origin": [10.46967, 17.375, 10.46967],
							"color": 0,
							"children": [9, 10, 11, 12, 13, 14, 15, 16, 17]
						}
					]
				},
				{
					"name": "Driver2",
					"origin": [10.46967, 17.375, 10.46967],
					"color": 0,
					"children": [
						{
							"name": "TopCurved",
							"origin": [10.46967, 17.375, 10.46967],
							"color": 0,
							"children": [18, 19, 20, 21, 22, 23, 24, 25, 26]
						},
						{
							"name": "BottomCurved",
							"origin": [10.46967, 17.375, 10.46967],
							"color": 0,
							"children": [27, 28, 29, 30, 31, 32, 33, 34, 35]
						}
					]
				},
				{
					"name": "Driver3",
					"origin": [10.46967, 17.375, 10.46967],
					"color": 0,
					"children": [
						{
							"name": "TopCurved",
							"origin": [10.46967, 17.375, 10.46967],
							"color": 0,
							"children": [36, 37, 38, 39, 40, 41, 42, 43, 44]
						},
						{
							"name": "BottomCurved",
							"origin": [10.46967, 17.375, 10.46967],
							"color": 0,
							"children": [45, 46, 47, 48, 49, 50, 51, 52, 53]
						}
					]
				},
				{
					"name": "Driver4",
					"origin": [10.46967, 17.375, 10.46967],
					"color": 0,
					"children": [
						{
							"name": "TopCurved",
							"origin": [10.46967, 17.375, 10.46967],
							"color": 0,
							"children": [54, 55, 56, 57, 58, 59, 60, 61, 62]
						},
						{
							"name": "BottomCurved",
							"origin": [10.46967, 17.375, 10.46967],
							"color": 0,
							"children": [63, 64, 65, 66, 67, 68, 69, 70, 71]
						}
					]
				},
				72,
				73,
				74,
				75
			]
		},
		{
			"name": "Horn",
			"origin": [0, 0, 0],
			"color": 0,
			"children": [76, 77, 78, 79, 80, 81]
		},
		{
			"name": "Light",
			"origin": [0, 0, 0],
			"color": 0,
			"children": [82]
		}
	]
}