{
	"credit": "Made with Blockbench",
	"texture_size": [32, 32],
	"textures": {
		"0": "block/orange_concrete",
		"1": "block/gray_concrete",
		"2": "block/white_concrete",
		"3": "block/black_concrete",
		"4": "block/light_gray_concrete",
		"5": "block/warning_light",
		"particle": "block/orange_concrete"
	},
	"elements": [
		{
			"name": "Base Connector",
			"from": [7.375, 20.75, 7.375],
			"to": [8.625, 21.175, 8.625],
			"rotation": {"angle": 0, "axis": "y", "origin": [7, 20.75, 7]},
			"faces": {
				"north": {"uv": [0, 0, 0.625, 0.2125], "texture": "#2"},
				"east": {"uv": [0, 0, 0.625, 0.2125], "texture": "#2"},
				"south": {"uv": [0, 0, 0.625, 0.2125], "texture": "#2"},
				"west": {"uv": [0, 0, 0.625, 0.2125], "texture": "#2"},
				"up": {"uv": [0, 0, 0.625, 0.625], "texture": "#2"},
				"down": {"uv": [0, 0, 0.625, 0.625], "texture": "#2"}
			}
		},
		{
			"name": "US-Bit",
			"from": [7.85, 21.975, 7.9],
			"to": [8.15, 22.2, 8.175],
			"rotation": {"angle": 0, "axis": "y", "origin": [8, 22.2625, 7.2625]},
			"faces": {
				"north": {"uv": [0, 0, 0.15, 0.1125], "texture": "#4"},
				"east": {"uv": [0, 0, 0.1375, 0.1125], "texture": "#4"},
				"south": {"uv": [0, 0, 0.15, 0.1125], "texture": "#4"},
				"west": {"uv": [0, 0, 0.1375, 0.1125], "texture": "#4"},
				"up": {"uv": [0, 0, 0.15, 0.1375], "texture": "#4"},
				"down": {"uv": [0, 0, 0.15, 0.1375], "texture": "#4"}
			}
		},
		{
			"from": [7.85, 21.975, 8.65],
			"to": [8.15, 22.55, 8.925],
			"rotation": {"angle": -45, "axis": "y", "origin": [8, 22.2625, 8.0125]},
			"faces": {
				"north": {"uv": [0, 0, 0.15, 0.2875], "texture": "#4"},
				"east": {"uv": [0, 0, 0.1375, 0.2875], "texture": "#4"},
				"south": {"uv": [0, 0, 0.15, 0.2875], "texture": "#4"},
				"west": {"uv": [0, 0, 0.1375, 0.2875], "texture": "#4"},
				"up": {"uv": [0, 0, 0.15, 0.1375], "texture": "#4"},
				"down": {"uv": [0, 0, 0.15, 0.1375], "texture": "#4"}
			}
		},
		{
			"from": [7.85, 21.975, 7.1],
			"to": [8.15, 22.55, 7.375],
			"rotation": {"angle": -45, "axis": "y", "origin": [8, 22.2625, 8.0125]},
			"faces": {
				"north": {"uv": [0, 0, 0.15, 0.2875], "texture": "#4"},
				"east": {"uv": [0, 0, 0.1375, 0.2875], "texture": "#4"},
				"south": {"uv": [0, 0, 0.15, 0.2875], "texture": "#4"},
				"west": {"uv": [0, 0, 0.1375, 0.2875], "texture": "#4"},
				"up": {"uv": [0, 0, 0.15, 0.1375], "texture": "#4"},
				"down": {"uv": [0, 0, 0.15, 0.1375], "texture": "#4"}
			}
		},
		{
			"from": [8.6375, 21.975, 7.8625],
			"to": [8.9125, 22.55, 8.1625],
			"rotation": {"angle": -45, "axis": "y", "origin": [8, 22.2625, 8.0125]},
			"faces": {
				"north": {"uv": [0, 0, 0.1375, 0.2875], "texture": "#4"},
				"east": {"uv": [0, 0, 0.15, 0.2875], "texture": "#4"},
				"south": {"uv": [0, 0, 0.1375, 0.2875], "texture": "#4"},
				"west": {"uv": [0, 0, 0.15, 0.2875], "texture": "#4"},
				"up": {"uv": [0, 0, 0.15, 0.1375], "rotation": 90, "texture": "#4"},
				"down": {"uv": [0, 0, 0.15, 0.1375], "rotation": 270, "texture": "#4"}
			}
		},
		{
			"from": [7.0875, 21.975, 7.8625],
			"to": [7.3625, 22.55, 8.1625],
			"rotation": {"angle": -45, "axis": "y", "origin": [8, 22.2625, 8.0125]},
			"faces": {
				"north": {"uv": [0, 0, 0.1375, 0.2875], "texture": "#4"},
				"east": {"uv": [0, 0, 0.15, 0.2875], "texture": "#4"},
				"south": {"uv": [0, 0, 0.1375, 0.2875], "texture": "#4"},
				"west": {"uv": [0, 0, 0.15, 0.2875], "texture": "#4"},
				"up": {"uv": [0, 0, 0.15, 0.1375], "rotation": 90, "texture": "#4"},
				"down": {"uv": [0, 0, 0.15, 0.1375], "rotation": 270, "texture": "#4"}
			}
		},
		{
			"name": "H",
			"from": [8.1, 22.95, 6.45],
			"to": [8.25, 23.275, 6.475],
			"rotation": {"angle": 0, "axis": "y", "origin": [8, 23.09375, 6.4625]},
			"faces": {
				"north": {"uv": [0, 0, 0.075, 0.1625], "texture": "#3"},
				"east": {"uv": [0, 0, 0.0125, 0.1625], "texture": "#2"},
				"south": {"uv": [0, 0, 0.075, 0.1625], "texture": "#2"},
				"west": {"uv": [0, 0, 0.0125, 0.1625], "texture": "#2"},
				"up": {"uv": [0, 0, 0.075, 0.0125], "texture": "#2"},
				"down": {"uv": [0, 0, 0.075, 0.0125], "texture": "#2"}
			}
		},
		{
			"name": "Three",
			"from": [7.925, 22.95, 6.45],
			"to": [8.075, 23.2, 6.475],
			"rotation": {"angle": 0, "axis": "y", "origin": [8, 23.09375, 6.4625]},
			"faces": {
				"north": {"uv": [0, 0, 0.075, 0.125], "texture": "#3"},
				"east": {"uv": [0, 0, 0.0125, 0.125], "texture": "#2"},
				"south": {"uv": [0, 0, 0.075, 0.125], "texture": "#2"},
				"west": {"uv": [0, 0, 0.0125, 0.125], "texture": "#2"},
				"up": {"uv": [0, 0, 0.075, 0.0125], "texture": "#2"},
				"down": {"uv": [0, 0, 0.075, 0.0125], "texture": "#2"}
			}
		},
		{
			"name": "S",
			"from": [7.75, 22.95, 6.45],
			"to": [7.9, 23.275, 6.475],
			"rotation": {"angle": 0, "axis": "y", "origin": [8, 23.09375, 6.4625]},
			"faces": {
				"north": {"uv": [0, 0, 0.075, 0.1625], "texture": "#3"},
				"east": {"uv": [0, 0, 0.0125, 0.1625], "texture": "#2"},
				"south": {"uv": [0, 0, 0.075, 0.1625], "texture": "#2"},
				"west": {"uv": [0, 0, 0.0125, 0.1625], "texture": "#2"},
				"up": {"uv": [0, 0, 0.075, 0.0125], "texture": "#2"},
				"down": {"uv": [0, 0, 0.075, 0.0125], "texture": "#2"}
			}
		},
		{
			"name": "H",
			"from": [7.75, 22.95, 9.525],
			"to": [7.9, 23.275, 9.55],
			"rotation": {"angle": 0, "axis": "y", "origin": [8, 23.09375, 9.5375]},
			"faces": {
				"north": {"uv": [0, 0, 0.075, 0.1625], "texture": "#2"},
				"east": {"uv": [0, 0, 0.0125, 0.1625], "texture": "#2"},
				"south": {"uv": [0, 0, 0.075, 0.1625], "texture": "#3"},
				"west": {"uv": [0, 0, 0.0125, 0.1625], "texture": "#2"},
				"up": {"uv": [0, 0, 0.075, 0.0125], "rotation": 180, "texture": "#2"},
				"down": {"uv": [0, 0, 0.075, 0.0125], "rotation": 180, "texture": "#2"}
			}
		},
		{
			"name": "Three",
			"from": [7.925, 22.95, 9.525],
			"to": [8.075, 23.2, 9.55],
			"rotation": {"angle": 0, "axis": "y", "origin": [8, 23.09375, 9.5375]},
			"faces": {
				"north": {"uv": [0, 0, 0.075, 0.125], "texture": "#2"},
				"east": {"uv": [0, 0, 0.0125, 0.125], "texture": "#2"},
				"south": {"uv": [0, 0, 0.075, 0.125], "texture": "#3"},
				"west": {"uv": [0, 0, 0.0125, 0.125], "texture": "#2"},
				"up": {"uv": [0, 0, 0.075, 0.0125], "rotation": 180, "texture": "#2"},
				"down": {"uv": [0, 0, 0.075, 0.0125], "rotation": 180, "texture": "#2"}
			}
		},
		{
			"name": "S",
			"from": [8.1, 22.95, 9.525],
			"to": [8.25, 23.275, 9.55],
			"rotation": {"angle": 0, "axis": "y", "origin": [8, 23.09375, 9.5375]},
			"faces": {
				"north": {"uv": [0, 0, 0.075, 0.1625], "texture": "#2"},
				"east": {"uv": [0, 0, 0.0125, 0.1625], "texture": "#2"},
				"south": {"uv": [0, 0, 0.075, 0.1625], "texture": "#3"},
				"west": {"uv": [0, 0, 0.0125, 0.1625], "texture": "#2"},
				"up": {"uv": [0, 0, 0.075, 0.0125], "rotation": 180, "texture": "#2"},
				"down": {"uv": [0, 0, 0.075, 0.0125], "rotation": 180, "texture": "#2"}
			}
		},
		{
			"from": [7.3, 22.525, 6.425],
			"to": [8.7, 22.75, 9.575],
			"rotation": {"angle": 0, "axis": "x", "origin": [8, 22.1625, 8]},
			"faces": {
				"north": {"uv": [0, 0, 0.7, 0.1125], "texture": "#4"},
				"east": {"uv": [0, 0, 1.575, 0.1125], "texture": "#4"},
				"south": {"uv": [0, 0, 0.7, 0.1125], "texture": "#4"},
				"west": {"uv": [0, 0, 1.575, 0.1125], "texture": "#4"},
				"up": {"uv": [0, 0, 0.7, 1.575], "texture": "#4"},
				"down": {"uv": [0, 0, 0.7, 1.575], "texture": "#4"}
			}
		},
		{
			"from": [7.425, 22.525, 6.425],
			"to": [8.575, 22.75, 9.575],
			"rotation": {"angle": -45, "axis": "y", "origin": [8, 22.1625, 8]},
			"faces": {
				"north": {"uv": [0, 0, 0.575, 0.1125], "texture": "#4"},
				"east": {"uv": [0, 0, 1.575, 0.1125], "texture": "#4"},
				"south": {"uv": [0, 0, 0.575, 0.1125], "texture": "#4"},
				"west": {"uv": [0, 0, 1.575, 0.1125], "texture": "#4"},
				"up": {"uv": [0, 0, 0.575, 1.575], "texture": "#4"},
				"down": {"uv": [0, 0, 0.575, 1.575], "texture": "#4"}
			}
		},
		{
			"from": [7.425, 22.525, 6.425],
			"to": [8.575, 22.75, 9.575],
			"rotation": {"angle": 45, "axis": "y", "origin": [8, 22.1625, 8]},
			"faces": {
				"north": {"uv": [0, 0, 0.575, 0.1125], "texture": "#4"},
				"east": {"uv": [0, 0, 1.575, 0.1125], "texture": "#4"},
				"south": {"uv": [0, 0, 0.575, 0.1125], "texture": "#4"},
				"west": {"uv": [0, 0, 1.575, 0.1125], "texture": "#4"},
				"up": {"uv": [0, 0, 0.575, 1.575], "texture": "#4"},
				"down": {"uv": [0, 0, 0.575, 1.575], "texture": "#4"}
			}
		},
		{
			"from": [6.45, 22.525, 7.275],
			"to": [9.55, 22.75, 8.725],
			"rotation": {"angle": 0, "axis": "x", "origin": [8, 22.1625, 8]},
			"faces": {
				"north": {"uv": [0, 0, 1.55, 0.1125], "texture": "#4"},
				"east": {"uv": [0, 0, 0.725, 0.1125], "texture": "#4"},
				"south": {"uv": [0, 0, 1.55, 0.1125], "texture": "#4"},
				"west": {"uv": [0, 0, 0.725, 0.1125], "texture": "#4"},
				"up": {"uv": [0, 0, 0.725, 1.55], "rotation": 90, "texture": "#4"},
				"down": {"uv": [0, 0, 0.725, 1.55], "rotation": 270, "texture": "#4"}
			}
		},
		{
			"from": [7.325, 22.625, 6.475],
			"to": [8.675, 23.525, 9.525],
			"rotation": {"angle": 0, "axis": "y", "origin": [8, 22.9625, 8]},
			"faces": {
				"north": {"uv": [0, 0, 0.675, 0.45], "texture": "#2"},
				"east": {"uv": [0, 0, 1.525, 0.45], "texture": "#2"},
				"south": {"uv": [0, 0, 0.675, 0.45], "texture": "#2"},
				"west": {"uv": [0, 0, 1.525, 0.45], "texture": "#2"},
				"up": {"uv": [0, 0, 0.675, 1.525], "texture": "#2"},
				"down": {"uv": [0, 0, 0.675, 1.525], "texture": "#2"}
			}
		},
		{
			"from": [7.45, 22.625, 6.475],
			"to": [8.55, 23.525, 9.525],
			"rotation": {"angle": -45, "axis": "y", "origin": [8, 22.9625, 8]},
			"faces": {
				"north": {"uv": [0, 0, 0.55, 0.45], "texture": "#2"},
				"east": {"uv": [0, 0, 1.525, 0.45], "texture": "#2"},
				"south": {"uv": [0, 0, 0.55, 0.45], "texture": "#2"},
				"west": {"uv": [0, 0, 1.525, 0.45], "texture": "#2"},
				"up": {"uv": [0, 0, 0.55, 1.525], "texture": "#2"},
				"down": {"uv": [0, 0, 0.55, 1.525], "texture": "#2"}
			}
		},
		{
			"from": [7.45, 22.625, 6.475],
			"to": [8.55, 23.525, 9.525],
			"rotation": {"angle": 45, "axis": "y", "origin": [8, 22.9625, 8]},
			"faces": {
				"north": {"uv": [0, 0, 0.55, 0.45], "texture": "#2"},
				"east": {"uv": [0, 0, 1.525, 0.45], "texture": "#2"},
				"south": {"uv": [0, 0, 0.55, 0.45], "texture": "#2"},
				"west": {"uv": [0, 0, 1.525, 0.45], "texture": "#2"},
				"up": {"uv": [0, 0, 0.55, 1.525], "texture": "#2"},
				"down": {"uv": [0, 0, 0.55, 1.525], "texture": "#2"}
			}
		},
		{
			"from": [6.475, 22.625, 7.325],
			"to": [9.525, 23.525, 8.675],
			"rotation": {"angle": 0, "axis": "y", "origin": [8, 22.9625, 8]},
			"faces": {
				"north": {"uv": [0, 0, 1.525, 0.45], "texture": "#2"},
				"east": {"uv": [0, 0, 0.675, 0.45], "texture": "#2"},
				"south": {"uv": [0, 0, 1.525, 0.45], "texture": "#2"},
				"west": {"uv": [0, 0, 0.675, 0.45], "texture": "#2"},
				"up": {"uv": [0, 0, 0.675, 1.525], "rotation": 90, "texture": "#2"},
				"down": {"uv": [0, 0, 0.675, 1.525], "rotation": 270, "texture": "#2"}
			}
		},
		{
			"from": [7.425, 23.5, 6.6],
			"to": [8.575, 23.7, 9.4],
			"rotation": {"angle": 0, "axis": "y", "origin": [8, 23.8375, 8]},
			"faces": {
				"north": {"uv": [0, 0, 0.575, 0.1], "texture": "#2"},
				"east": {"uv": [0, 0, 1.4, 0.1], "texture": "#2"},
				"south": {"uv": [0, 0, 0.575, 0.1], "texture": "#2"},
				"west": {"uv": [0, 0, 1.4, 0.1], "texture": "#2"},
				"up": {"uv": [0, 0, 0.575, 1.4], "texture": "#2"},
				"down": {"uv": [0, 0, 0.575, 1.4], "texture": "#2"}
			}
		},
		{
			"from": [7.425, 23.5, 6.6],
			"to": [8.575, 23.7, 9.4],
			"rotation": {"angle": -45, "axis": "y", "origin": [8, 23.8375, 8]},
			"faces": {
				"north": {"uv": [0, 0, 0.575, 0.1], "texture": "#2"},
				"east": {"uv": [0, 0, 1.4, 0.1], "texture": "#2"},
				"south": {"uv": [0, 0, 0.575, 0.1], "texture": "#2"},
				"west": {"uv": [0, 0, 1.4, 0.1], "texture": "#2"},
				"up": {"uv": [0, 0, 0.575, 1.4], "texture": "#2"},
				"down": {"uv": [0, 0, 0.575, 1.4], "texture": "#2"}
			}
		},
		{
			"from": [7.425, 23.5, 6.6],
			"to": [8.575, 23.7, 9.4],
			"rotation": {"angle": 45, "axis": "y", "origin": [8, 23.8375, 8]},
			"faces": {
				"north": {"uv": [0, 0, 0.575, 0.1], "texture": "#2"},
				"east": {"uv": [0, 0, 1.4, 0.1], "texture": "#2"},
				"south": {"uv": [0, 0, 0.575, 0.1], "texture": "#2"},
				"west": {"uv": [0, 0, 1.4, 0.1], "texture": "#2"},
				"up": {"uv": [0, 0, 0.575, 1.4], "texture": "#2"},
				"down": {"uv": [0, 0, 0.575, 1.4], "texture": "#2"}
			}
		},
		{
			"from": [6.6, 23.5, 7.4],
			"to": [9.4, 23.7, 8.6],
			"rotation": {"angle": 0, "axis": "y", "origin": [8, 23.8375, 8]},
			"faces": {
				"north": {"uv": [0, 0, 1.4, 0.1], "texture": "#2"},
				"east": {"uv": [0, 0, 0.6, 0.1], "texture": "#2"},
				"south": {"uv": [0, 0, 1.4, 0.1], "texture": "#2"},
				"west": {"uv": [0, 0, 0.6, 0.1], "texture": "#2"},
				"up": {"uv": [0, 0, 0.6, 1.4], "rotation": 90, "texture": "#2"},
				"down": {"uv": [0, 0, 0.6, 1.4], "rotation": 270, "texture": "#2"}
			}
		},
		{
			"from": [7.325, 21.15, 6.475],
			"to": [8.675, 21.975, 9.525],
			"rotation": {"angle": 0, "axis": "y", "origin": [8, 21.4875, 8]},
			"faces": {
				"north": {"uv": [0, 0, 0.675, 0.4125], "texture": "#2"},
				"east": {"uv": [0, 0, 1.525, 0.4125], "texture": "#2"},
				"south": {"uv": [0, 0, 0.675, 0.4125], "texture": "#2"},
				"west": {"uv": [0, 0, 1.525, 0.4125], "texture": "#2"},
				"up": {"uv": [0, 0, 0.675, 1.525], "texture": "#2"},
				"down": {"uv": [0, 0, 0.675, 1.525], "texture": "#2"}
			}
		},
		{
			"from": [7.45, 21.15, 6.475],
			"to": [8.55, 21.975, 9.525],
			"rotation": {"angle": -45, "axis": "y", "origin": [8, 21.4875, 8]},
			"faces": {
				"north": {"uv": [0, 0, 0.55, 0.4125], "texture": "#2"},
				"east": {"uv": [0, 0, 1.525, 0.4125], "texture": "#2"},
				"south": {"uv": [0, 0, 0.55, 0.4125], "texture": "#2"},
				"west": {"uv": [0, 0, 1.525, 0.4125], "texture": "#2"},
				"up": {"uv": [0, 0, 0.55, 1.525], "texture": "#2"},
				"down": {"uv": [0, 0, 0.55, 1.525], "texture": "#2"}
			}
		},
		{
			"from": [7.45, 21.15, 6.475],
			"to": [8.55, 21.975, 9.525],
			"rotation": {"angle": 45, "axis": "y", "origin": [8, 21.4875, 8]},
			"faces": {
				"north": {"uv": [0, 0, 0.55, 0.4125], "texture": "#2"},
				"east": {"uv": [0, 0, 1.525, 0.4125], "texture": "#2"},
				"south": {"uv": [0, 0, 0.55, 0.4125], "texture": "#2"},
				"west": {"uv": [0, 0, 1.525, 0.4125], "texture": "#2"},
				"up": {"uv": [0, 0, 0.55, 1.525], "texture": "#2"},
				"down": {"uv": [0, 0, 0.55, 1.525], "texture": "#2"}
			}
		},
		{
			"from": [6.475, 21.15, 7.325],
			"to": [9.525, 21.975, 8.675],
			"rotation": {"angle": 0, "axis": "y", "origin": [8, 21.4875, 8]},
			"faces": {
				"north": {"uv": [0, 0, 1.525, 0.4125], "texture": "#2"},
				"east": {"uv": [0, 0, 0.675, 0.4125], "texture": "#2"},
				"south": {"uv": [0, 0, 1.525, 0.4125], "texture": "#2"},
				"west": {"uv": [0, 0, 0.675, 0.4125], "texture": "#2"},
				"up": {"uv": [0, 0, 0.675, 1.525], "rotation": 90, "texture": "#2"},
				"down": {"uv": [0, 0, 0.675, 1.525], "rotation": 270, "texture": "#2"}
			}
		},
		{
			"from": [7.3, 21.775, 6.425],
			"to": [8.7, 22, 9.575],
			"rotation": {"angle": 0, "axis": "x", "origin": [8, 21.4125, 8]},
			"faces": {
				"north": {"uv": [0, 0, 0.7, 0.1125], "texture": "#4"},
				"east": {"uv": [0, 0, 1.575, 0.1125], "texture": "#4"},
				"south": {"uv": [0, 0, 0.7, 0.1125], "texture": "#4"},
				"west": {"uv": [0, 0, 1.575, 0.1125], "texture": "#4"},
				"up": {"uv": [0, 0, 0.7, 1.575], "texture": "#4"},
				"down": {"uv": [0, 0, 0.7, 1.575], "texture": "#4"}
			}
		},
		{
			"from": [7.425, 21.775, 6.425],
			"to": [8.575, 22, 9.575],
			"rotation": {"angle": -45, "axis": "y", "origin": [8, 21.4125, 8]},
			"faces": {
				"north": {"uv": [0, 0, 0.575, 0.1125], "texture": "#4"},
				"east": {"uv": [0, 0, 1.575, 0.1125], "texture": "#4"},
				"south": {"uv": [0, 0, 0.575, 0.1125], "texture": "#4"},
				"west": {"uv": [0, 0, 1.575, 0.1125], "texture": "#4"},
				"up": {"uv": [0, 0, 0.575, 1.575], "texture": "#4"},
				"down": {"uv": [0, 0, 0.575, 1.575], "texture": "#4"}
			}
		},
		{
			"from": [7.425, 21.775, 6.425],
			"to": [8.575, 22, 9.575],
			"rotation": {"angle": 45, "axis": "y", "origin": [8, 21.4125, 8]},
			"faces": {
				"north": {"uv": [0, 0, 0.575, 0.1125], "texture": "#4"},
				"east": {"uv": [0, 0, 1.575, 0.1125], "texture": "#4"},
				"south": {"uv": [0, 0, 0.575, 0.1125], "texture": "#4"},
				"west": {"uv": [0, 0, 1.575, 0.1125], "texture": "#4"},
				"up": {"uv": [0, 0, 0.575, 1.575], "texture": "#4"},
				"down": {"uv": [0, 0, 0.575, 1.575], "texture": "#4"}
			}
		},
		{
			"from": [6.45, 21.775, 7.275],
			"to": [9.55, 22, 8.725],
			"rotation": {"angle": 0, "axis": "x", "origin": [8, 21.4125, 8]},
			"faces": {
				"north": {"uv": [0, 0, 1.55, 0.1125], "texture": "#4"},
				"east": {"uv": [0, 0, 0.725, 0.1125], "texture": "#4"},
				"south": {"uv": [0, 0, 1.55, 0.1125], "texture": "#4"},
				"west": {"uv": [0, 0, 0.725, 0.1125], "texture": "#4"},
				"up": {"uv": [0, 0, 0.725, 1.55], "rotation": 90, "texture": "#4"},
				"down": {"uv": [0, 0, 0.725, 1.55], "rotation": 270, "texture": "#4"}
			}
		},
		{
			"name": "Light Pulser",
			"from": [13.125, 14.6, 7.1],
			"to": [14.9, 15.375, 8.95],
			"rotation": {"angle": 0, "axis": "y", "origin": [14, 14.9125, 8.0125]},
			"faces": {
				"north": {"uv": [0, 0, 16, 4], "texture": "#5"},
				"east": {"uv": [0, 0, 16, 4], "texture": "#5"},
				"south": {"uv": [0, 0, 16, 4], "texture": "#5"},
				"west": {"uv": [0, 0, 16, 4], "texture": "#5"},
				"up": {"uv": [0, 0, 16, 0.5], "texture": "#5"},
				"down": {"uv": [0, 0, 0.8875, 0.925], "texture": "#1"}
			}
		},
		{
			"name": "Light Base",
			"from": [13.025, 14.25, 7],
			"to": [15, 14.625, 9.05],
			"rotation": {"angle": 0, "axis": "y", "origin": [14, 14.5625, 8.0125]},
			"faces": {
				"north": {"uv": [0, 0, 0.9875, 0.1875], "texture": "#1"},
				"east": {"uv": [0, 0, 1.025, 0.1875], "texture": "#1"},
				"south": {"uv": [0, 0, 0.9875, 0.1875], "texture": "#1"},
				"west": {"uv": [0, 0, 1.025, 0.1875], "texture": "#1"},
				"up": {"uv": [0, 0, 0.9875, 1.025], "texture": "#1"},
				"down": {"uv": [0, 0, 0.9875, 1.025], "texture": "#1"}
			}
		},
		{
			"name": "LightBase_Flare 1",
			"from": [12.875, 14.125, 6.85],
			"to": [15.15, 14.2, 9.2],
			"rotation": {"angle": 0, "axis": "y", "origin": [14, 14.3625, 8.0125]},
			"faces": {
				"north": {"uv": [0, 0, 1.1375, 0.0375], "texture": "#4"},
				"east": {"uv": [0, 0, 1.175, 0.0375], "texture": "#4"},
				"south": {"uv": [0, 0, 1.1375, 0.0375], "texture": "#4"},
				"west": {"uv": [0, 0, 1.175, 0.0375], "texture": "#4"},
				"up": {"uv": [0, 0, 1.1375, 1.175], "texture": "#4"},
				"down": {"uv": [0, 0, 1.1375, 1.175], "texture": "#4"}
			}
		},
		{
			"name": "LightBase_Flare 2",
			"from": [12.875, 13.975, 6.85],
			"to": [15.15, 14.05, 9.2],
			"rotation": {"angle": 0, "axis": "y", "origin": [14, 14.2125, 8.0125]},
			"faces": {
				"north": {"uv": [0, 0, 1.1375, 0.0375], "texture": "#4"},
				"east": {"uv": [0, 0, 1.175, 0.0375], "texture": "#4"},
				"south": {"uv": [0, 0, 1.1375, 0.0375], "texture": "#4"},
				"west": {"uv": [0, 0, 1.175, 0.0375], "texture": "#4"},
				"up": {"uv": [0, 0, 1.1375, 1.175], "texture": "#4"},
				"down": {"uv": [0, 0, 1.1375, 1.175], "texture": "#4"}
			}
		},
		{
			"name": "Sensor",
			"from": [1.675, 14.575, 7.65],
			"to": [2.35, 17.075, 8.4],
			"rotation": {"angle": 0, "axis": "y", "origin": [2, 14.8875, 8.0125]},
			"faces": {
				"north": {"uv": [0, 0, 0.3375, 1.25], "texture": "#1"},
				"east": {"uv": [0, 0, 0.375, 1.25], "texture": "#1"},
				"south": {"uv": [0, 0, 0.3375, 1.25], "texture": "#1"},
				"west": {"uv": [0, 0, 0.375, 1.25], "texture": "#1"},
				"up": {"uv": [0, 0, 0.3375, 0.375], "texture": "#1"},
				"down": {"uv": [0, 0, 0.3375, 0.375], "texture": "#1"}
			}
		},
		{
			"name": "SolarShield_Base",
			"from": [1.25, 17.075, 7.225],
			"to": [2.775, 17.375, 8.825],
			"rotation": {"angle": 0, "axis": "y", "origin": [2.0125, 17.225, 8.025]},
			"faces": {
				"north": {"uv": [0, 0, 0.7625, 0.15], "texture": "#2"},
				"east": {"uv": [0, 0, 0.8, 0.15], "texture": "#2"},
				"south": {"uv": [0, 0, 0.7625, 0.15], "texture": "#2"},
				"west": {"uv": [0, 0, 0.8, 0.15], "texture": "#2"},
				"up": {"uv": [0, 0, 0.7625, 0.8], "texture": "#2"},
				"down": {"uv": [0, 0, 0.7625, 0.8], "texture": "#2"}
			}
		},
		{
			"name": "SolarShield_O 2",
			"from": [1.25, 16.875, 8.625],
			"to": [2.775, 17.175, 9.275],
			"rotation": {"angle": 45, "axis": "x", "origin": [2.0125, 17.025, 8.975]},
			"faces": {
				"north": {"uv": [0, 0, 0.7625, 0.15], "texture": "#2"},
				"east": {"uv": [0, 0, 0.325, 0.15], "texture": "#2"},
				"south": {"uv": [0, 0, 0.7625, 0.15], "texture": "#2"},
				"west": {"uv": [0, 0, 0.325, 0.15], "texture": "#2"},
				"up": {"uv": [0, 0, 0.7625, 0.325], "texture": "#2"},
				"down": {"uv": [0, 0, 0.7625, 0.325], "texture": "#2"}
			}
		},
		{
			"name": "SolarShield_O 1",
			"from": [1.25, 16.65, 6.925],
			"to": [2.775, 17.375, 7.325],
			"rotation": {"angle": 45, "axis": "x", "origin": [2.0125, 17.025, 7.075]},
			"faces": {
				"north": {"uv": [0, 0, 0.7625, 0.3625], "rotation": 180, "texture": "#2"},
				"east": {"uv": [0, 0, 0.3625, 0.2], "rotation": 270, "texture": "#2"},
				"south": {"uv": [0, 0, 0.7625, 0.3625], "texture": "#2"},
				"west": {"uv": [0, 0, 0.3625, 0.2], "rotation": 90, "texture": "#2"},
				"up": {"uv": [0, 0, 0.7625, 0.2], "rotation": 180, "texture": "#2"},
				"down": {"uv": [0, 0, 0.7625, 0.2], "texture": "#2"}
			}
		},
		{
			"name": "SolarShield_O 2",
			"from": [0.9375, 16.65, 7.2375],
			"to": [1.2375, 17.375, 8.8125],
			"rotation": {"angle": -45, "axis": "z", "origin": [1.0875, 17.025, 8]},
			"faces": {
				"north": {"uv": [0, 0, 0.3625, 0.15], "rotation": 270, "texture": "#2"},
				"east": {"uv": [0, 0, 0.7875, 0.3625], "texture": "#2"},
				"south": {"uv": [0, 0, 0.3625, 0.15], "rotation": 90, "texture": "#2"},
				"west": {"uv": [0, 0, 0.7875, 0.3625], "rotation": 180, "texture": "#2"},
				"up": {"uv": [0, 0, 0.7875, 0.15], "rotation": 90, "texture": "#2"},
				"down": {"uv": [0, 0, 0.7875, 0.15], "rotation": 90, "texture": "#2"}
			}
		},
		{
			"name": "SolarShield_O 3",
			"from": [2.6375, 17, 7.2375],
			"to": [3.3625, 17.3, 8.8125],
			"rotation": {"angle": -45, "axis": "z", "origin": [2.8125, 17.15, 8]},
			"faces": {
				"north": {"uv": [0, 0, 0.3625, 0.15], "rotation": 180, "texture": "#2"},
				"east": {"uv": [0, 0, 0.7875, 0.15], "rotation": 180, "texture": "#2"},
				"south": {"uv": [0, 0, 0.3625, 0.15], "rotation": 180, "texture": "#2"},
				"west": {"uv": [0, 0, 0.7875, 0.15], "rotation": 180, "texture": "#2"},
				"up": {"uv": [0, 0, 0.7875, 0.3625], "rotation": 270, "texture": "#2"},
				"down": {"uv": [0, 0, 0.7875, 0.3625], "rotation": 90, "texture": "#2"}
			}
		},
		{
			"name": "SolarShield_Base",
			"from": [1.25, 16.35, 7.225],
			"to": [2.775, 16.65, 8.825],
			"rotation": {"angle": 0, "axis": "y", "origin": [2.0125, 16.5, 8.025]},
			"faces": {
				"north": {"uv": [0, 0, 0.7625, 0.15], "texture": "#2"},
				"east": {"uv": [0, 0, 0.8, 0.15], "texture": "#2"},
				"south": {"uv": [0, 0, 0.7625, 0.15], "texture": "#2"},
				"west": {"uv": [0, 0, 0.8, 0.15], "texture": "#2"},
				"up": {"uv": [0, 0, 0.7625, 0.8], "texture": "#2"},
				"down": {"uv": [0, 0, 0.7625, 0.8], "texture": "#2"}
			}
		},
		{
			"name": "SolarShield_O 3",
			"from": [1.25, 16.15, 8.625],
			"to": [2.775, 16.45, 9.15],
			"rotation": {"angle": 45, "axis": "x", "origin": [2.0125, 16.3, 8.975]},
			"faces": {
				"north": {"uv": [0, 0, 0.7625, 0.15], "texture": "#2"},
				"east": {"uv": [0, 0, 0.2625, 0.15], "texture": "#2"},
				"south": {"uv": [0, 0, 0.7625, 0.15], "texture": "#2"},
				"west": {"uv": [0, 0, 0.2625, 0.15], "texture": "#2"},
				"up": {"uv": [0, 0, 0.7625, 0.2625], "texture": "#2"},
				"down": {"uv": [0, 0, 0.7625, 0.2625], "texture": "#2"}
			}
		},
		{
			"name": "SolarShield_O 2",
			"from": [1.25, 16.125, 6.925],
			"to": [2.775, 16.65, 7.225],
			"rotation": {"angle": 45, "axis": "x", "origin": [2.0125, 16.3, 7.075]},
			"faces": {
				"north": {"uv": [0, 0, 0.7625, 0.2625], "rotation": 180, "texture": "#2"},
				"east": {"uv": [0, 0, 0.2625, 0.15], "rotation": 270, "texture": "#2"},
				"south": {"uv": [0, 0, 0.7625, 0.2625], "texture": "#2"},
				"west": {"uv": [0, 0, 0.2625, 0.15], "rotation": 90, "texture": "#2"},
				"up": {"uv": [0, 0, 0.7625, 0.15], "rotation": 180, "texture": "#2"},
				"down": {"uv": [0, 0, 0.7625, 0.15], "texture": "#2"}
			}
		},
		{
			"name": "SolarShield_O 3",
			"from": [0.9375, 16.125, 7.2375],
			"to": [1.2375, 16.65, 8.8125],
			"rotation": {"angle": -45, "axis": "z", "origin": [1.0875, 16.3, 8]},
			"faces": {
				"north": {"uv": [0, 0, 0.2625, 0.15], "rotation": 270, "texture": "#2"},
				"east": {"uv": [0, 0, 0.7875, 0.2625], "texture": "#2"},
				"south": {"uv": [0, 0, 0.2625, 0.15], "rotation": 90, "texture": "#2"},
				"west": {"uv": [0, 0, 0.7875, 0.2625], "rotation": 180, "texture": "#2"},
				"up": {"uv": [0, 0, 0.7875, 0.15], "rotation": 90, "texture": "#2"},
				"down": {"uv": [0, 0, 0.7875, 0.15], "rotation": 90, "texture": "#2"}
			}
		},
		{
			"name": "SolarShield_O 4",
			"from": [2.6375, 16.275, 7.2375],
			"to": [3.1625, 16.575, 8.8125],
			"rotation": {"angle": -45, "axis": "z", "origin": [2.8125, 16.425, 8]},
			"faces": {
				"north": {"uv": [0, 0, 0.2625, 0.15], "rotation": 180, "texture": "#2"},
				"east": {"uv": [0, 0, 0.7875, 0.15], "rotation": 180, "texture": "#2"},
				"south": {"uv": [0, 0, 0.2625, 0.15], "rotation": 180, "texture": "#2"},
				"west": {"uv": [0, 0, 0.7875, 0.15], "rotation": 180, "texture": "#2"},
				"up": {"uv": [0, 0, 0.7875, 0.2625], "rotation": 270, "texture": "#2"},
				"down": {"uv": [0, 0, 0.7875, 0.2625], "rotation": 90, "texture": "#2"}
			}
		},
		{
			"name": "SolarShield_Base",
			"from": [1.25, 15.7, 7.225],
			"to": [2.775, 16, 8.825],
			"rotation": {"angle": 0, "axis": "y", "origin": [2.0125, 15.85, 8.025]},
			"faces": {
				"north": {"uv": [0, 0, 0.7625, 0.15], "texture": "#2"},
				"east": {"uv": [0, 0, 0.8, 0.15], "texture": "#2"},
				"south": {"uv": [0, 0, 0.7625, 0.15], "texture": "#2"},
				"west": {"uv": [0, 0, 0.8, 0.15], "texture": "#2"},
				"up": {"uv": [0, 0, 0.7625, 0.8], "texture": "#2"},
				"down": {"uv": [0, 0, 0.7625, 0.8], "texture": "#2"}
			}
		},
		{
			"name": "SolarShield_O 4",
			"from": [1.25, 15.5, 8.625],
			"to": [2.775, 15.8, 9.15],
			"rotation": {"angle": 45, "axis": "x", "origin": [2.0125, 15.65, 8.975]},
			"faces": {
				"north": {"uv": [0, 0, 0.7625, 0.15], "texture": "#2"},
				"east": {"uv": [0, 0, 0.2625, 0.15], "texture": "#2"},
				"south": {"uv": [0, 0, 0.7625, 0.15], "texture": "#2"},
				"west": {"uv": [0, 0, 0.2625, 0.15], "texture": "#2"},
				"up": {"uv": [0, 0, 0.7625, 0.2625], "texture": "#2"},
				"down": {"uv": [0, 0, 0.7625, 0.2625], "texture": "#2"}
			}
		},
		{
			"name": "SolarShield_O 3",
			"from": [1.25, 15.475, 6.925],
			"to": [2.775, 16, 7.225],
			"rotation": {"angle": 45, "axis": "x", "origin": [2.0125, 15.65, 7.075]},
			"faces": {
				"north": {"uv": [0, 0, 0.7625, 0.2625], "rotation": 180, "texture": "#2"},
				"east": {"uv": [0, 0, 0.2625, 0.15], "rotation": 270, "texture": "#2"},
				"south": {"uv": [0, 0, 0.7625, 0.2625], "texture": "#2"},
				"west": {"uv": [0, 0, 0.2625, 0.15], "rotation": 90, "texture": "#2"},
				"up": {"uv": [0, 0, 0.7625, 0.15], "rotation": 180, "texture": "#2"},
				"down": {"uv": [0, 0, 0.7625, 0.15], "texture": "#2"}
			}
		},
		{
			"name": "SolarShield_O 4",
			"from": [0.9375, 15.475, 7.2375],
			"to": [1.2375, 16, 8.8125],
			"rotation": {"angle": -45, "axis": "z", "origin": [1.0875, 15.65, 8]},
			"faces": {
				"north": {"uv": [0, 0, 0.2625, 0.15], "rotation": 270, "texture": "#2"},
				"east": {"uv": [0, 0, 0.7875, 0.2625], "texture": "#2"},
				"south": {"uv": [0, 0, 0.2625, 0.15], "rotation": 90, "texture": "#2"},
				"west": {"uv": [0, 0, 0.7875, 0.2625], "rotation": 180, "texture": "#2"},
				"up": {"uv": [0, 0, 0.7875, 0.15], "rotation": 90, "texture": "#2"},
				"down": {"uv": [0, 0, 0.7875, 0.15], "rotation": 90, "texture": "#2"}
			}
		},
		{
			"name": "SolarShield_O 5",
			"from": [2.6375, 15.625, 7.2375],
			"to": [3.1625, 15.925, 8.8125],
			"rotation": {"angle": -45, "axis": "z", "origin": [2.8125, 15.775, 8]},
			"faces": {
				"north": {"uv": [0, 0, 0.2625, 0.15], "rotation": 180, "texture": "#2"},
				"east": {"uv": [0, 0, 0.7875, 0.15], "rotation": 180, "texture": "#2"},
				"south": {"uv": [0, 0, 0.2625, 0.15], "rotation": 180, "texture": "#2"},
				"west": {"uv": [0, 0, 0.7875, 0.15], "rotation": 180, "texture": "#2"},
				"up": {"uv": [0, 0, 0.7875, 0.2625], "rotation": 270, "texture": "#2"},
				"down": {"uv": [0, 0, 0.7875, 0.2625], "rotation": 90, "texture": "#2"}
			}
		},
		{
			"name": "SolarShield_Base",
			"from": [1.25, 15.05, 7.225],
			"to": [2.775, 15.35, 8.825],
			"rotation": {"angle": 0, "axis": "y", "origin": [2.0125, 15.2, 8.025]},
			"faces": {
				"north": {"uv": [0, 0, 0.7625, 0.15], "texture": "#2"},
				"east": {"uv": [0, 0, 0.8, 0.15], "texture": "#2"},
				"south": {"uv": [0, 0, 0.7625, 0.15], "texture": "#2"},
				"west": {"uv": [0, 0, 0.8, 0.15], "texture": "#2"},
				"up": {"uv": [0, 0, 0.7625, 0.8], "texture": "#2"},
				"down": {"uv": [0, 0, 0.7625, 0.8], "texture": "#2"}
			}
		},
		{
			"name": "SolarShield_O 5",
			"from": [1.25, 14.85, 8.625],
			"to": [2.775, 15.15, 9.15],
			"rotation": {"angle": 45, "axis": "x", "origin": [2.0125, 15, 8.975]},
			"faces": {
				"north": {"uv": [0, 0, 0.7625, 0.15], "texture": "#2"},
				"east": {"uv": [0, 0, 0.2625, 0.15], "texture": "#2"},
				"south": {"uv": [0, 0, 0.7625, 0.15], "texture": "#2"},
				"west": {"uv": [0, 0, 0.2625, 0.15], "texture": "#2"},
				"up": {"uv": [0, 0, 0.7625, 0.2625], "texture": "#2"},
				"down": {"uv": [0, 0, 0.7625, 0.2625], "texture": "#2"}
			}
		},
		{
			"name": "SolarShield_O 4",
			"from": [1.25, 14.825, 6.925],
			"to": [2.775, 15.35, 7.225],
			"rotation": {"angle": 45, "axis": "x", "origin": [2.0125, 15, 7.075]},
			"faces": {
				"north": {"uv": [0, 0, 0.7625, 0.2625], "rotation": 180, "texture": "#2"},
				"east": {"uv": [0, 0, 0.2625, 0.15], "rotation": 270, "texture": "#2"},
				"south": {"uv": [0, 0, 0.7625, 0.2625], "texture": "#2"},
				"west": {"uv": [0, 0, 0.2625, 0.15], "rotation": 90, "texture": "#2"},
				"up": {"uv": [0, 0, 0.7625, 0.15], "rotation": 180, "texture": "#2"},
				"down": {"uv": [0, 0, 0.7625, 0.15], "texture": "#2"}
			}
		},
		{
			"name": "SolarShield_O 5",
			"from": [0.9375, 14.825, 7.2375],
			"to": [1.2375, 15.35, 8.8125],
			"rotation": {"angle": -45, "axis": "z", "origin": [1.0875, 15, 8]},
			"faces": {
				"north": {"uv": [0, 0, 0.2625, 0.15], "rotation": 270, "texture": "#2"},
				"east": {"uv": [0, 0, 0.7875, 0.2625], "texture": "#2"},
				"south": {"uv": [0, 0, 0.2625, 0.15], "rotation": 90, "texture": "#2"},
				"west": {"uv": [0, 0, 0.7875, 0.2625], "rotation": 180, "texture": "#2"},
				"up": {"uv": [0, 0, 0.7875, 0.15], "rotation": 90, "texture": "#2"},
				"down": {"uv": [0, 0, 0.7875, 0.15], "rotation": 90, "texture": "#2"}
			}
		},
		{
			"name": "SolarShield_O 6",
			"from": [2.6375, 14.975, 7.2375],
			"to": [3.1625, 15.275, 8.8125],
			"rotation": {"angle": -45, "axis": "z", "origin": [2.8125, 15.125, 8]},
			"faces": {
				"north": {"uv": [0, 0, 0.2625, 0.15], "rotation": 180, "texture": "#2"},
				"east": {"uv": [0, 0, 0.7875, 0.15], "rotation": 180, "texture": "#2"},
				"south": {"uv": [0, 0, 0.2625, 0.15], "rotation": 180, "texture": "#2"},
				"west": {"uv": [0, 0, 0.7875, 0.15], "rotation": 180, "texture": "#2"},
				"up": {"uv": [0, 0, 0.7875, 0.2625], "rotation": 270, "texture": "#2"},
				"down": {"uv": [0, 0, 0.7875, 0.2625], "rotation": 90, "texture": "#2"}
			}
		},
		{
			"name": "Connect Weld 1",
			"from": [2.975, 11.15, 6.9],
			"to": [4, 13.425, 9.1],
			"rotation": {"angle": 0, "axis": "y", "origin": [2, 11, 7]},
			"faces": {
				"north": {"uv": [0, 0, 0.5125, 1.1375], "texture": "#1"},
				"east": {"uv": [0, 0, 1.1, 1.1375], "texture": "#1"},
				"south": {"uv": [0, 0, 0.5125, 1.1375], "texture": "#1"},
				"west": {"uv": [0, 0, 1.1, 1.1375], "texture": "#1"},
				"up": {"uv": [0, 0, 0.5125, 1.1], "texture": "#1"},
				"down": {"uv": [0, 0, 0.5125, 1.1], "texture": "#1"}
			}
		},
		{
			"name": "Connect Weld 2",
			"from": [12.025, 11.15, 6.9],
			"to": [13.05, 13.425, 9.1],
			"rotation": {"angle": 0, "axis": "y", "origin": [12.5375, 12.2875, 8]},
			"faces": {
				"north": {"uv": [0, 0, 0.5125, 1.1375], "texture": "#1"},
				"east": {"uv": [0, 0, 1.1, 1.1375], "texture": "#1"},
				"south": {"uv": [0, 0, 0.5125, 1.1375], "texture": "#1"},
				"west": {"uv": [0, 0, 1.1, 1.1375], "texture": "#1"},
				"up": {"uv": [0, 0, 0.5125, 1.1], "texture": "#1"},
				"down": {"uv": [0, 0, 0.5125, 1.1], "texture": "#1"}
			}
		},
		{
			"name": "Join Weld 1",
			"from": [2.55, 11.225, 7.025],
			"to": [2.975, 13.3, 8.975],
			"rotation": {"angle": 0, "axis": "y", "origin": [0.975, 11, 7]},
			"faces": {
				"north": {"uv": [0, 0, 0.2125, 1.0375], "texture": "#1"},
				"east": {"uv": [0, 0, 0.975, 1.0375], "texture": "#1"},
				"south": {"uv": [0, 0, 0.2125, 1.0375], "texture": "#1"},
				"west": {"uv": [0, 0, 0.975, 1.0375], "texture": "#1"},
				"up": {"uv": [0, 0, 0.2125, 0.975], "texture": "#1"},
				"down": {"uv": [0, 0, 0.2125, 0.975], "texture": "#1"}
			}
		},
		{
			"name": "Join Weld 2",
			"from": [13.05, 11.225, 7.025],
			"to": [13.475, 13.3, 8.975],
			"rotation": {"angle": 0, "axis": "y", "origin": [13.2625, 12.2625, 8]},
			"faces": {
				"north": {"uv": [0, 0, 0.2125, 1.0375], "texture": "#1"},
				"east": {"uv": [0, 0, 0.975, 1.0375], "texture": "#1"},
				"south": {"uv": [0, 0, 0.2125, 1.0375], "texture": "#1"},
				"west": {"uv": [0, 0, 0.975, 1.0375], "texture": "#1"},
				"up": {"uv": [0, 0, 0.2125, 0.975], "texture": "#1"},
				"down": {"uv": [0, 0, 0.2125, 0.975], "texture": "#1"}
			}
		},
		{
			"name": "Close Weld 1-1",
			"from": [0.95, 14.075, 6.925],
			"to": [3.075, 14.55, 9.125],
			"rotation": {"angle": 0, "axis": "y", "origin": [2, 14.3875, 8.0125]},
			"faces": {
				"north": {"uv": [0, 0, 1.0625, 0.2375], "texture": "#1"},
				"east": {"uv": [0, 0, 1.1, 0.2375], "texture": "#1"},
				"south": {"uv": [0, 0, 1.0625, 0.2375], "texture": "#1"},
				"west": {"uv": [0, 0, 1.1, 0.2375], "texture": "#1"},
				"up": {"uv": [0, 0, 1.0625, 1.1], "texture": "#1"},
				"down": {"uv": [0, 0, 1.0625, 1.1], "texture": "#1"}
			}
		},
		{
			"name": "Close Weld 1-2",
			"from": [0.95, 10.325, 6.925],
			"to": [3.075, 10.8, 9.125],
			"rotation": {"angle": 0, "axis": "y", "origin": [2, 10.6375, 8.0125]},
			"faces": {
				"north": {"uv": [0, 0, 1.0625, 0.2375], "texture": "#1"},
				"east": {"uv": [0, 0, 1.1, 0.2375], "texture": "#1"},
				"south": {"uv": [0, 0, 1.0625, 0.2375], "texture": "#1"},
				"west": {"uv": [0, 0, 1.1, 0.2375], "texture": "#1"},
				"up": {"uv": [0, 0, 1.0625, 1.1], "texture": "#1"},
				"down": {"uv": [0, 0, 1.0625, 1.1], "texture": "#1"}
			}
		},
		{
			"name": "Close Weld 1-3",
			"from": [12.95, 13.85, 6.925],
			"to": [15.075, 14.325, 9.125],
			"rotation": {"angle": 0, "axis": "y", "origin": [14, 14.1625, 8.0125]},
			"faces": {
				"north": {"uv": [0, 0, 1.0625, 0.2375], "texture": "#1"},
				"east": {"uv": [0, 0, 1.1, 0.2375], "texture": "#1"},
				"south": {"uv": [0, 0, 1.0625, 0.2375], "texture": "#1"},
				"west": {"uv": [0, 0, 1.1, 0.2375], "texture": "#1"},
				"up": {"uv": [0, 0, 1.0625, 1.1], "texture": "#1"},
				"down": {"uv": [0, 0, 1.0625, 1.1], "texture": "#1"}
			}
		},
		{
			"name": "Close Weld 1-4",
			"from": [12.95, 11.125, 6.925],
			"to": [15.075, 11.6, 9.125],
			"rotation": {"angle": 0, "axis": "y", "origin": [14, 11.4375, 8.0125]},
			"faces": {
				"north": {"uv": [0, 0, 1.0625, 0.2375], "texture": "#1"},
				"east": {"uv": [0, 0, 1.1, 0.2375], "texture": "#1"},
				"south": {"uv": [0, 0, 1.0625, 0.2375], "texture": "#1"},
				"west": {"uv": [0, 0, 1.1, 0.2375], "texture": "#1"},
				"up": {"uv": [0, 0, 1.0625, 1.1], "texture": "#1"},
				"down": {"uv": [0, 0, 1.0625, 1.1], "texture": "#1"}
			}
		},
		{
			"name": "hexadecagon",
			"from": [7.80109, 7, 7],
			"to": [8.19891, 20, 9],
			"rotation": {"angle": -45, "axis": "y", "origin": [8, 7.5, 8]},
			"faces": {
				"north": {"uv": [0, 0, 0.5, 0.5], "texture": "#1"},
				"east": {"uv": [0, 0, 0.5, 0.5], "texture": "#1"},
				"south": {"uv": [0, 0, 0.5, 0.5], "texture": "#1"},
				"west": {"uv": [0, 0, 0.5, 0.5], "texture": "#1"},
				"up": {"uv": [0, 0, 0.5, 0.5], "texture": "#1"},
				"down": {"uv": [0, 0, 0.5, 0.5], "texture": "#1"}
			}
		},
		{
			"name": "hexadecagon",
			"from": [7.80109, 7, 7],
			"to": [8.19891, 20, 9],
			"rotation": {"angle": -22.5, "axis": "y", "origin": [8, 7.5, 8]},
			"faces": {
				"north": {"uv": [0, 0, 0.5, 0.5], "texture": "#1"},
				"east": {"uv": [0, 0, 0.5, 0.5], "texture": "#1"},
				"south": {"uv": [0, 0, 0.5, 0.5], "texture": "#1"},
				"west": {"uv": [0, 0, 0.5, 0.5], "texture": "#1"},
				"up": {"uv": [0, 0, 0.5, 0.5], "texture": "#1"},
				"down": {"uv": [0, 0, 0.5, 0.5], "texture": "#1"}
			}
		},
		{
			"name": "hexadecagon",
			"from": [7.80109, 7, 7],
			"to": [8.19891, 20, 9],
			"rotation": {"angle": 0, "axis": "y", "origin": [8, 7.5, 8]},
			"faces": {
				"north": {"uv": [0, 0, 0.5, 0.5], "texture": "#1"},
				"east": {"uv": [0, 0, 0.5, 0.5], "texture": "#1"},
				"south": {"uv": [0, 0, 0.5, 0.5], "texture": "#1"},
				"west": {"uv": [0, 0, 0.5, 0.5], "texture": "#1"},
				"up": {"uv": [0, 0, 0.5, 0.5], "texture": "#1"},
				"down": {"uv": [0, 0, 0.5, 0.5], "texture": "#1"}
			}
		},
		{
			"name": "hexadecagon",
			"from": [7.80109, 7, 7],
			"to": [8.19891, 20, 9],
			"rotation": {"angle": 22.5, "axis": "y", "origin": [8, 7.5, 8]},
			"faces": {
				"north": {"uv": [0, 0, 0.5, 0.5], "texture": "#1"},
				"east": {"uv": [0, 0, 0.5, 0.5], "texture": "#1"},
				"south": {"uv": [0, 0, 0.5, 0.5], "texture": "#1"},
				"west": {"uv": [0, 0, 0.5, 0.5], "texture": "#1"},
				"up": {"uv": [0, 0, 0.5, 0.5], "texture": "#1"},
				"down": {"uv": [0, 0, 0.5, 0.5], "texture": "#1"}
			}
		},
		{
			"name": "hexadecagon",
			"from": [7.80109, 7, 7],
			"to": [8.19891, 20, 9],
			"rotation": {"angle": 45, "axis": "y", "origin": [8, 7.5, 8]},
			"faces": {
				"north": {"uv": [0, 0, 0.5, 0.5], "texture": "#1"},
				"east": {"uv": [0, 0, 0.5, 0.5], "texture": "#1"},
				"south": {"uv": [0, 0, 0.5, 0.5], "texture": "#1"},
				"west": {"uv": [0, 0, 0.5, 0.5], "texture": "#1"},
				"up": {"uv": [0, 0, 0.5, 0.5], "texture": "#1"},
				"down": {"uv": [0, 0, 0.5, 0.5], "texture": "#1"}
			}
		},
		{
			"name": "hexadecagon",
			"from": [7, 7, 7.80109],
			"to": [9, 20, 8.19891],
			"rotation": {"angle": -22.5, "axis": "y", "origin": [8, 7.5, 8]},
			"faces": {
				"north": {"uv": [0, 0, 0.5, 0.5], "texture": "#1"},
				"east": {"uv": [0, 0, 0.5, 0.5], "texture": "#1"},
				"south": {"uv": [0, 0, 0.5, 0.5], "texture": "#1"},
				"west": {"uv": [0, 0, 0.5, 0.5], "texture": "#1"},
				"up": {"uv": [0, 0, 0.5, 0.5], "texture": "#1"},
				"down": {"uv": [0, 0, 0.5, 0.5], "texture": "#1"}
			}
		},
		{
			"name": "hexadecagon",
			"from": [7, 7, 7.80109],
			"to": [9, 20, 8.19891],
			"rotation": {"angle": 0, "axis": "y", "origin": [8, 7.5, 8]},
			"faces": {
				"north": {"uv": [0, 0, 0.5, 0.5], "texture": "#1"},
				"east": {"uv": [0, 0, 0.5, 0.5], "texture": "#1"},
				"south": {"uv": [0, 0, 0.5, 0.5], "texture": "#1"},
				"west": {"uv": [0, 0, 0.5, 0.5], "texture": "#1"},
				"up": {"uv": [0, 0, 0.5, 0.5], "texture": "#1"},
				"down": {"uv": [0, 0, 0.5, 0.5], "texture": "#1"}
			}
		},
		{
			"name": "hexadecagon",
			"from": [7, 7, 7.80109],
			"to": [9, 20, 8.19891],
			"rotation": {"angle": 22.5, "axis": "y", "origin": [8, 7.5, 8]},
			"faces": {
				"north": {"uv": [0, 0, 0.5, 0.5], "texture": "#1"},
				"east": {"uv": [0, 0, 0.5, 0.5], "texture": "#1"},
				"south": {"uv": [0, 0, 0.5, 0.5], "texture": "#1"},
				"west": {"uv": [0, 0, 0.5, 0.5], "texture": "#1"},
				"up": {"uv": [0, 0, 0.5, 0.5], "texture": "#1"},
				"down": {"uv": [0, 0, 0.5, 0.5], "texture": "#1"}
			}
		},
		{
			"name": "hexadecagon",
			"from": [3, 12.05109, 7],
			"to": [13, 12.44891, 9],
			"rotation": {"angle": -45, "axis": "x", "origin": [8, 12.25, 8]},
			"faces": {
				"north": {"uv": [0, 0, 0.5, 0.5], "texture": "#1"},
				"east": {"uv": [0, 0, 0.5, 0.5], "texture": "#1"},
				"south": {"uv": [0, 0, 0.5, 0.5], "texture": "#1"},
				"west": {"uv": [0, 0, 0.5, 0.5], "texture": "#1"},
				"up": {"uv": [0, 0, 0.5, 0.5], "texture": "#1"},
				"down": {"uv": [0, 0, 0.5, 0.5], "texture": "#1"}
			}
		},
		{
			"name": "hexadecagon",
			"from": [3, 12.05109, 7],
			"to": [13, 12.44891, 9],
			"rotation": {"angle": -22.5, "axis": "x", "origin": [8, 12.25, 8]},
			"faces": {
				"north": {"uv": [0, 0, 0.5, 0.5], "texture": "#1"},
				"east": {"uv": [0, 0, 0.5, 0.5], "texture": "#1"},
				"south": {"uv": [0, 0, 0.5, 0.5], "texture": "#1"},
				"west": {"uv": [0, 0, 0.5, 0.5], "texture": "#1"},
				"up": {"uv": [0, 0, 0.5, 0.5], "texture": "#1"},
				"down": {"uv": [0, 0, 0.5, 0.5], "texture": "#1"}
			}
		},
		{
			"name": "hexadecagon",
			"from": [3, 12.05109, 7],
			"to": [13, 12.44891, 9],
			"rotation": {"angle": 0, "axis": "x", "origin": [8, 12.25, 8]},
			"faces": {
				"north": {"uv": [0, 0, 0.5, 0.5], "texture": "#1"},
				"east": {"uv": [0, 0, 0.5, 0.5], "texture": "#1"},
				"south": {"uv": [0, 0, 0.5, 0.5], "texture": "#1"},
				"west": {"uv": [0, 0, 0.5, 0.5], "texture": "#1"},
				"up": {"uv": [0, 0, 0.5, 0.5], "texture": "#1"},
				"down": {"uv": [0, 0, 0.5, 0.5], "texture": "#1"}
			}
		},
		{
			"name": "hexadecagon",
			"from": [3, 12.05109, 7],
			"to": [13, 12.44891, 9],
			"rotation": {"angle": 22.5, "axis": "x", "origin": [8, 12.25, 8]},
			"faces": {
				"north": {"uv": [0, 0, 0.5, 0.5], "texture": "#1"},
				"east": {"uv": [0, 0, 0.5, 0.5], "texture": "#1"},
				"south": {"uv": [0, 0, 0.5, 0.5], "texture": "#1"},
				"west": {"uv": [0, 0, 0.5, 0.5], "texture": "#1"},
				"up": {"uv": [0, 0, 0.5, 0.5], "texture": "#1"},
				"down": {"uv": [0, 0, 0.5, 0.5], "texture": "#1"}
			}
		},
		{
			"name": "hexadecagon",
			"from": [3, 12.05109, 7],
			"to": [13, 12.44891, 9],
			"rotation": {"angle": 45, "axis": "x", "origin": [8, 12.25, 8]},
			"faces": {
				"north": {"uv": [0, 0, 0.5, 0.5], "texture": "#1"},
				"east": {"uv": [0, 0, 0.5, 0.5], "texture": "#1"},
				"south": {"uv": [0, 0, 0.5, 0.5], "texture": "#1"},
				"west": {"uv": [0, 0, 0.5, 0.5], "texture": "#1"},
				"up": {"uv": [0, 0, 0.5, 0.5], "texture": "#1"},
				"down": {"uv": [0, 0, 0.5, 0.5], "texture": "#1"}
			}
		},
		{
			"name": "hexadecagon",
			"from": [3, 11.25, 7.80109],
			"to": [13, 13.25, 8.19891],
			"rotation": {"angle": -22.5, "axis": "x", "origin": [8, 12.25, 8]},
			"faces": {
				"north": {"uv": [0, 0, 0.5, 0.5], "texture": "#1"},
				"east": {"uv": [0, 0, 0.5, 0.5], "texture": "#1"},
				"south": {"uv": [0, 0, 0.5, 0.5], "texture": "#1"},
				"west": {"uv": [0, 0, 0.5, 0.5], "texture": "#1"},
				"up": {"uv": [0, 0, 0.5, 0.5], "texture": "#1"},
				"down": {"uv": [0, 0, 0.5, 0.5], "texture": "#1"}
			}
		},
		{
			"name": "hexadecagon",
			"from": [3, 11.25, 7.80109],
			"to": [13, 13.25, 8.19891],
			"rotation": {"angle": 0, "axis": "x", "origin": [8, 12.25, 8]},
			"faces": {
				"north": {"uv": [0, 0, 0.5, 0.5], "texture": "#1"},
				"east": {"uv": [0, 0, 0.5, 0.5], "texture": "#1"},
				"south": {"uv": [0, 0, 0.5, 0.5], "texture": "#1"},
				"west": {"uv": [0, 0, 0.5, 0.5], "texture": "#1"},
				"up": {"uv": [0, 0, 0.5, 0.5], "texture": "#1"},
				"down": {"uv": [0, 0, 0.5, 0.5], "texture": "#1"}
			}
		},
		{
			"name": "hexadecagon",
			"from": [3, 11.25, 7.80109],
			"to": [13, 13.25, 8.19891],
			"rotation": {"angle": 22.5, "axis": "x", "origin": [8, 12.25, 8]},
			"faces": {
				"north": {"uv": [0, 0, 0.5, 0.5], "texture": "#1"},
				"east": {"uv": [0, 0, 0.5, 0.5], "texture": "#1"},
				"south": {"uv": [0, 0, 0.5, 0.5], "texture": "#1"},
				"west": {"uv": [0, 0, 0.5, 0.5], "texture": "#1"},
				"up": {"uv": [0, 0, 0.5, 0.5], "texture": "#1"},
				"down": {"uv": [0, 0, 0.5, 0.5], "texture": "#1"}
			}
		},
		{
			"name": "hexadecagon",
			"from": [1.80109, 10.5, 7],
			"to": [2.19891, 14.25, 9],
			"rotation": {"angle": -45, "axis": "y", "origin": [2, 11, 8]},
			"faces": {
				"north": {"uv": [0, 0, 0.5, 0.5], "texture": "#1"},
				"east": {"uv": [0, 0, 0.5, 0.5], "texture": "#1"},
				"south": {"uv": [0, 0, 0.5, 0.5], "texture": "#1"},
				"west": {"uv": [0, 0, 0.5, 0.5], "texture": "#1"},
				"up": {"uv": [0, 0, 0.5, 0.5], "texture": "#1"},
				"down": {"uv": [0, 0, 0.5, 0.5], "texture": "#1"}
			}
		},
		{
			"name": "hexadecagon",
			"from": [1.80109, 10.5, 7],
			"to": [2.19891, 14.25, 9],
			"rotation": {"angle": -22.5, "axis": "y", "origin": [2, 11, 8]},
			"faces": {
				"north": {"uv": [0, 0, 0.5, 0.5], "texture": "#1"},
				"east": {"uv": [0, 0, 0.5, 0.5], "texture": "#1"},
				"south": {"uv": [0, 0, 0.5, 0.5], "texture": "#1"},
				"west": {"uv": [0, 0, 0.5, 0.5], "texture": "#1"},
				"up": {"uv": [0, 0, 0.5, 0.5], "texture": "#1"},
				"down": {"uv": [0, 0, 0.5, 0.5], "texture": "#1"}
			}
		},
		{
			"name": "hexadecagon",
			"from": [1.80109, 10.5, 7],
			"to": [2.19891, 14.25, 9],
			"rotation": {"angle": 0, "axis": "y", "origin": [2, 11, 8]},
			"faces": {
				"north": {"uv": [0, 0, 0.5, 0.5], "texture": "#1"},
				"east": {"uv": [0, 0, 0.5, 0.5], "texture": "#1"},
				"south": {"uv": [0, 0, 0.5, 0.5], "texture": "#1"},
				"west": {"uv": [0, 0, 0.5, 0.5], "texture": "#1"},
				"up": {"uv": [0, 0, 0.5, 0.5], "texture": "#1"},
				"down": {"uv": [0, 0, 0.5, 0.5], "texture": "#1"}
			}
		},
		{
			"name": "hexadecagon",
			"from": [1.80109, 10.5, 7],
			"to": [2.19891, 14.25, 9],
			"rotation": {"angle": 22.5, "axis": "y", "origin": [2, 11, 8]},
			"faces": {
				"north": {"uv": [0, 0, 0.5, 0.5], "texture": "#1"},
				"east": {"uv": [0, 0, 0.5, 0.5], "texture": "#1"},
				"south": {"uv": [0, 0, 0.5, 0.5], "texture": "#1"},
				"west": {"uv": [0, 0, 0.5, 0.5], "texture": "#1"},
				"up": {"uv": [0, 0, 0.5, 0.5], "texture": "#1"},
				"down": {"uv": [0, 0, 0.5, 0.5], "texture": "#1"}
			}
		},
		{
			"name": "hexadecagon",
			"from": [1.80109, 10.5, 7],
			"to": [2.19891, 14.25, 9],
			"rotation": {"angle": 45, "axis": "y", "origin": [2, 11, 8]},
			"faces": {
				"north": {"uv": [0, 0, 0.5, 0.5], "texture": "#1"},
				"east": {"uv": [0, 0, 0.5, 0.5], "texture": "#1"},
				"south": {"uv": [0, 0, 0.5, 0.5], "texture": "#1"},
				"west": {"uv": [0, 0, 0.5, 0.5], "texture": "#1"},
				"up": {"uv": [0, 0, 0.5, 0.5], "texture": "#1"},
				"down": {"uv": [0, 0, 0.5, 0.5], "texture": "#1"}
			}
		},
		{
			"name": "hexadecagon",
			"from": [1, 10.5, 7.80109],
			"to": [3, 14.25, 8.19891],
			"rotation": {"angle": -22.5, "axis": "y", "origin": [2, 11, 8]},
			"faces": {
				"north": {"uv": [0, 0, 0.5, 0.5], "texture": "#1"},
				"east": {"uv": [0, 0, 0.5, 0.5], "texture": "#1"},
				"south": {"uv": [0, 0, 0.5, 0.5], "texture": "#1"},
				"west": {"uv": [0, 0, 0.5, 0.5], "texture": "#1"},
				"up": {"uv": [0, 0, 0.5, 0.5], "texture": "#1"},
				"down": {"uv": [0, 0, 0.5, 0.5], "texture": "#1"}
			}
		},
		{
			"name": "hexadecagon",
			"from": [1, 10.5, 7.80109],
			"to": [3, 14.25, 8.19891],
			"rotation": {"angle": 0, "axis": "y", "origin": [2, 11, 8]},
			"faces": {
				"north": {"uv": [0, 0, 0.5, 0.5], "texture": "#1"},
				"east": {"uv": [0, 0, 0.5, 0.5], "texture": "#1"},
				"south": {"uv": [0, 0, 0.5, 0.5], "texture": "#1"},
				"west": {"uv": [0, 0, 0.5, 0.5], "texture": "#1"},
				"up": {"uv": [0, 0, 0.5, 0.5], "texture": "#1"},
				"down": {"uv": [0, 0, 0.5, 0.5], "texture": "#1"}
			}
		},
		{
			"name": "hexadecagon",
			"from": [1, 10.5, 7.80109],
			"to": [3, 14.25, 8.19891],
			"rotation": {"angle": 22.5, "axis": "y", "origin": [2, 11, 8]},
			"faces": {
				"north": {"uv": [0, 0, 0.5, 0.5], "texture": "#1"},
				"east": {"uv": [0, 0, 0.5, 0.5], "texture": "#1"},
				"south": {"uv": [0, 0, 0.5, 0.5], "texture": "#1"},
				"west": {"uv": [0, 0, 0.5, 0.5], "texture": "#1"},
				"up": {"uv": [0, 0, 0.5, 0.5], "texture": "#1"},
				"down": {"uv": [0, 0, 0.5, 0.5], "texture": "#1"}
			}
		},
		{
			"name": "hexadecagon",
			"from": [13.80109, 11.25, 7],
			"to": [14.19891, 14.25, 9],
			"rotation": {"angle": -45, "axis": "y", "origin": [14, 12.75, 8]},
			"faces": {
				"north": {"uv": [0, 0, 0.5, 0.5], "texture": "#1"},
				"east": {"uv": [0, 0, 0.5, 0.5], "texture": "#1"},
				"south": {"uv": [0, 0, 0.5, 0.5], "texture": "#1"},
				"west": {"uv": [0, 0, 0.5, 0.5], "texture": "#1"},
				"up": {"uv": [0, 0, 0.5, 0.5], "texture": "#1"},
				"down": {"uv": [0, 0, 0.5, 0.5], "texture": "#1"}
			}
		},
		{
			"name": "hexadecagon",
			"from": [13.80109, 11.25, 7],
			"to": [14.19891, 14.25, 9],
			"rotation": {"angle": -22.5, "axis": "y", "origin": [14, 12.75, 8]},
			"faces": {
				"north": {"uv": [0, 0, 0.5, 0.5], "texture": "#1"},
				"east": {"uv": [0, 0, 0.5, 0.5], "texture": "#1"},
				"south": {"uv": [0, 0, 0.5, 0.5], "texture": "#1"},
				"west": {"uv": [0, 0, 0.5, 0.5], "texture": "#1"},
				"up": {"uv": [0, 0, 0.5, 0.5], "texture": "#1"},
				"down": {"uv": [0, 0, 0.5, 0.5], "texture": "#1"}
			}
		},
		{
			"name": "hexadecagon",
			"from": [13.80109, 11.25, 7],
			"to": [14.19891, 14.25, 9],
			"rotation": {"angle": 0, "axis": "y", "origin": [14, 12.75, 8]},
			"faces": {
				"north": {"uv": [0, 0, 0.5, 0.5], "texture": "#1"},
				"east": {"uv": [0, 0, 0.5, 0.5], "texture": "#1"},
				"south": {"uv": [0, 0, 0.5, 0.5], "texture": "#1"},
				"west": {"uv": [0, 0, 0.5, 0.5], "texture": "#1"},
				"up": {"uv": [0, 0, 0.5, 0.5], "texture": "#1"},
				"down": {"uv": [0, 0, 0.5, 0.5], "texture": "#1"}
			}
		},
		{
			"name": "hexadecagon",
			"from": [13.80109, 11.25, 7],
			"to": [14.19891, 14.25, 9],
			"rotation": {"angle": 22.5, "axis": "y", "origin": [14, 12.75, 8]},
			"faces": {
				"north": {"uv": [0, 0, 0.5, 0.5], "texture": "#1"},
				"east": {"uv": [0, 0, 0.5, 0.5], "texture": "#1"},
				"south": {"uv": [0, 0, 0.5, 0.5], "texture": "#1"},
				"west": {"uv": [0, 0, 0.5, 0.5], "texture": "#1"},
				"up": {"uv": [0, 0, 0.5, 0.5], "texture": "#1"},
				"down": {"uv": [0, 0, 0.5, 0.5], "texture": "#1"}
			}
		},
		{
			"name": "hexadecagon",
			"from": [13.80109, 11.25, 7],
			"to": [14.19891, 14.25, 9],
			"rotation": {"angle": 45, "axis": "y", "origin": [14, 12.75, 8]},
			"faces": {
				"north": {"uv": [0, 0, 0.5, 0.5], "texture": "#1"},
				"east": {"uv": [0, 0, 0.5, 0.5], "texture": "#1"},
				"south": {"uv": [0, 0, 0.5, 0.5], "texture": "#1"},
				"west": {"uv": [0, 0, 0.5, 0.5], "texture": "#1"},
				"up": {"uv": [0, 0, 0.5, 0.5], "texture": "#1"},
				"down": {"uv": [0, 0, 0.5, 0.5], "texture": "#1"}
			}
		},
		{
			"name": "hexadecagon",
			"from": [13, 11.25, 7.80109],
			"to": [15, 14.25, 8.19891],
			"rotation": {"angle": -22.5, "axis": "y", "origin": [14, 12.75, 8]},
			"faces": {
				"north": {"uv": [0, 0, 0.5, 0.5], "texture": "#1"},
				"east": {"uv": [0, 0, 0.5, 0.5], "texture": "#1"},
				"south": {"uv": [0, 0, 0.5, 0.5], "texture": "#1"},
				"west": {"uv": [0, 0, 0.5, 0.5], "texture": "#1"},
				"up": {"uv": [0, 0, 0.5, 0.5], "texture": "#1"},
				"down": {"uv": [0, 0, 0.5, 0.5], "texture": "#1"}
			}
		},
		{
			"name": "hexadecagon",
			"from": [13, 11.25, 7.80109],
			"to": [15, 14.25, 8.19891],
			"rotation": {"angle": 0, "axis": "y", "origin": [14, 12.75, 8]},
			"faces": {
				"north": {"uv": [0, 0, 0.5, 0.5], "texture": "#1"},
				"east": {"uv": [0, 0, 0.5, 0.5], "texture": "#1"},
				"south": {"uv": [0, 0, 0.5, 0.5], "texture": "#1"},
				"west": {"uv": [0, 0, 0.5, 0.5], "texture": "#1"},
				"up": {"uv": [0, 0, 0.5, 0.5], "texture": "#1"},
				"down": {"uv": [0, 0, 0.5, 0.5], "texture": "#1"}
			}
		},
		{
			"name": "hexadecagon",
			"from": [13, 11.25, 7.80109],
			"to": [15, 14.25, 8.19891],
			"rotation": {"angle": 22.5, "axis": "y", "origin": [14, 12.75, 8]},
			"faces": {
				"north": {"uv": [0, 0, 0.5, 0.5], "texture": "#1"},
				"east": {"uv": [0, 0, 0.5, 0.5], "texture": "#1"},
				"south": {"uv": [0, 0, 0.5, 0.5], "texture": "#1"},
				"west": {"uv": [0, 0, 0.5, 0.5], "texture": "#1"},
				"up": {"uv": [0, 0, 0.5, 0.5], "texture": "#1"},
				"down": {"uv": [0, 0, 0.5, 0.5], "texture": "#1"}
			}
		},
		{
			"from": [6.25, 7, 6.25],
			"to": [9.75, 7.5, 9.75],
			"rotation": {"angle": 0, "axis": "y", "origin": [7, 7, 7]},
			"faces": {
				"north": {"uv": [0, 0, 1.75, 0.25], "texture": "#0"},
				"east": {"uv": [0, 0, 1.75, 0.25], "texture": "#0"},
				"south": {"uv": [0, 0, 1.75, 0.25], "texture": "#0"},
				"west": {"uv": [0, 0, 1.75, 0.25], "texture": "#0"},
				"up": {"uv": [0, 0, 1.75, 1.75], "texture": "#0"},
				"down": {"uv": [0, 0, 1.75, 1.75], "texture": "#0"}
			}
		},
		{
			"from": [6.75, 7, 6.75],
			"to": [9.25, 8, 9.25],
			"rotation": {"angle": 0, "axis": "y", "origin": [7, 7, 7]},
			"faces": {
				"north": {"uv": [0, 0, 1.25, 0.5], "texture": "#1"},
				"east": {"uv": [0, 0, 1.25, 0.5], "texture": "#1"},
				"south": {"uv": [0, 0, 1.25, 0.5], "texture": "#1"},
				"west": {"uv": [0, 0, 1.25, 0.5], "texture": "#1"},
				"up": {"uv": [0, 0, 1.25, 1.25], "texture": "#1"},
				"down": {"uv": [0, 0, 1.25, 1.25], "texture": "#1"}
			}
		},
		{
			"from": [6.75, 19.075, 6.75],
			"to": [9.25, 20.075, 9.25],
			"rotation": {"angle": 0, "axis": "y", "origin": [7, 19.075, 7]},
			"faces": {
				"north": {"uv": [0, 0, 1.25, 0.5], "texture": "#1"},
				"east": {"uv": [0, 0, 1.25, 0.5], "texture": "#1"},
				"south": {"uv": [0, 0, 1.25, 0.5], "texture": "#1"},
				"west": {"uv": [0, 0, 1.25, 0.5], "texture": "#1"},
				"up": {"uv": [0, 0, 1.25, 1.25], "texture": "#1"},
				"down": {"uv": [0, 0, 1.25, 1.25], "texture": "#1"}
			}
		},
		{
			"from": [7.2, 20.05, 7.2],
			"to": [8.8, 20.575, 8.8],
			"rotation": {"angle": 0, "axis": "y", "origin": [7, 20.05, 7]},
			"faces": {
				"north": {"uv": [0, 0, 0.8, 0.2625], "texture": "#1"},
				"east": {"uv": [0, 0, 0.8, 0.2625], "texture": "#1"},
				"south": {"uv": [0, 0, 0.8, 0.2625], "texture": "#1"},
				"west": {"uv": [0, 0, 0.8, 0.2625], "texture": "#1"},
				"up": {"uv": [0, 0, 0.8, 0.8], "texture": "#1"},
				"down": {"uv": [0, 0, 0.8, 0.8], "texture": "#1"}
			}
		},
		{
			"from": [7.075, 20.55, 7.075],
			"to": [8.925, 20.975, 8.925],
			"rotation": {"angle": 0, "axis": "y", "origin": [7, 20.55, 7]},
			"faces": {
				"north": {"uv": [0, 0, 0.925, 0.2125], "texture": "#1"},
				"east": {"uv": [0, 0, 0.925, 0.2125], "texture": "#1"},
				"south": {"uv": [0, 0, 0.925, 0.2125], "texture": "#1"},
				"west": {"uv": [0, 0, 0.925, 0.2125], "texture": "#1"},
				"up": {"uv": [0, 0, 0.925, 0.925], "texture": "#1"},
				"down": {"uv": [0, 0, 0.925, 0.925], "texture": "#1"}
			}
		},
		{
			"name": "hexadecagon",
			"from": [7.38337, 6.5, 4.9],
			"to": [8.61663, 7, 11.1],
			"rotation": {"angle": -45, "axis": "y", "origin": [8, 7, 8]},
			"faces": {
				"north": {"uv": [0, 0, 0.5, 0.5], "texture": "#0"},
				"east": {"uv": [0, 0, 0.5, 0.5], "texture": "#0"},
				"south": {"uv": [0, 0, 0.5, 0.5], "texture": "#0"},
				"west": {"uv": [0, 0, 0.5, 0.5], "texture": "#0"},
				"up": {"uv": [0, 0, 0.5, 0.5], "texture": "#0"},
				"down": {"uv": [0, 0, 0.5, 0.5], "texture": "#0"}
			}
		},
		{
			"name": "hexadecagon",
			"from": [7.38337, 6.5, 4.9],
			"to": [8.61663, 7, 11.1],
			"rotation": {"angle": -22.5, "axis": "y", "origin": [8, 7, 8]},
			"faces": {
				"north": {"uv": [0, 0, 0.5, 0.5], "texture": "#0"},
				"east": {"uv": [0, 0, 0.5, 0.5], "texture": "#0"},
				"south": {"uv": [0, 0, 0.5, 0.5], "texture": "#0"},
				"west": {"uv": [0, 0, 0.5, 0.5], "texture": "#0"},
				"up": {"uv": [0, 0, 0.5, 0.5], "texture": "#0"},
				"down": {"uv": [0, 0, 0.5, 0.5], "texture": "#0"}
			}
		},
		{
			"name": "hexadecagon",
			"from": [7.38337, 6.5, 4.9],
			"to": [8.61663, 7, 11.1],
			"rotation": {"angle": 0, "axis": "y", "origin": [8, 7, 8]},
			"faces": {
				"north": {"uv": [0, 0, 0.5, 0.5], "texture": "#0"},
				"east": {"uv": [0, 0, 0.5, 0.5], "texture": "#0"},
				"south": {"uv": [0, 0, 0.5, 0.5], "texture": "#0"},
				"west": {"uv": [0, 0, 0.5, 0.5], "texture": "#0"},
				"up": {"uv": [0, 0, 0.5, 0.5], "texture": "#0"},
				"down": {"uv": [0, 0, 0.5, 0.5], "texture": "#0"}
			}
		},
		{
			"name": "hexadecagon",
			"from": [7.38337, 6.5, 4.9],
			"to": [8.61663, 7, 11.1],
			"rotation": {"angle": 22.5, "axis": "y", "origin": [8, 7, 8]},
			"faces": {
				"north": {"uv": [0, 0, 0.5, 0.5], "texture": "#0"},
				"east": {"uv": [0, 0, 0.5, 0.5], "texture": "#0"},
				"south": {"uv": [0, 0, 0.5, 0.5], "texture": "#0"},
				"west": {"uv": [0, 0, 0.5, 0.5], "texture": "#0"},
				"up": {"uv": [0, 0, 0.5, 0.5], "texture": "#0"},
				"down": {"uv": [0, 0, 0.5, 0.5], "texture": "#0"}
			}
		},
		{
			"name": "hexadecagon",
			"from": [7.38337, 6.5, 4.9],
			"to": [8.61663, 7, 11.1],
			"rotation": {"angle": 45, "axis": "y", "origin": [8, 7, 8]},
			"faces": {
				"north": {"uv": [0, 0, 0.5, 0.5], "texture": "#0"},
				"east": {"uv": [0, 0, 0.5, 0.5], "texture": "#0"},
				"south": {"uv": [0, 0, 0.5, 0.5], "texture": "#0"},
				"west": {"uv": [0, 0, 0.5, 0.5], "texture": "#0"},
				"up": {"uv": [0, 0, 0.5, 0.5], "texture": "#0"},
				"down": {"uv": [0, 0, 0.5, 0.5], "texture": "#0"}
			}
		},
		{
			"name": "hexadecagon",
			"from": [4.9, 6.5, 7.38337],
			"to": [11.1, 7, 8.61663],
			"rotation": {"angle": -22.5, "axis": "y", "origin": [8, 7, 8]},
			"faces": {
				"north": {"uv": [0, 0, 0.5, 0.5], "texture": "#0"},
				"east": {"uv": [0, 0, 0.5, 0.5], "texture": "#0"},
				"south": {"uv": [0, 0, 0.5, 0.5], "texture": "#0"},
				"west": {"uv": [0, 0, 0.5, 0.5], "texture": "#0"},
				"up": {"uv": [0, 0, 0.5, 0.5], "texture": "#0"},
				"down": {"uv": [0, 0, 0.5, 0.5], "texture": "#0"}
			}
		},
		{
			"name": "hexadecagon",
			"from": [4.9, 6.5, 7.38337],
			"to": [11.1, 7, 8.61663],
			"rotation": {"angle": 0, "axis": "y", "origin": [8, 7, 8]},
			"faces": {
				"north": {"uv": [0, 0, 0.5, 0.5], "texture": "#0"},
				"east": {"uv": [0, 0, 0.5, 0.5], "texture": "#0"},
				"south": {"uv": [0, 0, 0.5, 0.5], "texture": "#0"},
				"west": {"uv": [0, 0, 0.5, 0.5], "texture": "#0"},
				"up": {"uv": [0, 0, 0.5, 0.5], "texture": "#0"},
				"down": {"uv": [0, 0, 0.5, 0.5], "texture": "#0"}
			}
		},
		{
			"name": "hexadecagon",
			"from": [4.9, 6.5, 7.38337],
			"to": [11.1, 7, 8.61663],
			"rotation": {"angle": 22.5, "axis": "y", "origin": [8, 7, 8]},
			"faces": {
				"north": {"uv": [0, 0, 0.5, 0.5], "texture": "#0"},
				"east": {"uv": [0, 0, 0.5, 0.5], "texture": "#0"},
				"south": {"uv": [0, 0, 0.5, 0.5], "texture": "#0"},
				"west": {"uv": [0, 0, 0.5, 0.5], "texture": "#0"},
				"up": {"uv": [0, 0, 0.5, 0.5], "texture": "#0"},
				"down": {"uv": [0, 0, 0.5, 0.5], "texture": "#0"}
			}
		},
		{
			"name": "hexadecagon",
			"from": [7.50272, 6, 5.5],
			"to": [8.49728, 6.5, 10.5],
			"rotation": {"angle": -45, "axis": "y", "origin": [8, 6.5, 8]},
			"faces": {
				"north": {"uv": [0, 0, 0.5, 0.5], "texture": "#0"},
				"east": {"uv": [0, 0, 0.5, 0.5], "texture": "#0"},
				"south": {"uv": [0, 0, 0.5, 0.5], "texture": "#0"},
				"west": {"uv": [0, 0, 0.5, 0.5], "texture": "#0"},
				"up": {"uv": [0, 0, 0.5, 0.5], "texture": "#0"},
				"down": {"uv": [0, 0, 0.5, 0.5], "texture": "#0"}
			}
		},
		{
			"name": "hexadecagon",
			"from": [7.50272, 6, 5.5],
			"to": [8.49728, 6.5, 10.5],
			"rotation": {"angle": -22.5, "axis": "y", "origin": [8, 6.5, 8]},
			"faces": {
				"north": {"uv": [0, 0, 0.5, 0.5], "texture": "#0"},
				"east": {"uv": [0, 0, 0.5, 0.5], "texture": "#0"},
				"south": {"uv": [0, 0, 0.5, 0.5], "texture": "#0"},
				"west": {"uv": [0, 0, 0.5, 0.5], "texture": "#0"},
				"up": {"uv": [0, 0, 0.5, 0.5], "texture": "#0"},
				"down": {"uv": [0, 0, 0.5, 0.5], "texture": "#0"}
			}
		},
		{
			"name": "hexadecagon",
			"from": [7.50272, 6, 5.5],
			"to": [8.49728, 6.5, 10.5],
			"rotation": {"angle": 0, "axis": "y", "origin": [8, 6.5, 8]},
			"faces": {
				"north": {"uv": [0, 0, 0.5, 0.5], "texture": "#0"},
				"east": {"uv": [0, 0, 0.5, 0.5], "texture": "#0"},
				"south": {"uv": [0, 0, 0.5, 0.5], "texture": "#0"},
				"west": {"uv": [0, 0, 0.5, 0.5], "texture": "#0"},
				"up": {"uv": [0, 0, 0.5, 0.5], "texture": "#0"},
				"down": {"uv": [0, 0, 0.5, 0.5], "texture": "#0"}
			}
		},
		{
			"name": "hexadecagon",
			"from": [7.50272, 6, 5.5],
			"to": [8.49728, 6.5, 10.5],
			"rotation": {"angle": 22.5, "axis": "y", "origin": [8, 6.5, 8]},
			"faces": {
				"north": {"uv": [0, 0, 0.5, 0.5], "texture": "#0"},
				"east": {"uv": [0, 0, 0.5, 0.5], "texture": "#0"},
				"south": {"uv": [0, 0, 0.5, 0.5], "texture": "#0"},
				"west": {"uv": [0, 0, 0.5, 0.5], "texture": "#0"},
				"up": {"uv": [0, 0, 0.5, 0.5], "texture": "#0"},
				"down": {"uv": [0, 0, 0.5, 0.5], "texture": "#0"}
			}
		},
		{
			"name": "hexadecagon",
			"from": [7.50272, 6, 5.5],
			"to": [8.49728, 6.5, 10.5],
			"rotation": {"angle": 45, "axis": "y", "origin": [8, 6.5, 8]},
			"faces": {
				"north": {"uv": [0, 0, 0.5, 0.5], "texture": "#0"},
				"east": {"uv": [0, 0, 0.5, 0.5], "texture": "#0"},
				"south": {"uv": [0, 0, 0.5, 0.5], "texture": "#0"},
				"west": {"uv": [0, 0, 0.5, 0.5], "texture": "#0"},
				"up": {"uv": [0, 0, 0.5, 0.5], "texture": "#0"},
				"down": {"uv": [0, 0, 0.5, 0.5], "texture": "#0"}
			}
		},
		{
			"name": "hexadecagon",
			"from": [5.5, 6, 7.50272],
			"to": [10.5, 6.5, 8.49728],
			"rotation": {"angle": -22.5, "axis": "y", "origin": [8, 6.5, 8]},
			"faces": {
				"north": {"uv": [0, 0, 0.5, 0.5], "texture": "#0"},
				"east": {"uv": [0, 0, 0.5, 0.5], "texture": "#0"},
				"south": {"uv": [0, 0, 0.5, 0.5], "texture": "#0"},
				"west": {"uv": [0, 0, 0.5, 0.5], "texture": "#0"},
				"up": {"uv": [0, 0, 0.5, 0.5], "texture": "#0"},
				"down": {"uv": [0, 0, 0.5, 0.5], "texture": "#0"}
			}
		},
		{
			"name": "hexadecagon",
			"from": [5.5, 6, 7.50272],
			"to": [10.5, 6.5, 8.49728],
			"rotation": {"angle": 0, "axis": "y", "origin": [8, 6.5, 8]},
			"faces": {
				"north": {"uv": [0, 0, 0.5, 0.5], "texture": "#0"},
				"east": {"uv": [0, 0, 0.5, 0.5], "texture": "#0"},
				"south": {"uv": [0, 0, 0.5, 0.5], "texture": "#0"},
				"west": {"uv": [0, 0, 0.5, 0.5], "texture": "#0"},
				"up": {"uv": [0, 0, 0.5, 0.5], "texture": "#0"},
				"down": {"uv": [0, 0, 0.5, 0.5], "texture": "#0"}
			}
		},
		{
			"name": "hexadecagon",
			"from": [5.5, 6, 7.50272],
			"to": [10.5, 6.5, 8.49728],
			"rotation": {"angle": 22.5, "axis": "y", "origin": [8, 6.5, 8]},
			"faces": {
				"north": {"uv": [0, 0, 0.5, 0.5], "texture": "#0"},
				"east": {"uv": [0, 0, 0.5, 0.5], "texture": "#0"},
				"south": {"uv": [0, 0, 0.5, 0.5], "texture": "#0"},
				"west": {"uv": [0, 0, 0.5, 0.5], "texture": "#0"},
				"up": {"uv": [0, 0, 0.5, 0.5], "texture": "#0"},
				"down": {"uv": [0, 0, 0.5, 0.5], "texture": "#0"}
			}
		},
		{
			"name": "hexadecagon",
			"from": [7.40326, 5, 5],
			"to": [8.59674, 6, 11],
			"rotation": {"angle": -45, "axis": "y", "origin": [8, 5.5, 8]},
			"faces": {
				"north": {"uv": [0, 0, 0.5, 0.5], "texture": "#0"},
				"east": {"uv": [0, 0, 0.5, 0.5], "texture": "#0"},
				"south": {"uv": [0, 0, 0.5, 0.5], "texture": "#0"},
				"west": {"uv": [0, 0, 0.5, 0.5], "texture": "#0"},
				"up": {"uv": [0, 0, 0.5, 0.5], "texture": "#0"},
				"down": {"uv": [0, 0, 0.5, 0.5], "texture": "#0"}
			}
		},
		{
			"name": "hexadecagon",
			"from": [7.40326, 5, 5],
			"to": [8.59674, 6, 11],
			"rotation": {"angle": -22.5, "axis": "y", "origin": [8, 5.5, 8]},
			"faces": {
				"north": {"uv": [0, 0, 0.5, 0.5], "texture": "#0"},
				"east": {"uv": [0, 0, 0.5, 0.5], "texture": "#0"},
				"south": {"uv": [0, 0, 0.5, 0.5], "texture": "#0"},
				"west": {"uv": [0, 0, 0.5, 0.5], "texture": "#0"},
				"up": {"uv": [0, 0, 0.5, 0.5], "texture": "#0"},
				"down": {"uv": [0, 0, 0.5, 0.5], "texture": "#0"}
			}
		},
		{
			"name": "hexadecagon",
			"from": [7.40326, 5, 5],
			"to": [8.59674, 6, 11],
			"rotation": {"angle": 0, "axis": "y", "origin": [8, 5.5, 8]},
			"faces": {
				"north": {"uv": [0, 0, 0.5, 0.5], "texture": "#0"},
				"east": {"uv": [0, 0, 0.5, 0.5], "texture": "#0"},
				"south": {"uv": [0, 0, 0.5, 0.5], "texture": "#0"},
				"west": {"uv": [0, 0, 0.5, 0.5], "texture": "#0"},
				"up": {"uv": [0, 0, 0.5, 0.5], "texture": "#0"},
				"down": {"uv": [0, 0, 0.5, 0.5], "texture": "#0"}
			}
		},
		{
			"name": "hexadecagon",
			"from": [7.40326, 5, 5],
			"to": [8.59674, 6, 11],
			"rotation": {"angle": 22.5, "axis": "y", "origin": [8, 5.5, 8]},
			"faces": {
				"north": {"uv": [0, 0, 0.5, 0.5], "texture": "#0"},
				"east": {"uv": [0, 0, 0.5, 0.5], "texture": "#0"},
				"south": {"uv": [0, 0, 0.5, 0.5], "texture": "#0"},
				"west": {"uv": [0, 0, 0.5, 0.5], "texture": "#0"},
				"up": {"uv": [0, 0, 0.5, 0.5], "texture": "#0"},
				"down": {"uv": [0, 0, 0.5, 0.5], "texture": "#0"}
			}
		},
		{
			"name": "hexadecagon",
			"from": [7.40326, 5, 5],
			"to": [8.59674, 6, 11],
			"rotation": {"angle": 45, "axis": "y", "origin": [8, 5.5, 8]},
			"faces": {
				"north": {"uv": [0, 0, 0.5, 0.5], "texture": "#0"},
				"east": {"uv": [0, 0, 0.5, 0.5], "texture": "#0"},
				"south": {"uv": [0, 0, 0.5, 0.5], "texture": "#0"},
				"west": {"uv": [0, 0, 0.5, 0.5], "texture": "#0"},
				"up": {"uv": [0, 0, 0.5, 0.5], "texture": "#0"},
				"down": {"uv": [0, 0, 0.5, 0.5], "texture": "#0"}
			}
		},
		{
			"name": "hexadecagon",
			"from": [5, 5, 7.40326],
			"to": [11, 6, 8.59674],
			"rotation": {"angle": -22.5, "axis": "y", "origin": [8, 5.5, 8]},
			"faces": {
				"north": {"uv": [0, 0, 0.5, 0.5], "texture": "#0"},
				"east": {"uv": [0, 0, 0.5, 0.5], "texture": "#0"},
				"south": {"uv": [0, 0, 0.5, 0.5], "texture": "#0"},
				"west": {"uv": [0, 0, 0.5, 0.5], "texture": "#0"},
				"up": {"uv": [0, 0, 0.5, 0.5], "texture": "#0"},
				"down": {"uv": [0, 0, 0.5, 0.5], "texture": "#0"}
			}
		},
		{
			"name": "hexadecagon",
			"from": [5, 5, 7.40326],
			"to": [11, 6, 8.59674],
			"rotation": {"angle": 0, "axis": "y", "origin": [8, 5.5, 8]},
			"faces": {
				"north": {"uv": [0, 0, 0.5, 0.5], "texture": "#0"},
				"east": {"uv": [0, 0, 0.5, 0.5], "texture": "#0"},
				"south": {"uv": [0, 0, 0.5, 0.5], "texture": "#0"},
				"west": {"uv": [0, 0, 0.5, 0.5], "texture": "#0"},
				"up": {"uv": [0, 0, 0.5, 0.5], "texture": "#0"},
				"down": {"uv": [0, 0, 0.5, 0.5], "texture": "#0"}
			}
		},
		{
			"name": "hexadecagon",
			"from": [5, 5, 7.40326],
			"to": [11, 6, 8.59674],
			"rotation": {"angle": 22.5, "axis": "y", "origin": [8, 5.5, 8]},
			"faces": {
				"north": {"uv": [0, 0, 0.5, 0.5], "texture": "#0"},
				"east": {"uv": [0, 0, 0.5, 0.5], "texture": "#0"},
				"south": {"uv": [0, 0, 0.5, 0.5], "texture": "#0"},
				"west": {"uv": [0, 0, 0.5, 0.5], "texture": "#0"},
				"up": {"uv": [0, 0, 0.5, 0.5], "texture": "#0"},
				"down": {"uv": [0, 0, 0.5, 0.5], "texture": "#0"}
			}
		},
		{
			"name": "hexadecagon",
			"from": [7.20435, 4, 4],
			"to": [8.79565, 5, 12],
			"rotation": {"angle": -45, "axis": "y", "origin": [8, 4.5, 8]},
			"faces": {
				"north": {"uv": [0, 0, 0.5, 0.5], "texture": "#0"},
				"east": {"uv": [0, 0, 0.5, 0.5], "texture": "#0"},
				"south": {"uv": [0, 0, 0.5, 0.5], "texture": "#0"},
				"west": {"uv": [0, 0, 0.5, 0.5], "texture": "#0"},
				"up": {"uv": [0, 0, 0.5, 0.5], "texture": "#0"},
				"down": {"uv": [0, 0, 0.5, 0.5], "texture": "#0"}
			}
		},
		{
			"name": "hexadecagon",
			"from": [7.20435, 4, 4],
			"to": [8.79565, 5, 12],
			"rotation": {"angle": -22.5, "axis": "y", "origin": [8, 4.5, 8]},
			"faces": {
				"north": {"uv": [0, 0, 0.5, 0.5], "texture": "#0"},
				"east": {"uv": [0, 0, 0.5, 0.5], "texture": "#0"},
				"south": {"uv": [0, 0, 0.5, 0.5], "texture": "#0"},
				"west": {"uv": [0, 0, 0.5, 0.5], "texture": "#0"},
				"up": {"uv": [0, 0, 0.5, 0.5], "texture": "#0"},
				"down": {"uv": [0, 0, 0.5, 0.5], "texture": "#0"}
			}
		},
		{
			"name": "hexadecagon",
			"from": [7.20435, 4, 4],
			"to": [8.79565, 5, 12],
			"rotation": {"angle": 0, "axis": "y", "origin": [8, 4.5, 8]},
			"faces": {
				"north": {"uv": [0, 0, 0.5, 0.5], "texture": "#0"},
				"east": {"uv": [0, 0, 0.5, 0.5], "texture": "#0"},
				"south": {"uv": [0, 0, 0.5, 0.5], "texture": "#0"},
				"west": {"uv": [0, 0, 0.5, 0.5], "texture": "#0"},
				"up": {"uv": [0, 0, 0.5, 0.5], "texture": "#0"},
				"down": {"uv": [0, 0, 0.5, 0.5], "texture": "#0"}
			}
		},
		{
			"name": "hexadecagon",
			"from": [7.20435, 4, 4],
			"to": [8.79565, 5, 12],
			"rotation": {"angle": 22.5, "axis": "y", "origin": [8, 4.5, 8]},
			"faces": {
				"north": {"uv": [0, 0, 0.5, 0.5], "texture": "#0"},
				"east": {"uv": [0, 0, 0.5, 0.5], "texture": "#0"},
				"south": {"uv": [0, 0, 0.5, 0.5], "texture": "#0"},
				"west": {"uv": [0, 0, 0.5, 0.5], "texture": "#0"},
				"up": {"uv": [0, 0, 0.5, 0.5], "texture": "#0"},
				"down": {"uv": [0, 0, 0.5, 0.5], "texture": "#0"}
			}
		},
		{
			"name": "hexadecagon",
			"from": [7.20435, 4, 4],
			"to": [8.79565, 5, 12],
			"rotation": {"angle": 45, "axis": "y", "origin": [8, 4.5, 8]},
			"faces": {
				"north": {"uv": [0, 0, 0.5, 0.5], "texture": "#0"},
				"east": {"uv": [0, 0, 0.5, 0.5], "texture": "#0"},
				"south": {"uv": [0, 0, 0.5, 0.5], "texture": "#0"},
				"west": {"uv": [0, 0, 0.5, 0.5], "texture": "#0"},
				"up": {"uv": [0, 0, 0.5, 0.5], "texture": "#0"},
				"down": {"uv": [0, 0, 0.5, 0.5], "texture": "#0"}
			}
		},
		{
			"name": "hexadecagon",
			"from": [4, 4, 7.20435],
			"to": [12, 5, 8.79565],
			"rotation": {"angle": -22.5, "axis": "y", "origin": [8, 4.5, 8]},
			"faces": {
				"north": {"uv": [0, 0, 0.5, 0.5], "texture": "#0"},
				"east": {"uv": [0, 0, 0.5, 0.5], "texture": "#0"},
				"south": {"uv": [0, 0, 0.5, 0.5], "texture": "#0"},
				"west": {"uv": [0, 0, 0.5, 0.5], "texture": "#0"},
				"up": {"uv": [0, 0, 0.5, 0.5], "texture": "#0"},
				"down": {"uv": [0, 0, 0.5, 0.5], "texture": "#0"}
			}
		},
		{
			"name": "hexadecagon",
			"from": [4, 4, 7.20435],
			"to": [12, 5, 8.79565],
			"rotation": {"angle": 0, "axis": "y", "origin": [8, 4.5, 8]},
			"faces": {
				"north": {"uv": [0, 0, 0.5, 0.5], "texture": "#0"},
				"east": {"uv": [0, 0, 0.5, 0.5], "texture": "#0"},
				"south": {"uv": [0, 0, 0.5, 0.5], "texture": "#0"},
				"west": {"uv": [0, 0, 0.5, 0.5], "texture": "#0"},
				"up": {"uv": [0, 0, 0.5, 0.5], "texture": "#0"},
				"down": {"uv": [0, 0, 0.5, 0.5], "texture": "#0"}
			}
		},
		{
			"name": "hexadecagon",
			"from": [4, 4, 7.20435],
			"to": [12, 5, 8.79565],
			"rotation": {"angle": 22.5, "axis": "y", "origin": [8, 4.5, 8]},
			"faces": {
				"north": {"uv": [0, 0, 0.5, 0.5], "texture": "#0"},
				"east": {"uv": [0, 0, 0.5, 0.5], "texture": "#0"},
				"south": {"uv": [0, 0, 0.5, 0.5], "texture": "#0"},
				"west": {"uv": [0, 0, 0.5, 0.5], "texture": "#0"},
				"up": {"uv": [0, 0, 0.5, 0.5], "texture": "#0"},
				"down": {"uv": [0, 0, 0.5, 0.5], "texture": "#0"}
			}
		},
		{
			"name": "hexadecagon",
			"from": [7.00544, 3, 3],
			"to": [8.99456, 4, 13],
			"rotation": {"angle": -45, "axis": "y", "origin": [8, 3.5, 8]},
			"faces": {
				"north": {"uv": [0, 0, 0.5, 0.5], "texture": "#0"},
				"east": {"uv": [0, 0, 0.5, 0.5], "texture": "#0"},
				"south": {"uv": [0, 0, 0.5, 0.5], "texture": "#0"},
				"west": {"uv": [0, 0, 0.5, 0.5], "texture": "#0"},
				"up": {"uv": [0, 0, 0.5, 0.5], "texture": "#0"},
				"down": {"uv": [0, 0, 0.5, 0.5], "texture": "#0"}
			}
		},
		{
			"name": "hexadecagon",
			"from": [7.00544, 3, 3],
			"to": [8.99456, 4, 13],
			"rotation": {"angle": -22.5, "axis": "y", "origin": [8, 3.5, 8]},
			"faces": {
				"north": {"uv": [0, 0, 0.5, 0.5], "texture": "#0"},
				"east": {"uv": [0, 0, 0.5, 0.5], "texture": "#0"},
				"south": {"uv": [0, 0, 0.5, 0.5], "texture": "#0"},
				"west": {"uv": [0, 0, 0.5, 0.5], "texture": "#0"},
				"up": {"uv": [0, 0, 0.5, 0.5], "texture": "#0"},
				"down": {"uv": [0, 0, 0.5, 0.5], "texture": "#0"}
			}
		},
		{
			"name": "hexadecagon",
			"from": [7.00544, 3, 3],
			"to": [8.99456, 4, 13],
			"rotation": {"angle": 0, "axis": "y", "origin": [8, 3.5, 8]},
			"faces": {
				"north": {"uv": [0, 0, 0.5, 0.5], "texture": "#0"},
				"east": {"uv": [0, 0, 0.5, 0.5], "texture": "#0"},
				"south": {"uv": [0, 0, 0.5, 0.5], "texture": "#0"},
				"west": {"uv": [0, 0, 0.5, 0.5], "texture": "#0"},
				"up": {"uv": [0, 0, 0.5, 0.5], "texture": "#0"},
				"down": {"uv": [0, 0, 0.5, 0.5], "texture": "#0"}
			}
		},
		{
			"name": "hexadecagon",
			"from": [7.00544, 3, 3],
			"to": [8.99456, 4, 13],
			"rotation": {"angle": 22.5, "axis": "y", "origin": [8, 3.5, 8]},
			"faces": {
				"north": {"uv": [0, 0, 0.5, 0.5], "texture": "#0"},
				"east": {"uv": [0, 0, 0.5, 0.5], "texture": "#0"},
				"south": {"uv": [0, 0, 0.5, 0.5], "texture": "#0"},
				"west": {"uv": [0, 0, 0.5, 0.5], "texture": "#0"},
				"up": {"uv": [0, 0, 0.5, 0.5], "texture": "#0"},
				"down": {"uv": [0, 0, 0.5, 0.5], "texture": "#0"}
			}
		},
		{
			"name": "hexadecagon",
			"from": [7.00544, 3, 3],
			"to": [8.99456, 4, 13],
			"rotation": {"angle": 45, "axis": "y", "origin": [8, 3.5, 8]},
			"faces": {
				"north": {"uv": [0, 0, 0.5, 0.5], "texture": "#0"},
				"east": {"uv": [0, 0, 0.5, 0.5], "texture": "#0"},
				"south": {"uv": [0, 0, 0.5, 0.5], "texture": "#0"},
				"west": {"uv": [0, 0, 0.5, 0.5], "texture": "#0"},
				"up": {"uv": [0, 0, 0.5, 0.5], "texture": "#0"},
				"down": {"uv": [0, 0, 0.5, 0.5], "texture": "#0"}
			}
		},
		{
			"name": "hexadecagon",
			"from": [3, 3, 7.00544],
			"to": [13, 4, 8.99456],
			"rotation": {"angle": -22.5, "axis": "y", "origin": [8, 3.5, 8]},
			"faces": {
				"north": {"uv": [0, 0, 0.5, 0.5], "texture": "#0"},
				"east": {"uv": [0, 0, 0.5, 0.5], "texture": "#0"},
				"south": {"uv": [0, 0, 0.5, 0.5], "texture": "#0"},
				"west": {"uv": [0, 0, 0.5, 0.5], "texture": "#0"},
				"up": {"uv": [0, 0, 0.5, 0.5], "texture": "#0"},
				"down": {"uv": [0, 0, 0.5, 0.5], "texture": "#0"}
			}
		},
		{
			"name": "hexadecagon",
			"from": [3, 3, 7.00544],
			"to": [13, 4, 8.99456],
			"rotation": {"angle": 0, "axis": "y", "origin": [8, 3.5, 8]},
			"faces": {
				"north": {"uv": [0, 0, 0.5, 0.5], "texture": "#0"},
				"east": {"uv": [0, 0, 0.5, 0.5], "texture": "#0"},
				"south": {"uv": [0, 0, 0.5, 0.5], "texture": "#0"},
				"west": {"uv": [0, 0, 0.5, 0.5], "texture": "#0"},
				"up": {"uv": [0, 0, 0.5, 0.5], "texture": "#0"},
				"down": {"uv": [0, 0, 0.5, 0.5], "texture": "#0"}
			}
		},
		{
			"name": "hexadecagon",
			"from": [3, 3, 7.00544],
			"to": [13, 4, 8.99456],
			"rotation": {"angle": 22.5, "axis": "y", "origin": [8, 3.5, 8]},
			"faces": {
				"north": {"uv": [0, 0, 0.5, 0.5], "texture": "#0"},
				"east": {"uv": [0, 0, 0.5, 0.5], "texture": "#0"},
				"south": {"uv": [0, 0, 0.5, 0.5], "texture": "#0"},
				"west": {"uv": [0, 0, 0.5, 0.5], "texture": "#0"},
				"up": {"uv": [0, 0, 0.5, 0.5], "texture": "#0"},
				"down": {"uv": [0, 0, 0.5, 0.5], "texture": "#0"}
			}
		},
		{
			"name": "hexadecagon",
			"from": [6.80653, 2, 2],
			"to": [9.19347, 3, 14],
			"rotation": {"angle": -45, "axis": "y", "origin": [8, 2.5, 8]},
			"faces": {
				"north": {"uv": [0, 0, 0.5, 0.5], "texture": "#0"},
				"east": {"uv": [0, 0, 0.5, 0.5], "texture": "#0"},
				"south": {"uv": [0, 0, 0.5, 0.5], "texture": "#0"},
				"west": {"uv": [0, 0, 0.5, 0.5], "texture": "#0"},
				"up": {"uv": [0, 0, 0.5, 0.5], "texture": "#0"},
				"down": {"uv": [0, 0, 0.5, 0.5], "texture": "#0"}
			}
		},
		{
			"name": "hexadecagon",
			"from": [6.80653, 2, 2],
			"to": [9.19347, 3, 14],
			"rotation": {"angle": -22.5, "axis": "y", "origin": [8, 2.5, 8]},
			"faces": {
				"north": {"uv": [0, 0, 0.5, 0.5], "texture": "#0"},
				"east": {"uv": [0, 0, 0.5, 0.5], "texture": "#0"},
				"south": {"uv": [0, 0, 0.5, 0.5], "texture": "#0"},
				"west": {"uv": [0, 0, 0.5, 0.5], "texture": "#0"},
				"up": {"uv": [0, 0, 0.5, 0.5], "texture": "#0"},
				"down": {"uv": [0, 0, 0.5, 0.5], "texture": "#0"}
			}
		},
		{
			"name": "hexadecagon",
			"from": [6.80653, 2, 2],
			"to": [9.19347, 3, 14],
			"rotation": {"angle": 0, "axis": "y", "origin": [8, 2.5, 8]},
			"faces": {
				"north": {"uv": [0, 0, 0.5, 0.5], "texture": "#0"},
				"east": {"uv": [0, 0, 0.5, 0.5], "texture": "#0"},
				"south": {"uv": [0, 0, 0.5, 0.5], "texture": "#0"},
				"west": {"uv": [0, 0, 0.5, 0.5], "texture": "#0"},
				"up": {"uv": [0, 0, 0.5, 0.5], "texture": "#0"},
				"down": {"uv": [0, 0, 0.5, 0.5], "texture": "#0"}
			}
		},
		{
			"name": "hexadecagon",
			"from": [6.80653, 2, 2],
			"to": [9.19347, 3, 14],
			"rotation": {"angle": 22.5, "axis": "y", "origin": [8, 2.5, 8]},
			"faces": {
				"north": {"uv": [0, 0, 0.5, 0.5], "texture": "#0"},
				"east": {"uv": [0, 0, 0.5, 0.5], "texture": "#0"},
				"south": {"uv": [0, 0, 0.5, 0.5], "texture": "#0"},
				"west": {"uv": [0, 0, 0.5, 0.5], "texture": "#0"},
				"up": {"uv": [0, 0, 0.5, 0.5], "texture": "#0"},
				"down": {"uv": [0, 0, 0.5, 0.5], "texture": "#0"}
			}
		},
		{
			"name": "hexadecagon",
			"from": [6.80653, 2, 2],
			"to": [9.19347, 3, 14],
			"rotation": {"angle": 45, "axis": "y", "origin": [8, 2.5, 8]},
			"faces": {
				"north": {"uv": [0, 0, 0.5, 0.5], "texture": "#0"},
				"east": {"uv": [0, 0, 0.5, 0.5], "texture": "#0"},
				"south": {"uv": [0, 0, 0.5, 0.5], "texture": "#0"},
				"west": {"uv": [0, 0, 0.5, 0.5], "texture": "#0"},
				"up": {"uv": [0, 0, 0.5, 0.5], "texture": "#0"},
				"down": {"uv": [0, 0, 0.5, 0.5], "texture": "#0"}
			}
		},
		{
			"name": "hexadecagon",
			"from": [2, 2, 6.80653],
			"to": [14, 3, 9.19347],
			"rotation": {"angle": -22.5, "axis": "y", "origin": [8, 2.5, 8]},
			"faces": {
				"north": {"uv": [0, 0, 0.5, 0.5], "texture": "#0"},
				"east": {"uv": [0, 0, 0.5, 0.5], "texture": "#0"},
				"south": {"uv": [0, 0, 0.5, 0.5], "texture": "#0"},
				"west": {"uv": [0, 0, 0.5, 0.5], "texture": "#0"},
				"up": {"uv": [0, 0, 0.5, 0.5], "texture": "#0"},
				"down": {"uv": [0, 0, 0.5, 0.5], "texture": "#0"}
			}
		},
		{
			"name": "hexadecagon",
			"from": [2, 2, 6.80653],
			"to": [14, 3, 9.19347],
			"rotation": {"angle": 0, "axis": "y", "origin": [8, 2.5, 8]},
			"faces": {
				"north": {"uv": [0, 0, 0.5, 0.5], "texture": "#0"},
				"east": {"uv": [0, 0, 0.5, 0.5], "texture": "#0"},
				"south": {"uv": [0, 0, 0.5, 0.5], "texture": "#0"},
				"west": {"uv": [0, 0, 0.5, 0.5], "texture": "#0"},
				"up": {"uv": [0, 0, 0.5, 0.5], "texture": "#0"},
				"down": {"uv": [0, 0, 0.5, 0.5], "texture": "#0"}
			}
		},
		{
			"name": "hexadecagon",
			"from": [2, 2, 6.80653],
			"to": [14, 3, 9.19347],
			"rotation": {"angle": 22.5, "axis": "y", "origin": [8, 2.5, 8]},
			"faces": {
				"north": {"uv": [0, 0, 0.5, 0.5], "texture": "#0"},
				"east": {"uv": [0, 0, 0.5, 0.5], "texture": "#0"},
				"south": {"uv": [0, 0, 0.5, 0.5], "texture": "#0"},
				"west": {"uv": [0, 0, 0.5, 0.5], "texture": "#0"},
				"up": {"uv": [0, 0, 0.5, 0.5], "texture": "#0"},
				"down": {"uv": [0, 0, 0.5, 0.5], "texture": "#0"}
			}
		},
		{
			"name": "hexadecagon",
			"from": [6.60761, 0.975, 1],
			"to": [9.39239, 1.975, 15],
			"rotation": {"angle": -45, "axis": "y", "origin": [8, 1.475, 8]},
			"faces": {
				"north": {"uv": [0, 0, 0.5, 0.5], "texture": "#0"},
				"east": {"uv": [0, 0, 0.5, 0.5], "texture": "#0"},
				"south": {"uv": [0, 0, 0.5, 0.5], "texture": "#0"},
				"west": {"uv": [0, 0, 0.5, 0.5], "texture": "#0"},
				"up": {"uv": [0, 0, 0.5, 0.5], "texture": "#0"},
				"down": {"uv": [0, 0, 0.5, 0.5], "texture": "#0"}
			}
		},
		{
			"name": "hexadecagon",
			"from": [6.60761, 0.975, 1],
			"to": [9.39239, 1.975, 15],
			"rotation": {"angle": -22.5, "axis": "y", "origin": [8, 1.475, 8]},
			"faces": {
				"north": {"uv": [0, 0, 0.5, 0.5], "texture": "#0"},
				"east": {"uv": [0, 0, 0.5, 0.5], "texture": "#0"},
				"south": {"uv": [0, 0, 0.5, 0.5], "texture": "#0"},
				"west": {"uv": [0, 0, 0.5, 0.5], "texture": "#0"},
				"up": {"uv": [0, 0, 0.5, 0.5], "texture": "#0"},
				"down": {"uv": [0, 0, 0.5, 0.5], "texture": "#0"}
			}
		},
		{
			"name": "hexadecagon",
			"from": [6.60761, 0.975, 1],
			"to": [9.39239, 1.975, 15],
			"rotation": {"angle": 0, "axis": "y", "origin": [8, 1.475, 8]},
			"faces": {
				"north": {"uv": [0, 0, 0.5, 0.5], "texture": "#0"},
				"east": {"uv": [0, 0, 0.5, 0.5], "texture": "#0"},
				"south": {"uv": [0, 0, 0.5, 0.5], "texture": "#0"},
				"west": {"uv": [0, 0, 0.5, 0.5], "texture": "#0"},
				"up": {"uv": [0, 0, 0.5, 0.5], "texture": "#0"},
				"down": {"uv": [0, 0, 0.5, 0.5], "texture": "#0"}
			}
		},
		{
			"name": "hexadecagon",
			"from": [6.60761, 0.975, 1],
			"to": [9.39239, 1.975, 15],
			"rotation": {"angle": 22.5, "axis": "y", "origin": [8, 1.475, 8]},
			"faces": {
				"north": {"uv": [0, 0, 0.5, 0.5], "texture": "#0"},
				"east": {"uv": [0, 0, 0.5, 0.5], "texture": "#0"},
				"south": {"uv": [0, 0, 0.5, 0.5], "texture": "#0"},
				"west": {"uv": [0, 0, 0.5, 0.5], "texture": "#0"},
				"up": {"uv": [0, 0, 0.5, 0.5], "texture": "#0"},
				"down": {"uv": [0, 0, 0.5, 0.5], "texture": "#0"}
			}
		},
		{
			"name": "hexadecagon",
			"from": [6.60761, 0.975, 1],
			"to": [9.39239, 1.975, 15],
			"rotation": {"angle": 45, "axis": "y", "origin": [8, 1.475, 8]},
			"faces": {
				"north": {"uv": [0, 0, 0.5, 0.5], "texture": "#0"},
				"east": {"uv": [0, 0, 0.5, 0.5], "texture": "#0"},
				"south": {"uv": [0, 0, 0.5, 0.5], "texture": "#0"},
				"west": {"uv": [0, 0, 0.5, 0.5], "texture": "#0"},
				"up": {"uv": [0, 0, 0.5, 0.5], "texture": "#0"},
				"down": {"uv": [0, 0, 0.5, 0.5], "texture": "#0"}
			}
		},
		{
			"name": "hexadecagon",
			"from": [1, 0.975, 6.60761],
			"to": [15, 1.975, 9.39239],
			"rotation": {"angle": -22.5, "axis": "y", "origin": [8, 1.475, 8]},
			"faces": {
				"north": {"uv": [0, 0, 0.5, 0.5], "texture": "#0"},
				"east": {"uv": [0, 0, 0.5, 0.5], "texture": "#0"},
				"south": {"uv": [0, 0, 0.5, 0.5], "texture": "#0"},
				"west": {"uv": [0, 0, 0.5, 0.5], "texture": "#0"},
				"up": {"uv": [0, 0, 0.5, 0.5], "texture": "#0"},
				"down": {"uv": [0, 0, 0.5, 0.5], "texture": "#0"}
			}
		},
		{
			"name": "hexadecagon",
			"from": [1, 0.975, 6.60761],
			"to": [15, 1.975, 9.39239],
			"rotation": {"angle": 0, "axis": "y", "origin": [8, 1.475, 8]},
			"faces": {
				"north": {"uv": [0, 0, 0.5, 0.5], "texture": "#0"},
				"east": {"uv": [0, 0, 0.5, 0.5], "texture": "#0"},
				"south": {"uv": [0, 0, 0.5, 0.5], "texture": "#0"},
				"west": {"uv": [0, 0, 0.5, 0.5], "texture": "#0"},
				"up": {"uv": [0, 0, 0.5, 0.5], "texture": "#0"},
				"down": {"uv": [0, 0, 0.5, 0.5], "texture": "#0"}
			}
		},
		{
			"name": "hexadecagon",
			"from": [1, 0.975, 6.60761],
			"to": [15, 1.975, 9.39239],
			"rotation": {"angle": 22.5, "axis": "y", "origin": [8, 1.475, 8]},
			"faces": {
				"north": {"uv": [0, 0, 0.5, 0.5], "texture": "#0"},
				"east": {"uv": [0, 0, 0.5, 0.5], "texture": "#0"},
				"south": {"uv": [0, 0, 0.5, 0.5], "texture": "#0"},
				"west": {"uv": [0, 0, 0.5, 0.5], "texture": "#0"},
				"up": {"uv": [0, 0, 0.5, 0.5], "texture": "#0"},
				"down": {"uv": [0, 0, 0.5, 0.5], "texture": "#0"}
			}
		},
		{
			"name": "hexadecagon",
			"from": [6.4087, 0, 0],
			"to": [9.5913, 1, 16],
			"rotation": {"angle": -45, "axis": "y", "origin": [8, 1, 8]},
			"faces": {
				"north": {"uv": [0, 0, 0.5, 0.5], "texture": "#0"},
				"east": {"uv": [0, 0, 0.5, 0.5], "texture": "#0"},
				"south": {"uv": [0, 0, 0.5, 0.5], "texture": "#0"},
				"west": {"uv": [0, 0, 0.5, 0.5], "texture": "#0"},
				"up": {"uv": [0, 0, 0.5, 0.5], "texture": "#0"},
				"down": {"uv": [0, 0, 0.5, 0.5], "texture": "#0"}
			}
		},
		{
			"name": "hexadecagon",
			"from": [6.4087, 0, 0],
			"to": [9.5913, 1, 16],
			"rotation": {"angle": -22.5, "axis": "y", "origin": [8, 1, 8]},
			"faces": {
				"north": {"uv": [0, 0, 0.5, 0.5], "texture": "#0"},
				"east": {"uv": [0, 0, 0.5, 0.5], "texture": "#0"},
				"south": {"uv": [0, 0, 0.5, 0.5], "texture": "#0"},
				"west": {"uv": [0, 0, 0.5, 0.5], "texture": "#0"},
				"up": {"uv": [0, 0, 0.5, 0.5], "texture": "#0"},
				"down": {"uv": [0, 0, 0.5, 0.5], "texture": "#0"}
			}
		},
		{
			"name": "hexadecagon",
			"from": [6.4087, 0, 0],
			"to": [9.5913, 1, 16],
			"rotation": {"angle": 22.5, "axis": "y", "origin": [8, 1, 8]},
			"faces": {
				"north": {"uv": [0, 0, 0.5, 0.5], "texture": "#0"},
				"east": {"uv": [0, 0, 0.5, 0.5], "texture": "#0"},
				"south": {"uv": [0, 0, 0.5, 0.5], "texture": "#0"},
				"west": {"uv": [0, 0, 0.5, 0.5], "texture": "#0"},
				"up": {"uv": [0, 0, 0.5, 0.5], "texture": "#0"},
				"down": {"uv": [0, 0, 0.5, 0.5], "texture": "#0"}
			}
		},
		{
			"name": "hexadecagon",
			"from": [6.4087, 0, 0],
			"to": [9.5913, 1, 16],
			"rotation": {"angle": 45, "axis": "y", "origin": [8, 1, 8]},
			"faces": {
				"north": {"uv": [0, 0, 0.5, 0.5], "texture": "#0"},
				"east": {"uv": [0, 0, 0.5, 0.5], "texture": "#0"},
				"south": {"uv": [0, 0, 0.5, 0.5], "texture": "#0"},
				"west": {"uv": [0, 0, 0.5, 0.5], "texture": "#0"},
				"up": {"uv": [0, 0, 0.5, 0.5], "texture": "#0"},
				"down": {"uv": [0, 0, 0.5, 0.5], "texture": "#0"}
			}
		},
		{
			"name": "hexadecagon",
			"from": [0, 0, 6.4087],
			"to": [16, 1, 9.5913],
			"rotation": {"angle": -22.5, "axis": "y", "origin": [8, 1, 8]},
			"faces": {
				"north": {"uv": [0, 0, 0.5, 0.5], "texture": "#0"},
				"east": {"uv": [0, 0, 0.5, 0.5], "texture": "#0"},
				"south": {"uv": [0, 0, 0.5, 0.5], "texture": "#0"},
				"west": {"uv": [0, 0, 0.5, 0.5], "texture": "#0"},
				"up": {"uv": [0, 0, 0.5, 0.5], "texture": "#0"},
				"down": {"uv": [0, 0, 0.5, 0.5], "texture": "#0"}
			}
		},
		{
			"name": "hexadecagon",
			"from": [0, 0, 6.4087],
			"to": [16, 1, 9.5913],
			"rotation": {"angle": 0, "axis": "y", "origin": [8, 1, 8]},
			"faces": {
				"north": {"uv": [0, 0, 0.5, 0.5], "texture": "#0"},
				"east": {"uv": [0, 0, 0.5, 0.5], "texture": "#0"},
				"south": {"uv": [0, 0, 0.5, 0.5], "texture": "#0"},
				"west": {"uv": [0, 0, 0.5, 0.5], "texture": "#0"},
				"up": {"uv": [0, 0, 0.5, 0.5], "texture": "#0"},
				"down": {"uv": [0, 0, 0.5, 0.5], "texture": "#0"}
			}
		},
		{
			"name": "hexadecagon",
			"from": [0, 0, 6.4087],
			"to": [16, 1, 9.5913],
			"rotation": {"angle": 22.5, "axis": "y", "origin": [8, 1, 8]},
			"faces": {
				"north": {"uv": [0, 0, 0.5, 0.5], "texture": "#0"},
				"east": {"uv": [0, 0, 0.5, 0.5], "texture": "#0"},
				"south": {"uv": [0, 0, 0.5, 0.5], "texture": "#0"},
				"west": {"uv": [0, 0, 0.5, 0.5], "texture": "#0"},
				"up": {"uv": [0, 0, 0.5, 0.5], "texture": "#0"},
				"down": {"uv": [0, 0, 0.5, 0.5], "texture": "#0"}
			}
		},
		{
			"name": "hexadecagon",
			"from": [6.4087, 0, 0],
			"to": [9.5913, 1, 16],
			"rotation": {"angle": 0, "axis": "y", "origin": [8, 1, 8]},
			"faces": {
				"north": {"uv": [0, 0, 0.5, 0.5], "texture": "#0"},
				"east": {"uv": [0, 0, 0.5, 0.5], "texture": "#0"},
				"south": {"uv": [0, 0, 0.5, 0.5], "texture": "#0"},
				"west": {"uv": [0, 0, 0.5, 0.5], "texture": "#0"},
				"up": {"uv": [0, 0, 0.5, 0.5], "texture": "#0"},
				"down": {"uv": [0, 0, 0.5, 0.5], "texture": "#0"}
			}
		},
		{
			"name": "AntiCull",
			"from": [-0.25, -0.25, -0.25],
			"to": [16.25, 0.25, 16.25],
			"faces": {
				"north": {"uv": [0, 0, 8.25, 0.25], "texture": "#0"},
				"east": {"uv": [0, 0, 8.25, 0.25], "texture": "#0"},
				"south": {"uv": [0, 0, 8.25, 0.25], "texture": "#0"},
				"west": {"uv": [0, 0, 8.25, 0.25], "texture": "#0"},
				"up": {"uv": [0, 0, 8.25, 8.25], "texture": "#0"},
				"down": {"uv": [0, 0, 8.25, 8.25], "texture": "#0"}
			}
		}
	],
	"display": {
		"thirdperson_righthand": {
			"translation": [0, -1, 0.25],
			"scale": [0.45, 0.45, 0.45]
		},
		"thirdperson_lefthand": {
			"translation": [0, -1, 0.25],
			"scale": [0.45, 0.45, 0.45]
		},
		"firstperson_righthand": {
			"scale": [0.65, 0.65, 0.65]
		},
		"firstperson_lefthand": {
			"scale": [0.65, 0.65, 0.65]
		},
		"ground": {
			"translation": [0, 4.75, 0]
		},
		"gui": {
			"rotation": [20, 30, 0],
			"translation": [0, -1.25, 0],
			"scale": [0.5, 0.5, 0.5]
		},
		"head": {
			"translation": [0, 14.25, 0]
		},
		"fixed": {
			"translation": [0, -2, 0],
			"scale": [0.65, 0.65, 0.65]
		}
	},
	"groups": [
		{
			"name": "H3S Convex Tower Probe",
			"origin": [8, 8, 8],
			"color": 0,
			"children": [
				{
					"name": "Ultrasonic Wind",
					"origin": [7, 20.55, 7],
					"color": 0,
					"children": [
						{
							"name": "Deco USW",
							"origin": [7, 20.75, 7],
							"color": 0,
							"children": [0, 1]
						},
						{
							"name": "Little Bits_C",
							"origin": [8, 22.1625, 8],
							"color": 0,
							"children": [2, 3, 4, 5]
						},
						{
							"name": "Smoll Logo North",
							"origin": [8, 22.9625, 8],
							"color": 0,
							"children": [6, 7, 8]
						},
						{
							"name": "Smoll Logo South",
							"origin": [8, 22.9625, 8],
							"color": 0,
							"children": [9, 10, 11]
						},
						{
							"name": "Top_C",
							"origin": [7, 20.55, 7],
							"color": 0,
							"children": [
								{
									"name": "C-2-1",
									"origin": [7, 21.3, 7],
									"color": 0,
									"children": [12, 13, 14, 15]
								},
								{
									"name": "C-2",
									"origin": [7, 21.3, 7],
									"color": 0,
									"children": [16, 17, 18, 19]
								},
								{
									"name": "C-3",
									"origin": [7, 21.3, 7],
									"color": 0,
									"children": [20, 21, 22, 23]
								}
							]
						},
						{
							"name": "Bottom_C",
							"origin": [7, 20.55, 7],
							"color": 0,
							"children": [
								{
									"name": "C-1",
									"origin": [7, 21.3, 7],
									"color": 0,
									"children": [24, 25, 26, 27]
								},
								{
									"name": "C-2-2",
									"origin": [7, 21.3, 7],
									"color": 0,
									"children": [28, 29, 30, 31]
								}
							]
						}
					]
				},
				{
					"name": "Warning Light",
					"origin": [14, 14.9125, 8.0125],
					"color": 0,
					"children": [32, 33, 34, 35]
				},
				{
					"name": "Humd Temp Sensor",
					"origin": [2.8125, 17.15, 8],
					"color": 0,
					"children": [
						36,
						{
							"name": "SolarShield-1",
							"origin": [2.8125, 17.15, 8],
							"color": 0,
							"children": [37, 38, 39, 40, 41]
						},
						{
							"name": "SolarShield-2",
							"origin": [2.8125, 17.15, 8],
							"color": 0,
							"children": [42, 43, 44, 45, 46]
						},
						{
							"name": "SolarShield-3",
							"origin": [2.8125, 17.15, 8],
							"color": 0,
							"children": [47, 48, 49, 50, 51]
						},
						{
							"name": "SolarShield-4",
							"origin": [2.8125, 17.15, 8],
							"color": 0,
							"children": [52, 53, 54, 55, 56]
						}
					]
				},
				{
					"name": "Instraments Welding",
					"origin": [8, 8, 8],
					"color": 0,
					"children": [57, 58, 59, 60, 61, 62, 63, 64]
				},
				{
					"name": "Instraments Holder Shapes",
					"origin": [8, 8, 8],
					"color": 0,
					"children": [
						{
							"name": "I_1",
							"origin": [8, 8, 8],
							"color": 0,
							"children": [65, 66, 67, 68, 69, 70, 71, 72]
						},
						{
							"name": "I_1-Cross",
							"origin": [8, 8, 8],
							"color": 0,
							"children": [73, 74, 75, 76, 77, 78, 79, 80]
						},
						{
							"name": "I_H1",
							"origin": [8, 8, 8],
							"color": 0,
							"children": [81, 82, 83, 84, 85, 86, 87, 88]
						},
						{
							"name": "I_H2",
							"origin": [8, 8, 8],
							"color": 0,
							"children": [89, 90, 91, 92, 93, 94, 95, 96]
						}
					]
				},
				{
					"name": "Base_I",
					"origin": [7, 7, 7],
					"color": 0,
					"children": [97, 98, 99, 100, 101]
				},
				{
					"name": "Cone",
					"origin": [8, 8, 8],
					"color": 0,
					"children": [
						{
							"name": "Top",
							"origin": [8, 8, 8],
							"color": 0,
							"children": [102, 103, 104, 105, 106, 107, 108, 109]
						},
						{
							"name": "Body",
							"origin": [8, 1, 8],
							"color": 0,
							"children": [
								{
									"name": "Layer 5",
									"origin": [8, 8, 8],
									"color": 0,
									"children": [110, 111, 112, 113, 114, 115, 116, 117]
								},
								{
									"name": "Layer 4",
									"origin": [8, 8, 8],
									"color": 0,
									"children": [118, 119, 120, 121, 122, 123, 124, 125]
								},
								{
									"name": "Layer 3",
									"origin": [8, 8, 8],
									"color": 0,
									"children": [126, 127, 128, 129, 130, 131, 132, 133]
								},
								{
									"name": "Layer 2",
									"origin": [8, 8, 8],
									"color": 0,
									"children": [134, 135, 136, 137, 138, 139, 140, 141]
								},
								{
									"name": "Layer 1",
									"origin": [8, 8, 8],
									"color": 0,
									"children": [142, 143, 144, 145, 146, 147, 148, 149]
								},
								{
									"name": "Layer 0",
									"origin": [8, 8, 8],
									"color": 0,
									"children": [150, 151, 152, 153, 154, 155, 156, 157]
								}
							]
						},
						{
							"name": "Base",
							"origin": [8, 8, 8],
							"color": 0,
							"children": [158, 159, 160, 161, 162, 163, 164, 165]
						}
					]
				}
			]
		},
		166
	]
}