{
	"credit": "Made with Blockbench",
	"texture_size": [64, 64],
	"textures": {
		"1": "block/light_gray_concrete",
		"2": "block/red_concrete",
		"particle": "block/white_concrete"
	},
	"elements": [
		{
			"name": "hexadecagon",
			"from": [6.4087, -16, 0],
			"to": [9.5913, 8, 16],
			"rotation": {"angle": -45, "axis": "y", "origin": [8, -0.5, 8]},
			"faces": {
				"north": {"uv": [0, 0, 0.25, 0.25], "texture": "#particle"},
				"east": {"uv": [0, 0, 0.25, 0.25], "texture": "#particle"},
				"south": {"uv": [0, 0, 0.25, 0.25], "texture": "#particle"},
				"west": {"uv": [0, 0, 0.25, 0.25], "texture": "#particle"},
				"up": {"uv": [0, 0, 0.25, 0.25], "texture": "#particle"},
				"down": {"uv": [0, 0, 0.25, 0.25], "texture": "#particle"}
			}
		},
		{
			"name": "hexadecagon",
			"from": [6.4087, -16, 0],
			"to": [9.5913, 8, 16],
			"rotation": {"angle": -22.5, "axis": "y", "origin": [8, -0.5, 8]},
			"faces": {
				"north": {"uv": [0, 0, 0.25, 0.25], "texture": "#particle"},
				"east": {"uv": [0, 0, 0.25, 0.25], "texture": "#particle"},
				"south": {"uv": [0, 0, 0.25, 0.25], "texture": "#particle"},
				"west": {"uv": [0, 0, 0.25, 0.25], "texture": "#particle"},
				"up": {"uv": [0, 0, 0.25, 0.25], "texture": "#particle"},
				"down": {"uv": [0, 0, 0.25, 0.25], "texture": "#particle"}
			}
		},
		{
			"name": "hexadecagon",
			"from": [6.4087, -16, 0],
			"to": [9.5913, 8, 16],
			"rotation": {"angle": 0, "axis": "y", "origin": [8, -0.5, 8]},
			"faces": {
				"north": {"uv": [0, 0, 0.25, 0.25], "texture": "#particle"},
				"east": {"uv": [0, 0, 0.25, 0.25], "texture": "#particle"},
				"south": {"uv": [0, 0, 0.25, 0.25], "texture": "#particle"},
				"west": {"uv": [0, 0, 0.25, 0.25], "texture": "#particle"},
				"up": {"uv": [0, 0, 0.25, 0.25], "texture": "#particle"},
				"down": {"uv": [0, 0, 0.25, 0.25], "texture": "#particle"}
			}
		},
		{
			"name": "hexadecagon",
			"from": [6.4087, -16, 0],
			"to": [9.5913, 8, 16],
			"rotation": {"angle": 22.5, "axis": "y", "origin": [8, -0.5, 8]},
			"faces": {
				"north": {"uv": [0, 0, 0.25, 0.25], "texture": "#particle"},
				"east": {"uv": [0, 0, 0.25, 0.25], "texture": "#particle"},
				"south": {"uv": [0, 0, 0.25, 0.25], "texture": "#particle"},
				"west": {"uv": [0, 0, 0.25, 0.25], "texture": "#particle"},
				"up": {"uv": [0, 0, 0.25, 0.25], "texture": "#particle"},
				"down": {"uv": [0, 0, 0.25, 0.25], "texture": "#particle"}
			}
		},
		{
			"name": "hexadecagon",
			"from": [6.4087, -16, 0],
			"to": [9.5913, 8, 16],
			"rotation": {"angle": 45, "axis": "y", "origin": [8, -0.5, 8]},
			"faces": {
				"north": {"uv": [0, 0, 0.25, 0.25], "texture": "#particle"},
				"east": {"uv": [0, 0, 0.25, 0.25], "texture": "#particle"},
				"south": {"uv": [0, 0, 0.25, 0.25], "texture": "#particle"},
				"west": {"uv": [0, 0, 0.25, 0.25], "texture": "#particle"},
				"up": {"uv": [0, 0, 0.25, 0.25], "texture": "#particle"},
				"down": {"uv": [0, 0, 0.25, 0.25], "texture": "#particle"}
			}
		},
		{
			"name": "hexadecagon",
			"from": [0, -16, 6.4087],
			"to": [16, 8, 9.5913],
			"rotation": {"angle": -22.5, "axis": "y", "origin": [8, -0.5, 8]},
			"faces": {
				"north": {"uv": [0, 0, 0.25, 0.25], "texture": "#particle"},
				"east": {"uv": [0, 0, 0.25, 0.25], "texture": "#particle"},
				"south": {"uv": [0, 0, 0.25, 0.25], "texture": "#particle"},
				"west": {"uv": [0, 0, 0.25, 0.25], "texture": "#particle"},
				"up": {"uv": [0, 0, 0.25, 0.25], "texture": "#particle"},
				"down": {"uv": [0, 0, 0.25, 0.25], "texture": "#particle"}
			}
		},
		{
			"name": "hexadecagon",
			"from": [0, -16, 6.4087],
			"to": [16, 8, 9.5913],
			"rotation": {"angle": 0, "axis": "y", "origin": [8, -0.5, 8]},
			"faces": {
				"north": {"uv": [0, 0, 0.25, 0.25], "texture": "#particle"},
				"east": {"uv": [0, 0, 0.25, 0.25], "texture": "#particle"},
				"south": {"uv": [0, 0, 0.25, 0.25], "texture": "#particle"},
				"west": {"uv": [0, 0, 0.25, 0.25], "texture": "#particle"},
				"up": {"uv": [0, 0, 0.25, 0.25], "texture": "#particle"},
				"down": {"uv": [0, 0, 0.25, 0.25], "texture": "#particle"}
			}
		},
		{
			"name": "hexadecagon",
			"from": [0, -16, 6.4087],
			"to": [16, 8, 9.5913],
			"rotation": {"angle": 22.5, "axis": "y", "origin": [8, -0.5, 8]},
			"faces": {
				"north": {"uv": [0, 0, 0.25, 0.25], "texture": "#particle"},
				"east": {"uv": [0, 0, 0.25, 0.25], "texture": "#particle"},
				"south": {"uv": [0, 0, 0.25, 0.25], "texture": "#particle"},
				"west": {"uv": [0, 0, 0.25, 0.25], "texture": "#particle"},
				"up": {"uv": [0, 0, 0.25, 0.25], "texture": "#particle"},
				"down": {"uv": [0, 0, 0.25, 0.25], "texture": "#particle"}
			}
		},
		{
			"name": "hexadecagon",
			"from": [6.4087, 9, 0],
			"to": [9.5913, 13, 16],
			"rotation": {"angle": -45, "axis": "y", "origin": [8, 11, 8]},
			"faces": {
				"north": {"uv": [0, 0, 0.25, 0.25], "texture": "#particle"},
				"east": {"uv": [0, 0, 0.25, 0.25], "texture": "#particle"},
				"south": {"uv": [0, 0, 0.25, 0.25], "texture": "#particle"},
				"west": {"uv": [0, 0, 0.25, 0.25], "texture": "#particle"},
				"up": {"uv": [0, 0, 0.25, 0.25], "texture": "#particle"},
				"down": {"uv": [0, 0, 0.25, 0.25], "texture": "#particle"}
			}
		},
		{
			"name": "hexadecagon",
			"from": [6.4087, 9, 0],
			"to": [9.5913, 13, 16],
			"rotation": {"angle": -22.5, "axis": "y", "origin": [8, 11, 8]},
			"faces": {
				"north": {"uv": [0, 0, 0.25, 0.25], "texture": "#particle"},
				"east": {"uv": [0, 0, 0.25, 0.25], "texture": "#particle"},
				"south": {"uv": [0, 0, 0.25, 0.25], "texture": "#particle"},
				"west": {"uv": [0, 0, 0.25, 0.25], "texture": "#particle"},
				"up": {"uv": [0, 0, 0.25, 0.25], "texture": "#particle"},
				"down": {"uv": [0, 0, 0.25, 0.25], "texture": "#particle"}
			}
		},
		{
			"name": "hexadecagon",
			"from": [6.4087, 9, 0],
			"to": [9.5913, 13, 16],
			"rotation": {"angle": 0, "axis": "y", "origin": [8, 11, 8]},
			"faces": {
				"north": {"uv": [0, 0, 0.25, 0.25], "texture": "#particle"},
				"east": {"uv": [0, 0, 0.25, 0.25], "texture": "#particle"},
				"south": {"uv": [0, 0, 0.25, 0.25], "texture": "#particle"},
				"west": {"uv": [0, 0, 0.25, 0.25], "texture": "#particle"},
				"up": {"uv": [0, 0, 0.25, 0.25], "texture": "#particle"},
				"down": {"uv": [0, 0, 0.25, 0.25], "texture": "#particle"}
			}
		},
		{
			"name": "hexadecagon",
			"from": [6.4087, 9, 0],
			"to": [9.5913, 13, 16],
			"rotation": {"angle": 22.5, "axis": "y", "origin": [8, 11, 8]},
			"faces": {
				"north": {"uv": [0, 0, 0.25, 0.25], "texture": "#particle"},
				"east": {"uv": [0, 0, 0.25, 0.25], "texture": "#particle"},
				"south": {"uv": [0, 0, 0.25, 0.25], "texture": "#particle"},
				"west": {"uv": [0, 0, 0.25, 0.25], "texture": "#particle"},
				"up": {"uv": [0, 0, 0.25, 0.25], "texture": "#particle"},
				"down": {"uv": [0, 0, 0.25, 0.25], "texture": "#particle"}
			}
		},
		{
			"name": "hexadecagon",
			"from": [6.4087, 9, 0],
			"to": [9.5913, 13, 16],
			"rotation": {"angle": 45, "axis": "y", "origin": [8, 11, 8]},
			"faces": {
				"north": {"uv": [0, 0, 0.25, 0.25], "texture": "#particle"},
				"east": {"uv": [0, 0, 0.25, 0.25], "texture": "#particle"},
				"south": {"uv": [0, 0, 0.25, 0.25], "texture": "#particle"},
				"west": {"uv": [0, 0, 0.25, 0.25], "texture": "#particle"},
				"up": {"uv": [0, 0, 0.25, 0.25], "texture": "#particle"},
				"down": {"uv": [0, 0, 0.25, 0.25], "texture": "#particle"}
			}
		},
		{
			"name": "hexadecagon",
			"from": [0, 9, 6.4087],
			"to": [16, 13, 9.5913],
			"rotation": {"angle": -22.5, "axis": "y", "origin": [8, 11, 8]},
			"faces": {
				"north": {"uv": [0, 0, 0.25, 0.25], "texture": "#particle"},
				"east": {"uv": [0, 0, 0.25, 0.25], "texture": "#particle"},
				"south": {"uv": [0, 0, 0.25, 0.25], "texture": "#particle"},
				"west": {"uv": [0, 0, 0.25, 0.25], "texture": "#particle"},
				"up": {"uv": [0, 0, 0.25, 0.25], "texture": "#particle"},
				"down": {"uv": [0, 0, 0.25, 0.25], "texture": "#particle"}
			}
		},
		{
			"name": "hexadecagon",
			"from": [0, 9, 6.4087],
			"to": [16, 13, 9.5913],
			"rotation": {"angle": 0, "axis": "y", "origin": [8, 11, 8]},
			"faces": {
				"north": {"uv": [0, 0, 0.25, 0.25], "texture": "#particle"},
				"east": {"uv": [0, 0, 0.25, 0.25], "texture": "#particle"},
				"south": {"uv": [0, 0, 0.25, 0.25], "texture": "#particle"},
				"west": {"uv": [0, 0, 0.25, 0.25], "texture": "#particle"},
				"up": {"uv": [0, 0, 0.25, 0.25], "texture": "#particle"},
				"down": {"uv": [0, 0, 0.25, 0.25], "texture": "#particle"}
			}
		},
		{
			"name": "hexadecagon",
			"from": [0, 9, 6.4087],
			"to": [16, 13, 9.5913],
			"rotation": {"angle": 22.5, "axis": "y", "origin": [8, 11, 8]},
			"faces": {
				"north": {"uv": [0, 0, 0.25, 0.25], "texture": "#particle"},
				"east": {"uv": [0, 0, 0.25, 0.25], "texture": "#particle"},
				"south": {"uv": [0, 0, 0.25, 0.25], "texture": "#particle"},
				"west": {"uv": [0, 0, 0.25, 0.25], "texture": "#particle"},
				"up": {"uv": [0, 0, 0.25, 0.25], "texture": "#particle"},
				"down": {"uv": [0, 0, 0.25, 0.25], "texture": "#particle"}
			}
		},
		{
			"name": "hexadecagon",
			"from": [6.01088, -0.5, -2],
			"to": [9.98912, 0.5, 18],
			"rotation": {"angle": -45, "axis": "y", "origin": [8, 0, 8]},
			"faces": {
				"north": {"uv": [0, 0, 0.25, 0.25], "texture": "#particle"},
				"east": {"uv": [0, 0, 0.25, 0.25], "texture": "#particle"},
				"south": {"uv": [0, 0, 0.25, 0.25], "texture": "#particle"},
				"west": {"uv": [0, 0, 0.25, 0.25], "texture": "#particle"},
				"up": {"uv": [0, 0, 0.25, 0.25], "texture": "#particle"},
				"down": {"uv": [0, 0, 0.25, 0.25], "texture": "#particle"}
			}
		},
		{
			"name": "hexadecagon",
			"from": [6.01088, -0.5, -2],
			"to": [9.98912, 0.5, 18],
			"rotation": {"angle": -22.5, "axis": "y", "origin": [8, 0, 8]},
			"faces": {
				"north": {"uv": [0, 0, 0.25, 0.25], "texture": "#particle"},
				"east": {"uv": [0, 0, 0.25, 0.25], "texture": "#particle"},
				"south": {"uv": [0, 0, 0.25, 0.25], "texture": "#particle"},
				"west": {"uv": [0, 0, 0.25, 0.25], "texture": "#particle"},
				"up": {"uv": [0, 0, 0.25, 0.25], "texture": "#particle"},
				"down": {"uv": [0, 0, 0.25, 0.25], "texture": "#particle"}
			}
		},
		{
			"name": "hexadecagon",
			"from": [6.01088, -0.5, -2],
			"to": [9.98912, 0.5, 18],
			"rotation": {"angle": 0, "axis": "y", "origin": [8, 0, 8]},
			"faces": {
				"north": {"uv": [0, 0, 0.25, 0.25], "texture": "#particle"},
				"east": {"uv": [0, 0, 0.25, 0.25], "texture": "#particle"},
				"south": {"uv": [0, 0, 0.25, 0.25], "texture": "#particle"},
				"west": {"uv": [0, 0, 0.25, 0.25], "texture": "#particle"},
				"up": {"uv": [0, 0, 0.25, 0.25], "texture": "#particle"},
				"down": {"uv": [0, 0, 0.25, 0.25], "texture": "#particle"}
			}
		},
		{
			"name": "hexadecagon",
			"from": [6.01088, -0.5, -2],
			"to": [9.98912, 0.5, 18],
			"rotation": {"angle": 22.5, "axis": "y", "origin": [8, 0, 8]},
			"faces": {
				"north": {"uv": [0, 0, 0.25, 0.25], "texture": "#particle"},
				"east": {"uv": [0, 0, 0.25, 0.25], "texture": "#particle"},
				"south": {"uv": [0, 0, 0.25, 0.25], "texture": "#particle"},
				"west": {"uv": [0, 0, 0.25, 0.25], "texture": "#particle"},
				"up": {"uv": [0, 0, 0.25, 0.25], "texture": "#particle"},
				"down": {"uv": [0, 0, 0.25, 0.25], "texture": "#particle"}
			}
		},
		{
			"name": "hexadecagon",
			"from": [6.01088, -0.5, -2],
			"to": [9.98912, 0.5, 18],
			"rotation": {"angle": 45, "axis": "y", "origin": [8, 0, 8]},
			"faces": {
				"north": {"uv": [0, 0, 0.25, 0.25], "texture": "#particle"},
				"east": {"uv": [0, 0, 0.25, 0.25], "texture": "#particle"},
				"south": {"uv": [0, 0, 0.25, 0.25], "texture": "#particle"},
				"west": {"uv": [0, 0, 0.25, 0.25], "texture": "#particle"},
				"up": {"uv": [0, 0, 0.25, 0.25], "texture": "#particle"},
				"down": {"uv": [0, 0, 0.25, 0.25], "texture": "#particle"}
			}
		},
		{
			"name": "hexadecagon",
			"from": [-2, -0.5, 6.01088],
			"to": [18, 0.5, 9.98912],
			"rotation": {"angle": -22.5, "axis": "y", "origin": [8, 0, 8]},
			"faces": {
				"north": {"uv": [0, 0, 0.25, 0.25], "texture": "#particle"},
				"east": {"uv": [0, 0, 0.25, 0.25], "texture": "#particle"},
				"south": {"uv": [0, 0, 0.25, 0.25], "texture": "#particle"},
				"west": {"uv": [0, 0, 0.25, 0.25], "texture": "#particle"},
				"up": {"uv": [0, 0, 0.25, 0.25], "texture": "#particle"},
				"down": {"uv": [0, 0, 0.25, 0.25], "texture": "#particle"}
			}
		},
		{
			"name": "hexadecagon",
			"from": [-2, -0.5, 6.01088],
			"to": [18, 0.5, 9.98912],
			"rotation": {"angle": 0, "axis": "y", "origin": [8, 0, 8]},
			"faces": {
				"north": {"uv": [0, 0, 0.25, 0.25], "texture": "#particle"},
				"east": {"uv": [0, 0, 0.25, 0.25], "texture": "#particle"},
				"south": {"uv": [0, 0, 0.25, 0.25], "texture": "#particle"},
				"west": {"uv": [0, 0, 0.25, 0.25], "texture": "#particle"},
				"up": {"uv": [0, 0, 0.25, 0.25], "texture": "#particle"},
				"down": {"uv": [0, 0, 0.25, 0.25], "texture": "#particle"}
			}
		},
		{
			"name": "hexadecagon",
			"from": [-2, -0.5, 6.01088],
			"to": [18, 0.5, 9.98912],
			"rotation": {"angle": 22.5, "axis": "y", "origin": [8, 0, 8]},
			"faces": {
				"north": {"uv": [0, 0, 0.25, 0.25], "texture": "#particle"},
				"east": {"uv": [0, 0, 0.25, 0.25], "texture": "#particle"},
				"south": {"uv": [0, 0, 0.25, 0.25], "texture": "#particle"},
				"west": {"uv": [0, 0, 0.25, 0.25], "texture": "#particle"},
				"up": {"uv": [0, 0, 0.25, 0.25], "texture": "#particle"},
				"down": {"uv": [0, 0, 0.25, 0.25], "texture": "#particle"}
			}
		},
		{
			"name": "hexadecagon",
			"from": [6.60761, 8, 1],
			"to": [9.39239, 9, 15],
			"rotation": {"angle": -45, "axis": "y", "origin": [8, 8.5, 8]},
			"faces": {
				"north": {"uv": [0, 0, 0.25, 0.25], "texture": "#particle"},
				"east": {"uv": [0, 0, 0.25, 0.25], "texture": "#particle"},
				"south": {"uv": [0, 0, 0.25, 0.25], "texture": "#particle"},
				"west": {"uv": [0, 0, 0.25, 0.25], "texture": "#particle"},
				"up": {"uv": [0, 0, 0.25, 0.25], "texture": "#particle"},
				"down": {"uv": [0, 0, 0.25, 0.25], "texture": "#particle"}
			}
		},
		{
			"name": "hexadecagon",
			"from": [6.60761, 8, 1],
			"to": [9.39239, 9, 15],
			"rotation": {"angle": -22.5, "axis": "y", "origin": [8, 8.5, 8]},
			"faces": {
				"north": {"uv": [0, 0, 0.25, 0.25], "texture": "#particle"},
				"east": {"uv": [0, 0, 0.25, 0.25], "texture": "#particle"},
				"south": {"uv": [0, 0, 0.25, 0.25], "texture": "#particle"},
				"west": {"uv": [0, 0, 0.25, 0.25], "texture": "#particle"},
				"up": {"uv": [0, 0, 0.25, 0.25], "texture": "#particle"},
				"down": {"uv": [0, 0, 0.25, 0.25], "texture": "#particle"}
			}
		},
		{
			"name": "hexadecagon",
			"from": [6.60761, 8, 1],
			"to": [9.39239, 9, 15],
			"rotation": {"angle": 0, "axis": "y", "origin": [8, 8.5, 8]},
			"faces": {
				"north": {"uv": [0, 0, 0.25, 0.25], "texture": "#particle"},
				"east": {"uv": [0, 0, 0.25, 0.25], "texture": "#particle"},
				"south": {"uv": [0, 0, 0.25, 0.25], "texture": "#particle"},
				"west": {"uv": [0, 0, 0.25, 0.25], "texture": "#particle"},
				"up": {"uv": [0, 0, 0.25, 0.25], "texture": "#particle"},
				"down": {"uv": [0, 0, 0.25, 0.25], "texture": "#particle"}
			}
		},
		{
			"name": "hexadecagon",
			"from": [6.60761, 8, 1],
			"to": [9.39239, 9, 15],
			"rotation": {"angle": 22.5, "axis": "y", "origin": [8, 8.5, 8]},
			"faces": {
				"north": {"uv": [0, 0, 0.25, 0.25], "texture": "#particle"},
				"east": {"uv": [0, 0, 0.25, 0.25], "texture": "#particle"},
				"south": {"uv": [0, 0, 0.25, 0.25], "texture": "#particle"},
				"west": {"uv": [0, 0, 0.25, 0.25], "texture": "#particle"},
				"up": {"uv": [0, 0, 0.25, 0.25], "texture": "#particle"},
				"down": {"uv": [0, 0, 0.25, 0.25], "texture": "#particle"}
			}
		},
		{
			"name": "hexadecagon",
			"from": [6.60761, 8, 1],
			"to": [9.39239, 9, 15],
			"rotation": {"angle": 45, "axis": "y", "origin": [8, 8.5, 8]},
			"faces": {
				"north": {"uv": [0, 0, 0.25, 0.25], "texture": "#particle"},
				"east": {"uv": [0, 0, 0.25, 0.25], "texture": "#particle"},
				"south": {"uv": [0, 0, 0.25, 0.25], "texture": "#particle"},
				"west": {"uv": [0, 0, 0.25, 0.25], "texture": "#particle"},
				"up": {"uv": [0, 0, 0.25, 0.25], "texture": "#particle"},
				"down": {"uv": [0, 0, 0.25, 0.25], "texture": "#particle"}
			}
		},
		{
			"name": "hexadecagon",
			"from": [1, 8, 6.60761],
			"to": [15, 9, 9.39239],
			"rotation": {"angle": -22.5, "axis": "y", "origin": [8, 8.5, 8]},
			"faces": {
				"north": {"uv": [0, 0, 0.25, 0.25], "texture": "#particle"},
				"east": {"uv": [0, 0, 0.25, 0.25], "texture": "#particle"},
				"south": {"uv": [0, 0, 0.25, 0.25], "texture": "#particle"},
				"west": {"uv": [0, 0, 0.25, 0.25], "texture": "#particle"},
				"up": {"uv": [0, 0, 0.25, 0.25], "texture": "#particle"},
				"down": {"uv": [0, 0, 0.25, 0.25], "texture": "#particle"}
			}
		},
		{
			"name": "hexadecagon",
			"from": [1, 8, 6.60761],
			"to": [15, 9, 9.39239],
			"rotation": {"angle": 0, "axis": "y", "origin": [8, 8.5, 8]},
			"faces": {
				"north": {"uv": [0, 0, 0.25, 0.25], "texture": "#particle"},
				"east": {"uv": [0, 0, 0.25, 0.25], "texture": "#particle"},
				"south": {"uv": [0, 0, 0.25, 0.25], "texture": "#particle"},
				"west": {"uv": [0, 0, 0.25, 0.25], "texture": "#particle"},
				"up": {"uv": [0, 0, 0.25, 0.25], "texture": "#particle"},
				"down": {"uv": [0, 0, 0.25, 0.25], "texture": "#particle"}
			}
		},
		{
			"name": "hexadecagon",
			"from": [1, 8, 6.60761],
			"to": [15, 9, 9.39239],
			"rotation": {"angle": 22.5, "axis": "y", "origin": [8, 8.5, 8]},
			"faces": {
				"north": {"uv": [0, 0, 0.25, 0.25], "texture": "#particle"},
				"east": {"uv": [0, 0, 0.25, 0.25], "texture": "#particle"},
				"south": {"uv": [0, 0, 0.25, 0.25], "texture": "#particle"},
				"west": {"uv": [0, 0, 0.25, 0.25], "texture": "#particle"},
				"up": {"uv": [0, 0, 0.25, 0.25], "texture": "#particle"},
				"down": {"uv": [0, 0, 0.25, 0.25], "texture": "#particle"}
			}
		},
		{
			"name": "Hand_1",
			"from": [17.75, 14.35, -11.35],
			"to": [20.5, 21.15, 18.35],
			"rotation": {"angle": 0, "axis": "y", "origin": [18, 17.75, 8]},
			"faces": {
				"north": {"uv": [0, 0, 0.6875, 1.7], "texture": "#particle"},
				"east": {"uv": [0, 0, 7.425, 1.7], "texture": "#particle"},
				"south": {"uv": [0, 0, 0.6875, 1.7], "texture": "#particle"},
				"west": {"uv": [0, 0, 7.425, 1.7], "texture": "#particle"},
				"up": {"uv": [0, 0, 0.6875, 7.425], "texture": "#particle"},
				"down": {"uv": [0, 0, 0.6875, 7.425], "texture": "#particle"}
			}
		},
		{
			"name": "Hand_2",
			"from": [-4.25, 14.35, -11.35],
			"to": [-1.5, 21.15, 18.35],
			"rotation": {"angle": 0, "axis": "y", "origin": [-4, 17.75, 8]},
			"faces": {
				"north": {"uv": [0, 0, 0.6875, 1.7], "texture": "#particle"},
				"east": {"uv": [0, 0, 7.425, 1.7], "texture": "#particle"},
				"south": {"uv": [0, 0, 0.6875, 1.7], "texture": "#particle"},
				"west": {"uv": [0, 0, 7.425, 1.7], "texture": "#particle"},
				"up": {"uv": [0, 0, 0.6875, 7.425], "texture": "#particle"},
				"down": {"uv": [0, 0, 0.6875, 7.425], "texture": "#particle"}
			}
		},
		{
			"name": "Reforcement",
			"from": [-2.35, 15.35, -9.25],
			"to": [18.35, 20.15, -6.5],
			"rotation": {"angle": 0, "axis": "y", "origin": [4, 17.75, -9]},
			"faces": {
				"north": {"uv": [0, 0, 5.175, 1.2], "texture": "#particle"},
				"east": {"uv": [0, 0, 0.6875, 1.2], "texture": "#particle"},
				"south": {"uv": [0, 0, 5.175, 1.2], "texture": "#particle"},
				"west": {"uv": [0, 0, 0.6875, 1.2], "texture": "#particle"},
				"up": {"uv": [0, 0, 0.6875, 5.175], "rotation": 90, "texture": "#particle"},
				"down": {"uv": [0, 0, 0.6875, 5.175], "rotation": 270, "texture": "#particle"}
			}
		},
		{
			"name": "Plate",
			"from": [-1, 13, -1],
			"to": [17, 14, 17],
			"rotation": {"angle": 0, "axis": "y", "origin": [8, 13.5, 8]},
			"faces": {
				"north": {"uv": [0, 0, 4.5, 0.25], "texture": "#particle"},
				"east": {"uv": [0, 0, 4.5, 0.25], "texture": "#particle"},
				"south": {"uv": [0, 0, 4.5, 0.25], "texture": "#particle"},
				"west": {"uv": [0, 0, 4.5, 0.25], "texture": "#particle"},
				"up": {"uv": [0, 0, 4.5, 4.5], "texture": "#particle"},
				"down": {"uv": [0, 0, 4.5, 4.5], "texture": "#particle"}
			}
		},
		{
			"name": "Holder 1",
			"from": [1, 14, 3],
			"to": [15, 21, 13],
			"rotation": {"angle": 0, "axis": "y", "origin": [8, 14.5, 8]},
			"faces": {
				"north": {"uv": [0, 0, 3.5, 1.75], "texture": "#particle"},
				"east": {"uv": [0, 0, 2.5, 1.75], "texture": "#particle"},
				"south": {"uv": [0, 0, 3.5, 1.75], "texture": "#particle"},
				"west": {"uv": [0, 0, 2.5, 1.75], "texture": "#particle"},
				"up": {"uv": [0, 0, 3.5, 2.5], "texture": "#particle"},
				"down": {"uv": [0, 0, 3.5, 2.5], "texture": "#particle"}
			}
		},
		{
			"name": "Hinge",
			"from": [-2, 15.6, 5.65],
			"to": [18, 19.9, 10.35],
			"rotation": {"angle": 0, "axis": "y", "origin": [8, 14.75, 8]},
			"faces": {
				"north": {"uv": [0, 0, 5, 1.075], "texture": "#particle"},
				"east": {"uv": [0, 0, 1.175, 1.075], "texture": "#particle"},
				"south": {"uv": [0, 0, 5, 1.075], "texture": "#particle"},
				"west": {"uv": [0, 0, 1.175, 1.075], "texture": "#particle"},
				"up": {"uv": [0, 0, 5, 1.175], "texture": "#particle"},
				"down": {"uv": [0, 0, 5, 1.175], "texture": "#particle"}
			}
		},
		{
			"name": "Holder 2",
			"from": [1, 21, 4.75],
			"to": [15, 25, 11.35],
			"rotation": {"angle": 0, "axis": "y", "origin": [8, 18.5, 8]},
			"faces": {
				"north": {"uv": [0, 0, 3.5, 1], "texture": "#particle"},
				"east": {"uv": [0, 0, 1.65, 1], "texture": "#particle"},
				"south": {"uv": [0, 0, 3.5, 1], "texture": "#particle"},
				"west": {"uv": [0, 0, 1.65, 1], "texture": "#particle"},
				"up": {"uv": [0, 0, 3.5, 1.65], "texture": "#particle"},
				"down": {"uv": [0, 0, 3.5, 1.65], "texture": "#particle"}
			}
		},
		{
			"name": "HolderC_N",
			"from": [1.05, 20, 2.25],
			"to": [14.95, 24.65, 5.05],
			"rotation": {"angle": 22.5, "axis": "x", "origin": [8, 18.5, 4.3]},
			"faces": {
				"north": {"uv": [0, 0, 3.475, 1.1625], "texture": "#particle"},
				"east": {"uv": [0, 0, 0.7, 1.1625], "texture": "#particle"},
				"south": {"uv": [0, 0, 3.475, 1.1625], "texture": "#particle"},
				"west": {"uv": [0, 0, 0.7, 1.1625], "texture": "#particle"},
				"up": {"uv": [0, 0, 3.475, 0.7], "texture": "#particle"},
				"down": {"uv": [0, 0, 3.475, 0.7], "texture": "#particle"}
			}
		},
		{
			"name": "HolderC_S",
			"from": [1.05, 20.775, 11],
			"to": [14.95, 25.15, 13.9],
			"rotation": {"angle": -22.5, "axis": "x", "origin": [8, 18.5, 13.05]},
			"faces": {
				"north": {"uv": [0, 0, 3.475, 1.09375], "texture": "#particle"},
				"east": {"uv": [0, 0, 0.725, 1.09375], "texture": "#particle"},
				"south": {"uv": [0, 0, 3.475, 1.09375], "texture": "#particle"},
				"west": {"uv": [0, 0, 0.725, 1.09375], "texture": "#particle"},
				"up": {"uv": [0, 0, 3.475, 0.725], "texture": "#particle"},
				"down": {"uv": [0, 0, 3.475, 0.725], "texture": "#particle"}
			}
		},
		{
			"name": "RadarBase",
			"from": [-8.125, -0.25, -13],
			"to": [24.125, 32, -11],
			"rotation": {"angle": 0, "axis": "y", "origin": [8, 15.875, -12]},
			"faces": {
				"north": {"uv": [0, 0, 16.0625, 16.0625], "texture": "#1"},
				"east": {"uv": [0, 0, 0.5, 8.0625], "texture": "#1"},
				"south": {"uv": [0, 0, 16, 16], "texture": "#1"},
				"west": {"uv": [0, 0, 0.5, 8.0625], "texture": "#1"},
				"up": {"uv": [0, 0, 8.0625, 0.5], "texture": "#1"},
				"down": {"uv": [0, 0, 8.0625, 0.5], "texture": "#1"}
			}
		},
		{
			"name": "Red_1",
			"from": [18.675, 29.25, -13.075],
			"to": [21.675, 31.25, -13],
			"rotation": {"angle": 0, "axis": "z", "origin": [20.175, 30.25, -13.0375]},
			"faces": {
				"north": {"uv": [0, 0, 0.5, 0.75], "rotation": 90, "texture": "#2"},
				"east": {"uv": [0, 0, 0.5, 0.01875], "rotation": 270, "texture": "#2"},
				"south": {"uv": [0, 0, 0.5, 0.75], "rotation": 270, "texture": "#2"},
				"west": {"uv": [0, 0, 0.5, 0.01875], "rotation": 270, "texture": "#2"},
				"up": {"uv": [0, 0, 0.01875, 0.75], "rotation": 270, "texture": "#2"},
				"down": {"uv": [0, 0, 0.01875, 0.75], "rotation": 270, "texture": "#2"}
			}
		},
		{
			"name": "Red_2",
			"from": [-5.325, 29.25, -13.075],
			"to": [-2.325, 31.25, -13],
			"rotation": {"angle": 0, "axis": "z", "origin": [-3.825, 30.25, -13.0375]},
			"faces": {
				"north": {"uv": [0, 0, 0.5, 0.75], "rotation": 90, "texture": "#2"},
				"east": {"uv": [0, 0, 0.5, 0.01875], "rotation": 270, "texture": "#2"},
				"south": {"uv": [0, 0, 0.5, 0.75], "rotation": 270, "texture": "#2"},
				"west": {"uv": [0, 0, 0.5, 0.01875], "rotation": 270, "texture": "#2"},
				"up": {"uv": [0, 0, 0.01875, 0.75], "rotation": 270, "texture": "#2"},
				"down": {"uv": [0, 0, 0.01875, 0.75], "rotation": 270, "texture": "#2"}
			}
		},
		{
			"name": "Red_3",
			"from": [-5.325, 0.5, -13.075],
			"to": [-2.325, 2.5, -13],
			"rotation": {"angle": 0, "axis": "z", "origin": [-3.825, 1.5, -13.0375]},
			"faces": {
				"north": {"uv": [0, 0, 0.5, 0.75], "rotation": 90, "texture": "#2"},
				"east": {"uv": [0, 0, 0.5, 0.01875], "rotation": 270, "texture": "#2"},
				"south": {"uv": [0, 0, 0.5, 0.75], "rotation": 270, "texture": "#2"},
				"west": {"uv": [0, 0, 0.5, 0.01875], "rotation": 270, "texture": "#2"},
				"up": {"uv": [0, 0, 0.01875, 0.75], "rotation": 270, "texture": "#2"},
				"down": {"uv": [0, 0, 0.01875, 0.75], "rotation": 270, "texture": "#2"}
			}
		},
		{
			"name": "Red_4",
			"from": [18.675, 0.5, -13.075],
			"to": [21.675, 2.5, -13],
			"rotation": {"angle": 0, "axis": "z", "origin": [20.175, 1.5, -13.0375]},
			"faces": {
				"north": {"uv": [0, 0, 0.5, 0.75], "rotation": 90, "texture": "#2"},
				"east": {"uv": [0, 0, 0.5, 0.01875], "rotation": 270, "texture": "#2"},
				"south": {"uv": [0, 0, 0.5, 0.75], "rotation": 270, "texture": "#2"},
				"west": {"uv": [0, 0, 0.5, 0.01875], "rotation": 270, "texture": "#2"},
				"up": {"uv": [0, 0, 0.01875, 0.75], "rotation": 270, "texture": "#2"},
				"down": {"uv": [0, 0, 0.01875, 0.75], "rotation": 270, "texture": "#2"}
			}
		},
		{
			"name": "PAR 3",
			"from": [-6.9, 10.25, -13.3],
			"to": [2.375, 21.5, -13],
			"rotation": {"angle": 0, "axis": "z", "origin": [-2.2625, 15.875, -13.15]},
			"faces": {
				"north": {"uv": [0, 0, 2.8125, 2.31875], "rotation": 90, "texture": "#particle"},
				"east": {"uv": [0, 0, 2.8125, 0.075], "rotation": 270, "texture": "#particle"},
				"south": {"uv": [0, 0, 2.8125, 2.31875], "rotation": 270, "texture": "#particle"},
				"west": {"uv": [0, 0, 2.8125, 0.075], "rotation": 270, "texture": "#particle"},
				"up": {"uv": [0, 0, 0.075, 2.31875], "rotation": 270, "texture": "#particle"},
				"down": {"uv": [0, 0, 0.075, 2.31875], "rotation": 270, "texture": "#particle"}
			}
		},
		{
			"name": "PAR 1",
			"from": [2.375, 1, -13.3],
			"to": [13.625, 30.75, -13],
			"rotation": {"angle": 0, "axis": "y", "origin": [8, 15.875, -13.15]},
			"faces": {
				"north": {"uv": [0, 0, 2.8125, 7.4375], "texture": "#particle"},
				"east": {"uv": [0, 0, 0.075, 7.4375], "texture": "#particle"},
				"south": {"uv": [0, 0, 2.8125, 7.4375], "texture": "#particle"},
				"west": {"uv": [0, 0, 0.075, 7.4375], "texture": "#particle"},
				"up": {"uv": [0, 0, 2.8125, 0.075], "texture": "#particle"},
				"down": {"uv": [0, 0, 2.8125, 0.075], "texture": "#particle"}
			}
		},
		{
			"name": "PAR 2",
			"from": [13.6, 10.25, -13.3],
			"to": [22.875, 21.5, -13],
			"rotation": {"angle": 0, "axis": "z", "origin": [18.2375, 15.875, -13.15]},
			"faces": {
				"north": {"uv": [0, 0, 2.8125, 2.31875], "rotation": 90, "texture": "#particle"},
				"east": {"uv": [0, 0, 2.8125, 0.075], "rotation": 270, "texture": "#particle"},
				"south": {"uv": [0, 0, 2.8125, 2.31875], "rotation": 270, "texture": "#particle"},
				"west": {"uv": [0, 0, 2.8125, 0.075], "rotation": 270, "texture": "#particle"},
				"up": {"uv": [0, 0, 0.075, 2.31875], "rotation": 270, "texture": "#particle"},
				"down": {"uv": [0, 0, 0.075, 2.31875], "rotation": 270, "texture": "#particle"}
			}
		},
		{
			"name": "PAR 1_1",
			"from": [13.6, 21.5, -13.3],
			"to": [19.875, 27.75, -13],
			"rotation": {"angle": 0, "axis": "z", "origin": [16.7375, 24.625, -13.15]},
			"faces": {
				"north": {"uv": [0, 0, 1.5625, 1.56875], "rotation": 90, "texture": "#particle"},
				"east": {"uv": [0, 0, 1.5625, 0.075], "rotation": 270, "texture": "#particle"},
				"south": {"uv": [0, 0, 1.5625, 1.56875], "rotation": 270, "texture": "#particle"},
				"west": {"uv": [0, 0, 1.5625, 0.075], "rotation": 270, "texture": "#particle"},
				"up": {"uv": [0, 0, 0.075, 1.56875], "rotation": 270, "texture": "#particle"},
				"down": {"uv": [0, 0, 0.075, 1.56875], "rotation": 270, "texture": "#particle"}
			}
		},
		{
			"name": "PAR 2_2",
			"from": [-3.9, 21.5, -13.3],
			"to": [2.375, 27.75, -13],
			"rotation": {"angle": 0, "axis": "z", "origin": [-0.7625, 24.625, -13.15]},
			"faces": {
				"north": {"uv": [0, 0, 1.5625, 1.56875], "rotation": 90, "texture": "#particle"},
				"east": {"uv": [0, 0, 1.5625, 0.075], "rotation": 270, "texture": "#particle"},
				"south": {"uv": [0, 0, 1.5625, 1.56875], "rotation": 270, "texture": "#particle"},
				"west": {"uv": [0, 0, 1.5625, 0.075], "rotation": 270, "texture": "#particle"},
				"up": {"uv": [0, 0, 0.075, 1.56875], "rotation": 270, "texture": "#particle"},
				"down": {"uv": [0, 0, 0.075, 1.56875], "rotation": 270, "texture": "#particle"}
			}
		},
		{
			"name": "PAR 3_3",
			"from": [-3.9, 4, -13.3],
			"to": [2.375, 10.25, -13],
			"rotation": {"angle": 0, "axis": "z", "origin": [-0.7625, 7.125, -13.15]},
			"faces": {
				"north": {"uv": [0, 0, 1.5625, 1.56875], "rotation": 90, "texture": "#particle"},
				"east": {"uv": [0, 0, 1.5625, 0.075], "rotation": 270, "texture": "#particle"},
				"south": {"uv": [0, 0, 1.5625, 1.56875], "rotation": 270, "texture": "#particle"},
				"west": {"uv": [0, 0, 1.5625, 0.075], "rotation": 270, "texture": "#particle"},
				"up": {"uv": [0, 0, 0.075, 1.56875], "rotation": 270, "texture": "#particle"},
				"down": {"uv": [0, 0, 0.075, 1.56875], "rotation": 270, "texture": "#particle"}
			}
		},
		{
			"name": "PAR 4_4",
			"from": [13.6, 4, -13.3],
			"to": [19.875, 10.25, -13],
			"rotation": {"angle": 0, "axis": "z", "origin": [16.7375, 7.125, -13.15]},
			"faces": {
				"north": {"uv": [0, 0, 1.5625, 1.56875], "rotation": 90, "texture": "#particle"},
				"east": {"uv": [0, 0, 1.5625, 0.075], "rotation": 270, "texture": "#particle"},
				"south": {"uv": [0, 0, 1.5625, 1.56875], "rotation": 270, "texture": "#particle"},
				"west": {"uv": [0, 0, 1.5625, 0.075], "rotation": 270, "texture": "#particle"},
				"up": {"uv": [0, 0, 0.075, 1.56875], "rotation": 270, "texture": "#particle"},
				"down": {"uv": [0, 0, 0.075, 1.56875], "rotation": 270, "texture": "#particle"}
			}
		}
	],
	"display": {
		"thirdperson_righthand": {
			"translation": [0, 7.25, 0],
			"scale": [0.5, 0.5, 0.5]
		},
		"thirdperson_lefthand": {
			"translation": [0, 7.25, 0],
			"scale": [0.5, 0.5, 0.5]
		},
		"firstperson_righthand": {
			"scale": [0.3, 0.3, 0.3]
		},
		"firstperson_lefthand": {
			"scale": [0.3, 0.3, 0.3]
		},
		"ground": {
			"translation": [0, 4, 0],
			"scale": [0.2, 0.2, 0.2]
		},
		"gui": {
			"rotation": [15, 130, 0],
			"translation": [1.5, 0.5, 0],
			"scale": [0.3, 0.3, 0.3]
		},
		"head": {
			"translation": [0, 30.25, 0]
		},
		"fixed": {
			"scale": [0.3, 0.3, 0.3]
		}
	},
	"groups": [
		{
			"name": "H3S PAR",
			"origin": [-9, 10, 0],
			"color": 0,
			"children": [
				{
					"name": "Main Column",
					"origin": [8, 8, 8],
					"color": 0,
					"children": [0, 1, 2, 3, 4, 5, 6, 7]
				},
				{
					"name": "Support Platform Column",
					"origin": [8, 8, 8],
					"color": 0,
					"children": [8, 9, 10, 11, 12, 13, 14, 15]
				},
				{
					"name": "Support Ring",
					"origin": [8, 8, 8],
					"color": 0,
					"children": [16, 17, 18, 19, 20, 21, 22, 23]
				},
				{
					"name": "Inner",
					"origin": [8, 8, 8],
					"color": 0,
					"children": [24, 25, 26, 27, 28, 29, 30, 31]
				},
				{
					"name": "Holder",
					"origin": [8, 18.5, 13.05],
					"color": 0,
					"children": [
						{
							"name": "Hands",
							"origin": [8, 14.75, 8],
							"color": 0,
							"children": [32, 33, 34]
						},
						35,
						36,
						37,
						38,
						39,
						40
					]
				},
				{
					"name": "Phase Array Radar",
					"origin": [8, 15.875, -12],
					"color": 0,
					"children": [
						41,
						{
							"name": "Red Lamps",
							"origin": [20.175, 1.5, -13.0375],
							"color": 0,
							"children": [42, 43, 44, 45]
						},
						{
							"name": "Main PAR",
							"origin": [8, 15.875, -12],
							"color": 0,
							"children": [
								46,
								47,
								48,
								{
									"name": "Sub PAR",
									"origin": [8, 15.875, -12],
									"color": 0,
									"children": [49, 50, 51, 52]
								}
							]
						}
					]
				}
			]
		}
	]
}