﻿{
	"credit": "Made with Blockbench, a free, modern block model editor by JannisX11",
	"ambientocclusion": false,
	"textures": {
		"0": "blocks/anvil_base",
		"1": "blocks/quartz_block_bottom",
		"2": "blocks/redstone_block",
		"particle": "blocks/quartz_block_bottom"
	},
	"elements": [
		{
			"name": "Cube",
			"from": [0, 0, 0],
			"to": [7, 1, 7],
			"faces": {
				"north": {"uv": [0, 5, 7, 6], "texture": "#0"},
				"east": {"uv": [0, 12, 7, 13], "texture": "#0"},
				"south": {"uv": [0, 7, 7, 8], "texture": "#0"},
				"west": {"uv": [0, 6, 5, 7], "texture": "#0"},
				"up": {"uv": [0, 0, 7, 7], "texture": "#0"},
				"down": {"uv": [0, 0, 7, 7], "texture": "#0"}
			},
			"type": "cube"
		},
		{
			"name": "Cube",
			"from": [5, 6, 5],
			"to": [11, 6.5, 11],
			"faces": {
				"north": {"uv": [5, 8, 11, 8.5], "texture": "#1"},
				"east": {"uv": [7, 12, 13, 12.5], "texture": "#1"},
				"south": {
					"uv": [10, 11, 16, 11.5],
					"texture": "#1"
				},
				"west": {"uv": [8, 14, 14, 14.5], "texture": "#1"},
				"up": {"uv": [7, 7, 13, 13], "texture": "#1"},
				"down": {"uv": [0, 8, 6, 14], "texture": "#1"}
			},
			"type": "cube"
		},
		{
			"name": "Cube",
			"from": [5.5, 1, 5.5],
			"to": [10.5, 9, 10.5],
			"faces": {
				"north": {"uv": [0, 0, 5, 8], "texture": "#1"},
				"east": {"uv": [11, 8, 16, 16], "texture": "#1"},
				"south": {"uv": [6, 8, 11, 16], "texture": "#1"},
				"west": {"uv": [6, 7, 11, 15], "texture": "#1"},
				"up": {"uv": [4, 3, 9, 8], "texture": "#1"},
				"down": {"uv": [11, 11, 16, 16], "texture": "#1"}
			},
			"type": "cube"
		},
		{
			"name": "Cube",
			"from": [5, 7, 5],
			"to": [11, 7.5, 11],
			"faces": {
				"north": {"uv": [4, 8, 10, 8.5], "texture": "#1"},
				"east": {"uv": [4, 7, 10, 7.5], "texture": "#1"},
				"south": {"uv": [4, 7, 10, 7.5], "texture": "#1"},
				"west": {"uv": [8, 12, 14, 12.5], "texture": "#1"},
				"up": {"uv": [8, 8, 14, 14], "texture": "#1"},
				"down": {"uv": [6, 6, 12, 12], "texture": "#1"}
			},
			"type": "cube"
		},
		{
			"name": "Cube",
			"from": [5, 8, 5],
			"to": [11, 8.5, 11],
			"shade": false,
			"faces": {
				"north": {"uv": [6, 8, 12, 8.5], "texture": "#1"},
				"east": {"uv": [10, 10, 16, 10.5], "texture": "#1"},
				"south": {"uv": [14, 4, 8, 3.5], "texture": "#1"},
				"west": {"uv": [2, 8, 8, 8.5], "texture": "#1"},
				"up": {"uv": [3, 4, 9, 10], "texture": "#1"},
				"down": {"uv": [5, 6, 11, 12], "texture": "#1"}
			},
			"type": "cube"
		},
		{
			"name": "Cube",
			"from": [0, 0, 9],
			"to": [7, 1, 16],
			"faces": {
				"north": {"uv": [0, 5, 7, 6], "texture": "#0"},
				"east": {"uv": [0, 12, 7, 13], "texture": "#0"},
				"south": {"uv": [0, 7, 7, 8], "texture": "#0"},
				"west": {"uv": [0, 6, 7, 7], "texture": "#0"},
				"up": {"uv": [0, 0, 7, 7], "texture": "#0"},
				"down": {"uv": [0, 0, 7, 7], "texture": "#0"}
			},
			"type": "cube"
		},
		{
			"name": "Cube",
			"from": [9, 0, 9],
			"to": [16, 1, 16],
			"faces": {
				"north": {"uv": [0, 5, 7, 6], "texture": "#0"},
				"east": {"uv": [0, 12, 7, 13], "texture": "#0"},
				"south": {"uv": [0, 7, 7, 8], "texture": "#0"},
				"west": {"uv": [0, 6, 7, 7], "texture": "#0"},
				"up": {"uv": [0, 0, 7, 7], "texture": "#0"},
				"down": {"uv": [0, 0, 7, 7], "texture": "#0"}
			},
			"type": "cube"
		},
		{
			"name": "Cube",
			"from": [9, 0, 0],
			"to": [16, 1, 7],
			"faces": {
				"north": {"uv": [0, 5, 7, 6], "texture": "#0"},
				"east": {"uv": [0, 12, 7, 13], "texture": "#0"},
				"south": {"uv": [0, 7, 7, 8], "texture": "#0"},
				"west": {"uv": [0, 6, 7, 7], "texture": "#0"},
				"up": {"uv": [0, 0, 7, 7], "texture": "#0"},
				"down": {"uv": [0, 0, 7, 7], "texture": "#0"}
			},
			"type": "cube"
		},
		{
			"name": "Cube",
			"from": [7, 0, 0],
			"to": [9, 1, 16],
			"faces": {
				"north": {"uv": [0, 5, 2, 6], "texture": "#2"},
				"east": {"uv": [0, 8, 16, 9], "texture": "#2"},
				"south": {"uv": [0, 8, 2, 9], "texture": "#2"},
				"west": {"uv": [0, 7, 16, 8], "texture": "#2"},
				"up": {"uv": [7, 0, 9, 16], "texture": "#2"},
				"down": {"uv": [7, 0, 9, 16], "texture": "#2"}
			},
			"type": "cube"
		},
		{
			"name": "Cube",
			"from": [0, 0, 7],
			"to": [7, 1, 9],
			"faces": {
				"north": {"uv": [0, 5, 7, 6], "texture": "#2"},
				"east": {"uv": [0, 8, 2, 9], "texture": "#2"},
				"south": {"uv": [0, 8, 7, 9], "texture": "#2"},
				"west": {"uv": [0, 7, 2, 8], "texture": "#2"},
				"up": {"uv": [7, 0, 14, 2], "texture": "#2"},
				"down": {"uv": [7, 3, 14, 5], "texture": "#2"}
			},
			"type": "cube"
		},
		{
			"name": "Cube",
			"from": [9, 0, 7],
			"to": [16, 1, 9],
			"shade": false,
			"faces": {
				"north": {"uv": [0, 5, 7, 6], "texture": "#2"},
				"east": {"uv": [0, 8, 2, 9], "texture": "#2"},
				"south": {"uv": [0, 8, 7, 9], "texture": "#2"},
				"west": {"uv": [0, 7, 2, 8], "texture": "#2"},
				"up": {"uv": [1, 0, 8, 2], "texture": "#2"},
				"down": {"uv": [7, 3, 14, 5], "texture": "#2"}
			},
			"type": "cube"
		},
		{
			"name": "Cube",
			"from": [5, 5, 5],
			"to": [11, 5.5, 11],
			"faces": {
				"north": {"uv": [8, 13, 14, 13.5], "texture": "#1"},
				"east": {"uv": [4, 9, 10, 9.5], "texture": "#1"},
				"south": {
					"uv": [10, 11, 16, 11.5],
					"texture": "#1"
				},
				"west": {"uv": [7, 12, 13, 12.5], "texture": "#1"},
				"up": {"uv": [4, 5, 10, 11], "texture": "#1"},
				"down": {"uv": [8, 6, 14, 12], "texture": "#1"}
			},
			"type": "cube"
		},
		{
			"name": "Cube",
			"from": [5, 4, 5],
			"to": [11, 4.5, 11],
			"faces": {
				"north": {"uv": [4, 10, 10, 10.5], "texture": "#1"},
				"east": {"uv": [10, 11, 16, 11.5], "texture": "#1"},
				"south": {"uv": [0, 3, 6, 3.5], "texture": "#1"},
				"west": {"uv": [0, 2, 6, 2.5], "texture": "#1"},
				"up": {"uv": [3, 2, 9, 8], "texture": "#1"},
				"down": {"uv": [9, 10, 15, 16], "texture": "#1"}
			},
			"type": "cube"
		},
		{
			"name": "Cube",
			"from": [5.5, 9, 5.5],
			"to": [6.5, 11, 6.5],
			"faces": {
				"north": {"uv": [0, 0, 1, 4], "texture": "#1"},
				"east": {"uv": [11, 8, 12, 10], "texture": "#1"},
				"south": {"uv": [6, 8, 7, 10], "texture": "#1"},
				"west": {"uv": [6, 7, 7, 9], "texture": "#1"},
				"up": {"uv": [4, 3, 5, 4], "texture": "#1"},
				"down": {"uv": [11, 11, 12, 12], "texture": "#1"}
			},
			"type": "cube"
		},
		{
			"name": "Cube",
			"from": [9.5, 9, 5.5],
			"to": [10.5, 11, 6.5],
			"faces": {
				"north": {"uv": [4, 3, 5, 5], "texture": "#1"},
				"east": {"uv": [5, 5, 6, 7], "texture": "#1"},
				"south": {"uv": [11, 12, 12, 14], "texture": "#1"},
				"west": {"uv": [2, 6, 3, 8], "texture": "#1"},
				"up": {"uv": [8, 8, 9, 10], "texture": "#1"},
				"down": {"uv": [11, 11, 12, 12], "texture": "#1"}
			},
			"type": "cube"
		},
		{
			"name": "Cube",
			"from": [9.5, 9, 9.5],
			"to": [10.5, 11, 10.5],
			"faces": {
				"north": {"uv": [6, 4, 7, 6], "texture": "#1"},
				"east": {"uv": [4, 3, 5, 5], "texture": "#1"},
				"south": {"uv": [10, 12, 11, 14], "texture": "#1"},
				"west": {"uv": [9, 10, 10, 12], "texture": "#1"},
				"up": {"uv": [4, 3, 5, 4], "texture": "#1"},
				"down": {"uv": [11, 11, 12, 12], "texture": "#1"}
			},
			"type": "cube"
		},
		{
			"name": "Cube",
			"from": [5.5, 9, 9.5],
			"to": [6.5, 11, 10.5],
			"faces": {
				"north": {"uv": [8, 4, 9, 6], "texture": "#1"},
				"east": {"uv": [9, 5, 10, 7], "texture": "#1"},
				"south": {"uv": [10, 10, 11, 12], "texture": "#1"},
				"west": {"uv": [9, 10, 10, 12], "texture": "#1"},
				"up": {"uv": [1, 6, 2, 7], "texture": "#1"},
				"down": {"uv": [9, 10, 10, 11], "texture": "#1"}
			},
			"type": "cube"
		},
		{
			"name": "Cube",
			"from": [5, 11, 5],
			"to": [11, 12, 11],
			"faces": {
				"north": {"uv": [0, 0, 6, 1], "texture": "#1"},
				"east": {"uv": [0, 0, 6, 1], "texture": "#1"},
				"south": {"uv": [0, 0, 6, 1], "texture": "#1"},
				"west": {"uv": [0, 0, 6, 1], "texture": "#1"},
				"up": {"uv": [0, 0, 6, 6], "texture": "#1"},
				"down": {"uv": [0, 0, 6, 6], "texture": "#1"}
			},
			"type": "cube"
		},
		{
			"name": "Cube",
			"from": [7, 12, 7],
			"to": [9, 13, 9],
			"faces": {
				"north": {"uv": [0, 0, 2, 1], "texture": "#1"},
				"east": {"uv": [0, 0, 2, 1], "texture": "#1"},
				"south": {"uv": [0, 0, 2, 1], "texture": "#1"},
				"west": {"uv": [0, 0, 2, 1], "texture": "#1"},
				"up": {"uv": [0, 0, 2, 2], "texture": "#1"},
				"down": {"uv": [0, 0, 2, 2], "texture": "#1"}
			},
			"type": "cube"
		},
		{
			"name": "Cube",
			"from": [7.5, 9, 8],
			"to": [8.5, 10, 9],
			"faces": {
				"north": {
					"uv": [0, 0, 1, 1],
					"texture": "#0",
					"cullface": "north"
				},
				"east": {"uv": [0, 0, 1, 1], "texture": "#1"},
				"west": {"uv": [0, 0, 1, 1], "texture": "#1"},
				"up": {"uv": [0, 0, 1, 1], "texture": "#1"},
				"down": {"uv": [0, 0, 1, 1], "texture": "#1"}
			},
			"rotation": {
				"origin": [8, 8, 8],
				"axis": "x",
				"angle": 45
			},
			"type": "cube"
		},
		{
			"name": "Cube",
			"from": [7.5, 7, 6],
			"to": [8.5, 8, 7],
			"faces": {
				"north": {"uv": [0, 0, 1, 1], "texture": "#1"},
				"east": {"uv": [0, 0, 1, 1], "texture": "#1"},
				"south": {"uv": [0, 0, 1, 1], "texture": "#1"},
				"west": {"uv": [9, 4, 8, 5], "texture": "#1"},
				"up": {"uv": [0, 0, 1, 1], "texture": "#0"}
			},
			"rotation": {
				"origin": [8, 8, 8],
				"axis": "x",
				"angle": 45
			},
			"type": "cube"
		},
		{
			"name": "Cube",
			"from": [6, 7, 7.5],
			"to": [7, 8, 8.5],
			"faces": {
				"north": {"uv": [0, 0, 1, 1], "texture": "#1"},
				"east": {"uv": [0, 0, 1, 1], "texture": "#1"},
				"south": {"uv": [0, 0, 1, 1], "texture": "#1"},
				"west": {"uv": [0, 0, 1, 1], "texture": "#1"},
				"up": {
					"uv": [0, 0, 1, 1],
					"texture": "#0",
					"cullface": "up"
				}
			},
			"rotation": {
				"origin": [8, 8, 8],
				"axis": "z",
				"angle": -45
			},
			"type": "cube"
		},
		{
			"name": "Cube",
			"from": [8, 9, 7.5],
			"to": [9, 10, 8.5],
			"faces": {
				"north": {"uv": [0, 0, 1, 1], "texture": "#1"},
				"south": {"uv": [0, 0, 1, 1], "texture": "#1"},
				"west": {
					"uv": [0, 0, 1, 1],
					"texture": "#0",
					"cullface": "west"
				},
				"up": {"uv": [0, 0, 1, 1], "texture": "#1"},
				"down": {"uv": [0, 0, 1, 1], "texture": "#1"}
			},
			"rotation": {
				"origin": [8, 8, 8],
				"axis": "z",
				"angle": -45
			},
			"type": "cube"
		}
	],
	"display": {
		"thirdperson_righthand": {
			"scale": [0.55, 0.55, 0.55],
			"rotation": [0, 0, 0],
			"translation": [0, 3, 1]
		},
		"thirdperson_lefthand": {
			"scale": [0.375, 0.375, 0.375],
			"rotation": [75, 45, 0],
			"translation": [0, 2.5, 0]
		},
		"firstperson_righthand": {
			"scale": [0.68, 0.68, 0.68],
			"rotation": [0, -90, 25],
			"translation": [1.13, 3.2, 0]
		},
		"firstperson_lefthand": {
			"scale": [0.68, 0.68, 0.68],
			"rotation": [0, 90, -25],
			"translation": [1.13, 3.2, 0]
		},
		"head": {
			"scale": [1, 1, 1],
			"rotation": [0, 180, 0],
			"translation": [0, 13, 7]
		},
		"ground": {
			"scale": [0.25, 0.25, 0.25],
			"rotation": [0, 0, 0],
			"translation": [0, 3, 0]
		},
		"fixed": {
			"scale": [0.5, 0.5, 0.5],
			"rotation": [0, 45, 0],
			"translation": [0, 0, 0]
		},
		"gui": {
			"scale": [0.625, 0.625, 0.625],
			"rotation": [30, 225, 0],
			"translation": [0, 0, 0]
		}
	}
}