{
	"credit": "Made with Blockbench, a free, modern block model editor by JannisX11",
	"ambientocclusion": false,
	"textures": {
		"0": "blocks/weather_deflector",
		"particle": "blocks/weather_deflector"
	},
	"elements": [
		{
			"name": "Cube",
			"from": [0, 0, 0],
			"to": [16, 16, 16],
			"faces": {
				"north": {"uv": [0, 0, 16, 16], "texture": "#0"},
				"east": {"uv": [0, 0, 16, 16], "texture": "#0"},
				"south": {"uv": [0, 0, 16, 16], "texture": "#0"},
				"west": {"uv": [0, 0, 16, 16], "texture": "#0"},
				"up": {"uv": [0, 0, 16, 16], "texture": "#0"},
				"down": {"uv": [0, 0, 16, 16], "texture": "#0"}
			},
			"type": "cube"
		},
		{
			"name": "Cube",
			"from": [-0.5, 14, 11],
			"to": [16.5, 15, 12],
			"faces": {
				"north": {"uv": [1, 7, 2, 8], "texture": "#0"},
				"east": {"uv": [1, 5, 2, 6], "texture": "#0"},
				"south": {"uv": [1, 5, 2, 6], "texture": "#0"},
				"west": {"uv": [1, 4, 2, 5], "texture": "#0"},
				"up": {"uv": [1, 5, 2, 6], "texture": "#0"},
				"down": {"uv": [1, 6, 2, 7], "texture": "#0"}
			},
			"type": "cube"
		},
		{
			"name": "Cube",
			"from": [-0.5, 13, 12],
			"to": [16.5, 14, 13],
			"faces": {
				"north": {"uv": [1, 7, 2, 8], "texture": "#0"},
				"east": {"uv": [1, 5, 2, 6], "texture": "#0"},
				"south": {"uv": [1, 5, 2, 6], "texture": "#0"},
				"west": {"uv": [1, 4, 2, 5], "texture": "#0"},
				"up": {"uv": [1, 5, 2, 6], "texture": "#0"},
				"down": {"uv": [1, 6, 2, 7], "texture": "#0"}
			},
			"type": "cube"
		},
		{
			"name": "Cube",
			"from": [-0.5, 12, 13],
			"to": [16.5, 13, 14],
			"faces": {
				"north": {"uv": [1, 7, 2, 8], "texture": "#0"},
				"east": {"uv": [1, 5, 2, 6], "texture": "#0"},
				"south": {"uv": [1, 5, 2, 6], "texture": "#0"},
				"west": {"uv": [1, 4, 2, 5], "texture": "#0"},
				"up": {"uv": [1, 5, 2, 6], "texture": "#0"},
				"down": {"uv": [1, 6, 2, 7], "texture": "#0"}
			},
			"type": "cube"
		},
		{
			"name": "Cube",
			"from": [-0.5, 11, 14],
			"to": [16.5, 12, 15],
			"faces": {
				"north": {"uv": [1, 7, 2, 8], "texture": "#0"},
				"east": {"uv": [1, 5, 2, 6], "texture": "#0"},
				"south": {"uv": [1, 5, 2, 6], "texture": "#0"},
				"west": {"uv": [1, 4, 2, 5], "texture": "#0"},
				"up": {"uv": [1, 5, 2, 6], "texture": "#0"},
				"down": {"uv": [1, 6, 2, 7], "texture": "#0"}
			},
			"type": "cube"
		},
		{
			"name": "Cube",
			"from": [-0.5, 10, 14],
			"to": [16.5, 11, 15],
			"faces": {
				"north": {"uv": [1, 7, 2, 8], "texture": "#0"},
				"east": {"uv": [1, 5, 2, 6], "texture": "#0"},
				"south": {"uv": [1, 5, 2, 6], "texture": "#0"},
				"west": {"uv": [1, 4, 2, 5], "texture": "#0"},
				"up": {"uv": [1, 5, 2, 6], "texture": "#0"},
				"down": {"uv": [1, 6, 2, 7], "texture": "#0"}
			},
			"type": "cube"
		},
		{
			"name": "Cube",
			"from": [-0.5, 9, 14],
			"to": [16.5, 10, 15],
			"faces": {
				"north": {"uv": [1, 7, 2, 8], "texture": "#0"},
				"east": {"uv": [1, 5, 2, 6], "texture": "#0"},
				"south": {"uv": [1, 5, 2, 6], "texture": "#0"},
				"west": {"uv": [1, 4, 2, 5], "texture": "#0"},
				"up": {"uv": [1, 5, 2, 6], "texture": "#0"},
				"down": {"uv": [1, 6, 2, 7], "texture": "#0"}
			},
			"type": "cube"
		},
		{
			"name": "Cube",
			"from": [-0.5, 8, 14],
			"to": [16.5, 9, 15],
			"faces": {
				"north": {"uv": [1, 7, 2, 8], "texture": "#0"},
				"east": {"uv": [1, 5, 2, 6], "texture": "#0"},
				"south": {"uv": [1, 5, 2, 6], "texture": "#0"},
				"west": {"uv": [1, 4, 2, 5], "texture": "#0"},
				"up": {"uv": [1, 5, 2, 6], "texture": "#0"},
				"down": {"uv": [1, 6, 2, 7], "texture": "#0"}
			},
			"type": "cube"
		},
		{
			"name": "Cube",
			"from": [-0.5, 7, 14],
			"to": [16.5, 8, 15],
			"faces": {
				"north": {"uv": [1, 7, 2, 8], "texture": "#0"},
				"east": {"uv": [1, 5, 2, 6], "texture": "#0"},
				"south": {"uv": [1, 5, 2, 6], "texture": "#0"},
				"west": {"uv": [1, 4, 2, 5], "texture": "#0"},
				"up": {"uv": [1, 5, 2, 6], "texture": "#0"},
				"down": {"uv": [1, 6, 2, 7], "texture": "#0"}
			},
			"type": "cube"
		},
		{
			"name": "Cube",
			"from": [-0.5, 6, 14],
			"to": [16.5, 7, 15],
			"faces": {
				"north": {"uv": [1, 7, 2, 8], "texture": "#0"},
				"east": {"uv": [1, 5, 2, 6], "texture": "#0"},
				"south": {"uv": [1, 5, 2, 6], "texture": "#0"},
				"west": {"uv": [1, 4, 2, 5], "texture": "#0"},
				"up": {"uv": [1, 5, 2, 6], "texture": "#0"},
				"down": {"uv": [1, 6, 2, 7], "texture": "#0"}
			},
			"type": "cube"
		},
		{
			"name": "Cube",
			"from": [-0.5, 5, 14],
			"to": [16.5, 6, 15],
			"faces": {
				"north": {"uv": [1, 7, 2, 8], "texture": "#0"},
				"east": {"uv": [1, 5, 2, 6], "texture": "#0"},
				"south": {"uv": [1, 5, 2, 6], "texture": "#0"},
				"west": {"uv": [1, 4, 2, 5], "texture": "#0"},
				"up": {"uv": [1, 5, 2, 6], "texture": "#0"},
				"down": {"uv": [1, 6, 2, 7], "texture": "#0"}
			},
			"type": "cube"
		},
		{
			"name": "Cube",
			"from": [-0.5, 4, 14],
			"to": [16.5, 5, 15],
			"faces": {
				"north": {"uv": [1, 7, 2, 8], "texture": "#0"},
				"east": {"uv": [1, 5, 2, 6], "texture": "#0"},
				"south": {"uv": [1, 5, 2, 6], "texture": "#0"},
				"west": {"uv": [1, 4, 2, 5], "texture": "#0"},
				"up": {"uv": [1, 5, 2, 6], "texture": "#0"},
				"down": {"uv": [1, 6, 2, 7], "texture": "#0"}
			},
			"type": "cube"
		},
		{
			"name": "Cube",
			"from": [-0.5, 3, 13],
			"to": [16.5, 4, 14],
			"faces": {
				"north": {"uv": [1, 7, 2, 8], "texture": "#0"},
				"east": {"uv": [1, 5, 2, 6], "texture": "#0"},
				"south": {"uv": [1, 5, 2, 6], "texture": "#0"},
				"west": {"uv": [1, 4, 2, 5], "texture": "#0"},
				"up": {"uv": [1, 5, 2, 6], "texture": "#0"},
				"down": {"uv": [1, 6, 2, 7], "texture": "#0"}
			},
			"type": "cube"
		},
		{
			"name": "Cube",
			"from": [-0.5, 2, 12],
			"to": [16.5, 3, 13],
			"faces": {
				"north": {"uv": [1, 7, 2, 8], "texture": "#0"},
				"east": {"uv": [1, 5, 2, 6], "texture": "#0"},
				"south": {"uv": [1, 5, 2, 6], "texture": "#0"},
				"west": {"uv": [1, 4, 2, 5], "texture": "#0"},
				"up": {"uv": [1, 5, 2, 6], "texture": "#0"},
				"down": {"uv": [1, 6, 2, 7], "texture": "#0"}
			},
			"type": "cube"
		},
		{
			"name": "Cube",
			"from": [-0.5, 1, 11],
			"to": [16.5, 2, 12],
			"faces": {
				"north": {"uv": [1, 7, 2, 8], "texture": "#0"},
				"east": {"uv": [1, 5, 2, 6], "texture": "#0"},
				"south": {"uv": [1, 5, 2, 6], "texture": "#0"},
				"west": {"uv": [1, 4, 2, 5], "texture": "#0"},
				"up": {"uv": [1, 5, 2, 6], "texture": "#0"},
				"down": {"uv": [1, 6, 2, 7], "texture": "#0"}
			},
			"type": "cube"
		},
		{
			"name": "Cube",
			"from": [-0.5, 1, 4],
			"to": [16.5, 2, 5],
			"faces": {
				"north": {"uv": [1, 7, 2, 8], "texture": "#0"},
				"east": {"uv": [1, 5, 2, 6], "texture": "#0"},
				"south": {"uv": [1, 5, 2, 6], "texture": "#0"},
				"west": {"uv": [1, 4, 2, 5], "texture": "#0"},
				"up": {"uv": [1, 5, 2, 6], "texture": "#0"},
				"down": {"uv": [1, 6, 2, 7], "texture": "#0"}
			},
			"type": "cube"
		},
		{
			"name": "Cube",
			"from": [-0.5, 2, 3],
			"to": [16.5, 3, 4],
			"faces": {
				"north": {"uv": [1, 7, 2, 8], "texture": "#0"},
				"east": {"uv": [1, 5, 2, 6], "texture": "#0"},
				"south": {"uv": [1, 5, 2, 6], "texture": "#0"},
				"west": {"uv": [1, 4, 2, 5], "texture": "#0"},
				"up": {"uv": [1, 5, 2, 6], "texture": "#0"},
				"down": {"uv": [1, 6, 2, 7], "texture": "#0"}
			},
			"type": "cube"
		},
		{
			"name": "Cube",
			"from": [-0.5, 3, 2],
			"to": [16.5, 4, 3],
			"faces": {
				"north": {"uv": [1, 7, 2, 8], "texture": "#0"},
				"east": {"uv": [1, 5, 2, 6], "texture": "#0"},
				"south": {"uv": [1, 5, 2, 6], "texture": "#0"},
				"west": {"uv": [1, 4, 2, 5], "texture": "#0"},
				"up": {"uv": [1, 5, 2, 6], "texture": "#0"},
				"down": {"uv": [1, 6, 2, 7], "texture": "#0"}
			},
			"type": "cube"
		},
		{
			"name": "Cube",
			"from": [-0.5, 4, 1],
			"to": [16.5, 5, 2],
			"faces": {
				"north": {"uv": [1, 7, 2, 8], "texture": "#0"},
				"east": {"uv": [1, 5, 2, 6], "texture": "#0"},
				"south": {"uv": [1, 5, 2, 6], "texture": "#0"},
				"west": {"uv": [1, 4, 2, 5], "texture": "#0"},
				"up": {"uv": [1, 5, 2, 6], "texture": "#0"},
				"down": {"uv": [1, 6, 2, 7], "texture": "#0"}
			},
			"type": "cube"
		},
		{
			"name": "Cube",
			"from": [-0.5, 5, 1],
			"to": [16.5, 6, 2],
			"faces": {
				"north": {"uv": [1, 7, 2, 8], "texture": "#0"},
				"east": {"uv": [1, 5, 2, 6], "texture": "#0"},
				"south": {"uv": [1, 5, 2, 6], "texture": "#0"},
				"west": {"uv": [1, 4, 2, 5], "texture": "#0"},
				"up": {"uv": [1, 5, 2, 6], "texture": "#0"},
				"down": {"uv": [1, 6, 2, 7], "texture": "#0"}
			},
			"type": "cube"
		},
		{
			"name": "Cube",
			"from": [-0.5, 6, 1],
			"to": [16.5, 7, 2],
			"faces": {
				"north": {"uv": [1, 7, 2, 8], "texture": "#0"},
				"east": {"uv": [1, 5, 2, 6], "texture": "#0"},
				"south": {"uv": [1, 5, 2, 6], "texture": "#0"},
				"west": {"uv": [1, 4, 2, 5], "texture": "#0"},
				"up": {"uv": [1, 5, 2, 6], "texture": "#0"},
				"down": {"uv": [1, 6, 2, 7], "texture": "#0"}
			},
			"type": "cube"
		},
		{
			"name": "Cube",
			"from": [-0.5, 7, 1],
			"to": [16.5, 8, 2],
			"faces": {
				"north": {"uv": [1, 7, 2, 8], "texture": "#0"},
				"east": {"uv": [1, 5, 2, 6], "texture": "#0"},
				"south": {"uv": [1, 5, 2, 6], "texture": "#0"},
				"west": {"uv": [1, 4, 2, 5], "texture": "#0"},
				"up": {"uv": [1, 5, 2, 6], "texture": "#0"},
				"down": {"uv": [1, 6, 2, 7], "texture": "#0"}
			},
			"type": "cube"
		},
		{
			"name": "Cube",
			"from": [-0.5, 8, 1],
			"to": [16.5, 9, 2],
			"faces": {
				"north": {"uv": [1, 7, 2, 8], "texture": "#0"},
				"east": {"uv": [1, 5, 2, 6], "texture": "#0"},
				"south": {"uv": [1, 5, 2, 6], "texture": "#0"},
				"west": {"uv": [1, 4, 2, 5], "texture": "#0"},
				"up": {"uv": [1, 5, 2, 6], "texture": "#0"},
				"down": {"uv": [1, 6, 2, 7], "texture": "#0"}
			},
			"type": "cube"
		},
		{
			"name": "Cube",
			"from": [-0.5, 9, 1],
			"to": [16.5, 10, 2],
			"faces": {
				"north": {"uv": [1, 7, 2, 8], "texture": "#0"},
				"east": {"uv": [1, 5, 2, 6], "texture": "#0"},
				"south": {"uv": [1, 5, 2, 6], "texture": "#0"},
				"west": {"uv": [1, 4, 2, 5], "texture": "#0"},
				"up": {"uv": [1, 5, 2, 6], "texture": "#0"},
				"down": {"uv": [1, 6, 2, 7], "texture": "#0"}
			},
			"type": "cube"
		},
		{
			"name": "Cube",
			"from": [-0.5, 9, 1],
			"to": [16.5, 11, 2],
			"faces": {
				"north": {"uv": [1, 7, 2, 8], "texture": "#0"},
				"east": {"uv": [1, 5, 2, 7], "texture": "#0"},
				"south": {"uv": [1, 5, 2, 6], "texture": "#0"},
				"west": {"uv": [1, 4, 2, 6], "texture": "#0"},
				"up": {"uv": [1, 5, 2, 6], "texture": "#0"},
				"down": {"uv": [1, 6, 2, 7], "texture": "#0"}
			},
			"type": "cube"
		},
		{
			"name": "Cube",
			"from": [-0.5, 9, 1],
			"to": [16.5, 12, 2],
			"faces": {
				"north": {"uv": [1, 7, 2, 8], "texture": "#0"},
				"east": {"uv": [1, 5, 2, 8], "texture": "#0"},
				"south": {"uv": [1, 5, 2, 6], "texture": "#0"},
				"west": {"uv": [1, 4, 2, 7], "texture": "#0"},
				"up": {"uv": [1, 5, 2, 6], "texture": "#0"},
				"down": {"uv": [1, 6, 2, 7], "texture": "#0"}
			},
			"type": "cube"
		},
		{
			"name": "Cube",
			"from": [-0.5, 12, 2],
			"to": [16.5, 13, 3],
			"faces": {
				"north": {"uv": [1, 7, 2, 8], "texture": "#0"},
				"east": {"uv": [1, 5, 2, 6], "texture": "#0"},
				"south": {"uv": [1, 5, 2, 6], "texture": "#0"},
				"west": {"uv": [1, 4, 2, 5], "texture": "#0"},
				"up": {"uv": [1, 5, 2, 6], "texture": "#0"},
				"down": {"uv": [1, 6, 2, 7], "texture": "#0"}
			},
			"type": "cube"
		},
		{
			"name": "Cube",
			"from": [-0.5, 13, 3],
			"to": [16.5, 14, 4],
			"faces": {
				"north": {"uv": [1, 7, 2, 8], "texture": "#0"},
				"east": {"uv": [1, 5, 2, 6], "texture": "#0"},
				"south": {"uv": [1, 5, 2, 6], "texture": "#0"},
				"west": {"uv": [1, 4, 2, 5], "texture": "#0"},
				"up": {"uv": [1, 5, 2, 6], "texture": "#0"},
				"down": {"uv": [1, 6, 2, 7], "texture": "#0"}
			},
			"type": "cube"
		},
		{
			"name": "Cube",
			"from": [-0.5, 14, 4],
			"to": [16.5, 15, 5],
			"faces": {
				"north": {"uv": [1, 7, 2, 8], "texture": "#0"},
				"east": {"uv": [1, 5, 2, 6], "texture": "#0"},
				"south": {"uv": [1, 5, 2, 6], "texture": "#0"},
				"west": {"uv": [1, 4, 2, 5], "texture": "#0"},
				"up": {"uv": [1, 5, 2, 6], "texture": "#0"},
				"down": {"uv": [1, 6, 2, 7], "texture": "#0"}
			},
			"type": "cube"
		},
		{
			"name": "Cube",
			"from": [4, 1, -0.5],
			"to": [5, 2, 16.5],
			"faces": {
				"north": {"uv": [1, 6, 2, 7], "texture": "#0"},
				"east": {"uv": [1, 5, 2, 6], "texture": "#0"},
				"south": {"uv": [1, 6, 2, 7], "texture": "#0"},
				"west": {"uv": [1, 6, 2, 7], "texture": "#0"},
				"up": {"uv": [1, 10, 2, 11], "texture": "#0"},
				"down": {"uv": [1, 5, 2, 6], "texture": "#0"}
			},
			"type": "cube"
		},
		{
			"name": "Cube",
			"from": [3, 2, -0.5],
			"to": [4, 3, 16.5],
			"faces": {
				"north": {"uv": [1, 6, 2, 7], "texture": "#0"},
				"east": {"uv": [1, 5, 2, 6], "texture": "#0"},
				"south": {"uv": [1, 6, 2, 7], "texture": "#0"},
				"west": {"uv": [1, 6, 2, 7], "texture": "#0"},
				"up": {"uv": [1, 10, 2, 11], "texture": "#0"},
				"down": {"uv": [1, 5, 2, 6], "texture": "#0"}
			},
			"type": "cube"
		},
		{
			"name": "Cube",
			"from": [2, 3, -0.5],
			"to": [3, 4, 16.5],
			"faces": {
				"north": {"uv": [1, 6, 2, 7], "texture": "#0"},
				"east": {"uv": [1, 5, 2, 6], "texture": "#0"},
				"south": {"uv": [1, 6, 2, 7], "texture": "#0"},
				"west": {"uv": [1, 6, 2, 7], "texture": "#0"},
				"up": {"uv": [1, 10, 2, 11], "texture": "#0"},
				"down": {"uv": [1, 5, 2, 6], "texture": "#0"}
			},
			"type": "cube"
		},
		{
			"name": "Cube",
			"from": [1, 4, -0.5],
			"to": [2, 5, 16.5],
			"faces": {
				"north": {"uv": [1, 6, 2, 7], "texture": "#0"},
				"east": {"uv": [1, 5, 2, 6], "texture": "#0"},
				"south": {"uv": [1, 6, 2, 7], "texture": "#0"},
				"west": {"uv": [1, 6, 2, 7], "texture": "#0"},
				"up": {"uv": [1, 10, 2, 11], "texture": "#0"},
				"down": {"uv": [1, 5, 2, 6], "texture": "#0"}
			},
			"type": "cube"
		},
		{
			"name": "Cube",
			"from": [1, 5, -0.5],
			"to": [2, 6, 16.5],
			"faces": {
				"north": {"uv": [1, 6, 2, 7], "texture": "#0"},
				"east": {"uv": [1, 5, 2, 6], "texture": "#0"},
				"south": {"uv": [1, 6, 2, 7], "texture": "#0"},
				"west": {"uv": [1, 6, 2, 7], "texture": "#0"},
				"up": {"uv": [1, 10, 2, 11], "texture": "#0"},
				"down": {"uv": [1, 5, 2, 6], "texture": "#0"}
			},
			"type": "cube"
		},
		{
			"name": "Cube",
			"from": [1, 6, -0.5],
			"to": [2, 7, 16.5],
			"faces": {
				"north": {"uv": [1, 6, 2, 7], "texture": "#0"},
				"east": {"uv": [1, 5, 2, 6], "texture": "#0"},
				"south": {"uv": [1, 6, 2, 7], "texture": "#0"},
				"west": {"uv": [1, 6, 2, 7], "texture": "#0"},
				"up": {"uv": [1, 10, 2, 11], "texture": "#0"},
				"down": {"uv": [1, 5, 2, 6], "texture": "#0"}
			},
			"type": "cube"
		},
		{
			"name": "Cube",
			"from": [1, 7, -0.5],
			"to": [2, 8, 16.5],
			"faces": {
				"north": {"uv": [1, 6, 2, 7], "texture": "#0"},
				"east": {"uv": [1, 5, 2, 6], "texture": "#0"},
				"south": {"uv": [1, 6, 2, 7], "texture": "#0"},
				"west": {"uv": [1, 6, 2, 7], "texture": "#0"},
				"up": {"uv": [1, 10, 2, 11], "texture": "#0"},
				"down": {"uv": [1, 5, 2, 6], "texture": "#0"}
			},
			"type": "cube"
		},
		{
			"name": "Cube",
			"from": [1, 8, -0.5],
			"to": [2, 9, 16.5],
			"faces": {
				"north": {"uv": [1, 6, 2, 7], "texture": "#0"},
				"east": {"uv": [1, 5, 2, 6], "texture": "#0"},
				"south": {"uv": [1, 6, 2, 7], "texture": "#0"},
				"west": {"uv": [1, 6, 2, 7], "texture": "#0"},
				"up": {"uv": [1, 10, 2, 11], "texture": "#0"},
				"down": {"uv": [1, 5, 2, 6], "texture": "#0"}
			},
			"type": "cube"
		},
		{
			"name": "Cube",
			"from": [1, 9, -0.5],
			"to": [2, 10, 16.5],
			"faces": {
				"north": {"uv": [1, 6, 2, 7], "texture": "#0"},
				"east": {"uv": [1, 5, 2, 6], "texture": "#0"},
				"south": {"uv": [1, 6, 2, 7], "texture": "#0"},
				"west": {"uv": [1, 6, 2, 7], "texture": "#0"},
				"up": {"uv": [1, 10, 2, 11], "texture": "#0"},
				"down": {"uv": [1, 5, 2, 6], "texture": "#0"}
			},
			"type": "cube"
		},
		{
			"name": "Cube",
			"from": [1, 10, -0.5],
			"to": [2, 11, 16.5],
			"faces": {
				"north": {"uv": [1, 6, 2, 7], "texture": "#0"},
				"east": {"uv": [1, 5, 2, 6], "texture": "#0"},
				"south": {"uv": [1, 6, 2, 7], "texture": "#0"},
				"west": {"uv": [1, 6, 2, 7], "texture": "#0"},
				"up": {"uv": [1, 10, 2, 11], "texture": "#0"},
				"down": {"uv": [1, 5, 2, 6], "texture": "#0"}
			},
			"type": "cube"
		},
		{
			"name": "Cube",
			"from": [1, 11, -0.5],
			"to": [2, 12, 16.5],
			"faces": {
				"north": {"uv": [1, 6, 2, 7], "texture": "#0"},
				"east": {"uv": [1, 5, 2, 6], "texture": "#0"},
				"south": {"uv": [1, 6, 2, 7], "texture": "#0"},
				"west": {"uv": [1, 6, 2, 7], "texture": "#0"},
				"up": {"uv": [1, 10, 2, 11], "texture": "#0"},
				"down": {"uv": [1, 5, 2, 6], "texture": "#0"}
			},
			"type": "cube"
		},
		{
			"name": "Cube",
			"from": [2, 12, -0.5],
			"to": [3, 13, 16.5],
			"faces": {
				"north": {"uv": [1, 6, 2, 7], "texture": "#0"},
				"east": {"uv": [1, 5, 2, 6], "texture": "#0"},
				"south": {"uv": [1, 6, 2, 7], "texture": "#0"},
				"west": {"uv": [1, 6, 2, 7], "texture": "#0"},
				"up": {"uv": [1, 10, 2, 11], "texture": "#0"},
				"down": {"uv": [1, 5, 2, 6], "texture": "#0"}
			},
			"type": "cube"
		},
		{
			"name": "Cube",
			"from": [3, 13, -0.5],
			"to": [4, 14, 16.5],
			"faces": {
				"north": {"uv": [1, 6, 2, 7], "texture": "#0"},
				"east": {"uv": [1, 5, 2, 6], "texture": "#0"},
				"south": {"uv": [1, 6, 2, 7], "texture": "#0"},
				"west": {"uv": [1, 6, 2, 7], "texture": "#0"},
				"up": {"uv": [1, 10, 2, 11], "texture": "#0"},
				"down": {"uv": [1, 5, 2, 6], "texture": "#0"}
			},
			"type": "cube"
		},
		{
			"name": "Cube",
			"from": [4, 14, -0.5],
			"to": [5, 15, 16.5],
			"faces": {
				"north": {"uv": [1, 6, 2, 7], "texture": "#0"},
				"east": {"uv": [1, 5, 2, 6], "texture": "#0"},
				"south": {"uv": [1, 6, 2, 7], "texture": "#0"},
				"west": {"uv": [1, 6, 2, 7], "texture": "#0"},
				"up": {"uv": [1, 10, 2, 11], "texture": "#0"},
				"down": {"uv": [1, 5, 2, 6], "texture": "#0"}
			},
			"type": "cube"
		},
		{
			"name": "Cube",
			"from": [11, 14, -0.5],
			"to": [12, 15, 16.5],
			"faces": {
				"north": {"uv": [1, 6, 2, 7], "texture": "#0"},
				"east": {"uv": [1, 5, 2, 6], "texture": "#0"},
				"south": {"uv": [1, 6, 2, 7], "texture": "#0"},
				"west": {"uv": [1, 6, 2, 7], "texture": "#0"},
				"up": {"uv": [1, 10, 2, 11], "texture": "#0"},
				"down": {"uv": [1, 5, 2, 6], "texture": "#0"}
			},
			"type": "cube"
		},
		{
			"name": "Cube",
			"from": [12, 13, -0.5],
			"to": [13, 14, 16.5],
			"faces": {
				"north": {"uv": [1, 6, 2, 7], "texture": "#0"},
				"east": {"uv": [1, 5, 2, 6], "texture": "#0"},
				"south": {"uv": [1, 6, 2, 7], "texture": "#0"},
				"west": {"uv": [1, 6, 2, 7], "texture": "#0"},
				"up": {"uv": [1, 10, 2, 11], "texture": "#0"},
				"down": {"uv": [1, 5, 2, 6], "texture": "#0"}
			},
			"type": "cube"
		},
		{
			"name": "Cube",
			"from": [13, 12, -0.5],
			"to": [14, 13, 16.5],
			"faces": {
				"north": {"uv": [1, 6, 2, 7], "texture": "#0"},
				"east": {"uv": [1, 5, 2, 6], "texture": "#0"},
				"south": {"uv": [1, 6, 2, 7], "texture": "#0"},
				"west": {"uv": [1, 6, 2, 7], "texture": "#0"},
				"up": {"uv": [1, 10, 2, 11], "texture": "#0"},
				"down": {"uv": [1, 5, 2, 6], "texture": "#0"}
			},
			"type": "cube"
		},
		{
			"name": "Cube",
			"from": [14, 11, -0.5],
			"to": [15, 12, 16.5],
			"faces": {
				"north": {"uv": [1, 6, 2, 7], "texture": "#0"},
				"east": {"uv": [1, 5, 2, 6], "texture": "#0"},
				"south": {"uv": [1, 6, 2, 7], "texture": "#0"},
				"west": {"uv": [1, 6, 2, 7], "texture": "#0"},
				"up": {"uv": [1, 10, 2, 11], "texture": "#0"},
				"down": {"uv": [1, 5, 2, 6], "texture": "#0"}
			},
			"type": "cube"
		},
		{
			"name": "Cube",
			"from": [14, 10, -0.5],
			"to": [15, 11, 16.5],
			"faces": {
				"north": {"uv": [1, 6, 2, 7], "texture": "#0"},
				"east": {"uv": [1, 5, 2, 6], "texture": "#0"},
				"south": {"uv": [1, 6, 2, 7], "texture": "#0"},
				"west": {"uv": [1, 6, 2, 7], "texture": "#0"},
				"up": {"uv": [1, 10, 2, 11], "texture": "#0"},
				"down": {"uv": [1, 5, 2, 6], "texture": "#0"}
			},
			"type": "cube"
		},
		{
			"name": "Cube",
			"from": [14, 9, -0.5],
			"to": [15, 10, 16.5],
			"faces": {
				"north": {"uv": [1, 6, 2, 7], "texture": "#0"},
				"east": {"uv": [1, 5, 2, 6], "texture": "#0"},
				"south": {"uv": [1, 6, 2, 7], "texture": "#0"},
				"west": {"uv": [1, 6, 2, 7], "texture": "#0"},
				"up": {"uv": [1, 10, 2, 11], "texture": "#0"},
				"down": {"uv": [1, 5, 2, 6], "texture": "#0"}
			},
			"type": "cube"
		},
		{
			"name": "Cube",
			"from": [14, 8, -0.5],
			"to": [15, 9, 16.5],
			"faces": {
				"north": {"uv": [1, 6, 2, 7], "texture": "#0"},
				"east": {"uv": [1, 5, 2, 6], "texture": "#0"},
				"south": {"uv": [1, 6, 2, 7], "texture": "#0"},
				"west": {"uv": [1, 6, 2, 7], "texture": "#0"},
				"up": {"uv": [1, 10, 2, 11], "texture": "#0"},
				"down": {"uv": [1, 5, 2, 6], "texture": "#0"}
			},
			"type": "cube"
		},
		{
			"name": "Cube",
			"from": [14, 7, -0.5],
			"to": [15, 8, 16.5],
			"faces": {
				"north": {"uv": [1, 6, 2, 7], "texture": "#0"},
				"east": {"uv": [1, 5, 2, 6], "texture": "#0"},
				"south": {"uv": [1, 6, 2, 7], "texture": "#0"},
				"west": {"uv": [1, 6, 2, 7], "texture": "#0"},
				"up": {"uv": [1, 10, 2, 11], "texture": "#0"},
				"down": {"uv": [1, 5, 2, 6], "texture": "#0"}
			},
			"type": "cube"
		},
		{
			"name": "Cube",
			"from": [14, 7, -0.5],
			"to": [15, 8, 16.5],
			"faces": {
				"north": {"uv": [1, 6, 2, 7], "texture": "#0"},
				"east": {"uv": [1, 5, 2, 6], "texture": "#0"},
				"south": {"uv": [1, 6, 2, 7], "texture": "#0"},
				"west": {"uv": [1, 6, 2, 7], "texture": "#0"},
				"up": {"uv": [1, 10, 2, 11], "texture": "#0"},
				"down": {"uv": [1, 5, 2, 6], "texture": "#0"}
			},
			"type": "cube"
		},
		{
			"name": "Cube",
			"from": [14, 6, -0.5],
			"to": [15, 7, 16.5],
			"faces": {
				"north": {"uv": [1, 6, 2, 7], "texture": "#0"},
				"east": {"uv": [1, 5, 2, 6], "texture": "#0"},
				"south": {"uv": [1, 6, 2, 7], "texture": "#0"},
				"west": {"uv": [1, 6, 2, 7], "texture": "#0"},
				"up": {"uv": [1, 10, 2, 11], "texture": "#0"},
				"down": {"uv": [1, 5, 2, 6], "texture": "#0"}
			},
			"type": "cube"
		},
		{
			"name": "Cube",
			"from": [14, 5, -0.5],
			"to": [15, 6, 16.5],
			"faces": {
				"north": {"uv": [1, 6, 2, 7], "texture": "#0"},
				"east": {"uv": [1, 5, 2, 6], "texture": "#0"},
				"south": {"uv": [1, 6, 2, 7], "texture": "#0"},
				"west": {"uv": [1, 6, 2, 7], "texture": "#0"},
				"up": {"uv": [1, 10, 2, 11], "texture": "#0"},
				"down": {"uv": [1, 5, 2, 6], "texture": "#0"}
			},
			"type": "cube"
		},
		{
			"name": "Cube",
			"from": [14, 4, -0.5],
			"to": [15, 5, 16.5],
			"faces": {
				"north": {"uv": [1, 6, 2, 7], "texture": "#0"},
				"east": {"uv": [1, 5, 2, 6], "texture": "#0"},
				"south": {"uv": [1, 6, 2, 7], "texture": "#0"},
				"west": {"uv": [1, 6, 2, 7], "texture": "#0"},
				"up": {"uv": [1, 10, 2, 11], "texture": "#0"},
				"down": {"uv": [1, 5, 2, 6], "texture": "#0"}
			},
			"type": "cube"
		},
		{
			"name": "Cube",
			"from": [13, 3, -0.5],
			"to": [14, 4, 16.5],
			"faces": {
				"north": {"uv": [1, 6, 2, 7], "texture": "#0"},
				"east": {"uv": [1, 5, 2, 6], "texture": "#0"},
				"south": {"uv": [1, 6, 2, 7], "texture": "#0"},
				"west": {"uv": [1, 6, 2, 7], "texture": "#0"},
				"up": {"uv": [1, 10, 2, 11], "texture": "#0"},
				"down": {"uv": [1, 5, 2, 6], "texture": "#0"}
			},
			"type": "cube"
		},
		{
			"name": "Cube",
			"from": [12, 2, -0.5],
			"to": [13, 3, 16.5],
			"faces": {
				"north": {"uv": [1, 6, 2, 7], "texture": "#0"},
				"east": {"uv": [1, 5, 2, 6], "texture": "#0"},
				"south": {"uv": [1, 6, 2, 7], "texture": "#0"},
				"west": {"uv": [1, 6, 2, 7], "texture": "#0"},
				"up": {"uv": [1, 10, 2, 11], "texture": "#0"},
				"down": {"uv": [1, 5, 2, 6], "texture": "#0"}
			},
			"type": "cube"
		},
		{
			"name": "Cube",
			"from": [11, 1, -0.5],
			"to": [12, 2, 16.5],
			"faces": {
				"north": {"uv": [1, 6, 2, 7], "texture": "#0"},
				"east": {"uv": [1, 5, 2, 6], "texture": "#0"},
				"south": {"uv": [1, 6, 2, 7], "texture": "#0"},
				"west": {"uv": [1, 6, 2, 7], "texture": "#0"},
				"up": {"uv": [1, 10, 2, 11], "texture": "#0"},
				"down": {"uv": [1, 5, 2, 6], "texture": "#0"}
			},
			"type": "cube"
		},
		{
			"name": "Cube",
			"from": [4, -0.5, 1],
			"to": [5, 16.5, 2],
			"faces": {
				"north": {"uv": [1, 7, 2, 8], "texture": "#0"},
				"east": {"uv": [1, 7, 2, 8], "texture": "#0"},
				"south": {"uv": [1, 6, 2, 7], "texture": "#0"},
				"west": {"uv": [1, 4, 2, 5], "texture": "#0"},
				"up": {"uv": [1, 8, 2, 9], "texture": "#0"},
				"down": {"uv": [1, 5, 2, 6], "texture": "#0"}
			},
			"type": "cube"
		},
		{
			"name": "Cube",
			"from": [3, -0.5, 2],
			"to": [4, 16.5, 3],
			"faces": {
				"north": {"uv": [1, 7, 2, 8], "texture": "#0"},
				"east": {"uv": [1, 7, 2, 8], "texture": "#0"},
				"south": {"uv": [1, 6, 2, 7], "texture": "#0"},
				"west": {"uv": [1, 4, 2, 5], "texture": "#0"},
				"up": {"uv": [1, 8, 2, 9], "texture": "#0"},
				"down": {"uv": [1, 5, 2, 6], "texture": "#0"}
			},
			"type": "cube"
		},
		{
			"name": "Cube",
			"from": [2, -0.5, 3],
			"to": [3, 16.5, 4],
			"faces": {
				"north": {"uv": [1, 7, 2, 8], "texture": "#0"},
				"east": {"uv": [1, 7, 2, 8], "texture": "#0"},
				"south": {"uv": [1, 6, 2, 7], "texture": "#0"},
				"west": {"uv": [1, 4, 2, 5], "texture": "#0"},
				"up": {"uv": [1, 8, 2, 9], "texture": "#0"},
				"down": {"uv": [1, 5, 2, 6], "texture": "#0"}
			},
			"type": "cube"
		},
		{
			"name": "Cube",
			"from": [1, -0.5, 4],
			"to": [2, 16.5, 5],
			"faces": {
				"north": {"uv": [1, 7, 2, 8], "texture": "#0"},
				"east": {"uv": [1, 7, 2, 8], "texture": "#0"},
				"south": {"uv": [1, 6, 2, 7], "texture": "#0"},
				"west": {"uv": [1, 4, 2, 5], "texture": "#0"},
				"up": {"uv": [1, 8, 2, 9], "texture": "#0"},
				"down": {"uv": [1, 5, 2, 6], "texture": "#0"}
			},
			"type": "cube"
		},
		{
			"name": "Cube",
			"from": [1, -0.5, 5],
			"to": [2, 16.5, 6],
			"faces": {
				"north": {"uv": [1, 7, 2, 8], "texture": "#0"},
				"east": {"uv": [1, 7, 2, 8], "texture": "#0"},
				"south": {"uv": [1, 6, 2, 7], "texture": "#0"},
				"west": {"uv": [1, 4, 2, 5], "texture": "#0"},
				"up": {"uv": [1, 8, 2, 9], "texture": "#0"},
				"down": {"uv": [1, 5, 2, 6], "texture": "#0"}
			},
			"type": "cube"
		},
		{
			"name": "Cube",
			"from": [1, -0.5, 6],
			"to": [2, 16.5, 7],
			"faces": {
				"north": {"uv": [1, 7, 2, 8], "texture": "#0"},
				"east": {"uv": [1, 7, 2, 8], "texture": "#0"},
				"south": {"uv": [1, 6, 2, 7], "texture": "#0"},
				"west": {"uv": [1, 4, 2, 5], "texture": "#0"},
				"up": {"uv": [1, 8, 2, 9], "texture": "#0"},
				"down": {"uv": [1, 5, 2, 6], "texture": "#0"}
			},
			"type": "cube"
		},
		{
			"name": "Cube",
			"from": [1, -0.5, 7],
			"to": [2, 16.5, 8],
			"faces": {
				"north": {"uv": [1, 7, 2, 8], "texture": "#0"},
				"east": {"uv": [1, 7, 2, 8], "texture": "#0"},
				"south": {"uv": [1, 6, 2, 7], "texture": "#0"},
				"west": {"uv": [1, 4, 2, 5], "texture": "#0"},
				"up": {"uv": [1, 8, 2, 9], "texture": "#0"},
				"down": {"uv": [1, 5, 2, 6], "texture": "#0"}
			},
			"type": "cube"
		},
		{
			"name": "Cube",
			"from": [1, -0.5, 8],
			"to": [2, 16.5, 9],
			"faces": {
				"north": {"uv": [1, 7, 2, 8], "texture": "#0"},
				"east": {"uv": [1, 7, 2, 8], "texture": "#0"},
				"south": {"uv": [1, 6, 2, 7], "texture": "#0"},
				"west": {"uv": [1, 4, 2, 5], "texture": "#0"},
				"up": {"uv": [1, 8, 2, 9], "texture": "#0"},
				"down": {"uv": [1, 5, 2, 6], "texture": "#0"}
			},
			"type": "cube"
		},
		{
			"name": "Cube",
			"from": [1, -0.5, 9],
			"to": [2, 16.5, 10],
			"faces": {
				"north": {"uv": [1, 7, 2, 8], "texture": "#0"},
				"east": {"uv": [1, 7, 2, 8], "texture": "#0"},
				"south": {"uv": [1, 6, 2, 7], "texture": "#0"},
				"west": {"uv": [1, 4, 2, 5], "texture": "#0"},
				"up": {"uv": [1, 8, 2, 9], "texture": "#0"},
				"down": {"uv": [1, 5, 2, 6], "texture": "#0"}
			},
			"type": "cube"
		},
		{
			"name": "Cube",
			"from": [1, -0.5, 10],
			"to": [2, 16.5, 11],
			"faces": {
				"north": {"uv": [1, 7, 2, 8], "texture": "#0"},
				"east": {"uv": [1, 7, 2, 8], "texture": "#0"},
				"south": {"uv": [1, 6, 2, 7], "texture": "#0"},
				"west": {"uv": [1, 4, 2, 5], "texture": "#0"},
				"up": {"uv": [1, 8, 2, 9], "texture": "#0"},
				"down": {"uv": [1, 5, 2, 6], "texture": "#0"}
			},
			"type": "cube"
		},
		{
			"name": "Cube",
			"from": [1, -0.5, 11],
			"to": [2, 16.5, 12],
			"faces": {
				"north": {"uv": [1, 7, 2, 8], "texture": "#0"},
				"east": {"uv": [1, 7, 2, 8], "texture": "#0"},
				"south": {"uv": [1, 6, 2, 7], "texture": "#0"},
				"west": {"uv": [1, 4, 2, 5], "texture": "#0"},
				"up": {"uv": [1, 8, 2, 9], "texture": "#0"},
				"down": {"uv": [1, 5, 2, 6], "texture": "#0"}
			},
			"type": "cube"
		},
		{
			"name": "Cube",
			"from": [2, -0.5, 12],
			"to": [3, 16.5, 13],
			"faces": {
				"north": {"uv": [1, 7, 2, 8], "texture": "#0"},
				"east": {"uv": [1, 7, 2, 8], "texture": "#0"},
				"south": {"uv": [1, 6, 2, 7], "texture": "#0"},
				"west": {"uv": [1, 4, 2, 5], "texture": "#0"},
				"up": {"uv": [1, 8, 2, 9], "texture": "#0"},
				"down": {"uv": [1, 5, 2, 6], "texture": "#0"}
			},
			"type": "cube"
		},
		{
			"name": "Cube",
			"from": [3, -0.5, 13],
			"to": [4, 16.5, 14],
			"faces": {
				"north": {"uv": [1, 7, 2, 8], "texture": "#0"},
				"east": {"uv": [1, 7, 2, 8], "texture": "#0"},
				"south": {"uv": [1, 6, 2, 7], "texture": "#0"},
				"west": {"uv": [1, 4, 2, 5], "texture": "#0"},
				"up": {"uv": [1, 8, 2, 9], "texture": "#0"},
				"down": {"uv": [1, 5, 2, 6], "texture": "#0"}
			},
			"type": "cube"
		},
		{
			"name": "Cube",
			"from": [4, -0.5, 14],
			"to": [5, 16.5, 15],
			"faces": {
				"north": {"uv": [1, 7, 2, 8], "texture": "#0"},
				"east": {"uv": [1, 7, 2, 8], "texture": "#0"},
				"south": {"uv": [1, 6, 2, 7], "texture": "#0"},
				"west": {"uv": [1, 4, 2, 5], "texture": "#0"},
				"up": {"uv": [1, 8, 2, 9], "texture": "#0"},
				"down": {"uv": [1, 5, 2, 6], "texture": "#0"}
			},
			"type": "cube"
		},
		{
			"name": "Cube",
			"from": [11, -0.5, 14],
			"to": [12, 16.5, 15],
			"faces": {
				"north": {"uv": [1, 7, 2, 8], "texture": "#0"},
				"east": {"uv": [1, 7, 2, 8], "texture": "#0"},
				"south": {"uv": [1, 6, 2, 7], "texture": "#0"},
				"west": {"uv": [1, 4, 2, 5], "texture": "#0"},
				"up": {"uv": [1, 8, 2, 9], "texture": "#0"},
				"down": {"uv": [1, 5, 2, 6], "texture": "#0"}
			},
			"type": "cube"
		},
		{
			"name": "Cube",
			"from": [12, -0.5, 13],
			"to": [13, 16.5, 14],
			"faces": {
				"north": {"uv": [1, 7, 2, 8], "texture": "#0"},
				"east": {"uv": [1, 7, 2, 8], "texture": "#0"},
				"south": {"uv": [1, 6, 2, 7], "texture": "#0"},
				"west": {"uv": [1, 4, 2, 5], "texture": "#0"},
				"up": {"uv": [1, 8, 2, 9], "texture": "#0"},
				"down": {"uv": [1, 5, 2, 6], "texture": "#0"}
			},
			"type": "cube"
		},
		{
			"name": "Cube",
			"from": [13, -0.5, 12],
			"to": [14, 16.5, 13],
			"faces": {
				"north": {"uv": [1, 7, 2, 8], "texture": "#0"},
				"east": {"uv": [1, 7, 2, 8], "texture": "#0"},
				"south": {"uv": [1, 6, 2, 7], "texture": "#0"},
				"west": {"uv": [1, 4, 2, 5], "texture": "#0"},
				"up": {"uv": [1, 8, 2, 9], "texture": "#0"},
				"down": {"uv": [1, 5, 2, 6], "texture": "#0"}
			},
			"type": "cube"
		},
		{
			"name": "Cube",
			"from": [14, -0.5, 11],
			"to": [15, 16.5, 12],
			"faces": {
				"north": {"uv": [1, 7, 2, 8], "texture": "#0"},
				"east": {"uv": [1, 7, 2, 8], "texture": "#0"},
				"south": {"uv": [1, 6, 2, 7], "texture": "#0"},
				"west": {"uv": [1, 4, 2, 5], "texture": "#0"},
				"up": {"uv": [1, 8, 2, 9], "texture": "#0"},
				"down": {"uv": [1, 5, 2, 6], "texture": "#0"}
			},
			"type": "cube"
		},
		{
			"name": "Cube",
			"from": [14, -0.5, 10],
			"to": [15, 16.5, 11],
			"faces": {
				"north": {"uv": [1, 7, 2, 8], "texture": "#0"},
				"east": {"uv": [1, 7, 2, 8], "texture": "#0"},
				"south": {"uv": [1, 6, 2, 7], "texture": "#0"},
				"west": {"uv": [1, 4, 2, 5], "texture": "#0"},
				"up": {"uv": [1, 8, 2, 9], "texture": "#0"},
				"down": {"uv": [1, 5, 2, 6], "texture": "#0"}
			},
			"type": "cube"
		},
		{
			"name": "Cube",
			"from": [14, -0.5, 9],
			"to": [15, 16.5, 10],
			"faces": {
				"north": {"uv": [1, 7, 2, 8], "texture": "#0"},
				"east": {"uv": [1, 7, 2, 8], "texture": "#0"},
				"south": {"uv": [1, 6, 2, 7], "texture": "#0"},
				"west": {"uv": [1, 4, 2, 5], "texture": "#0"},
				"up": {"uv": [1, 8, 2, 9], "texture": "#0"},
				"down": {"uv": [1, 5, 2, 6], "texture": "#0"}
			},
			"type": "cube"
		},
		{
			"name": "Cube",
			"from": [14, -0.5, 8],
			"to": [15, 16.5, 9],
			"faces": {
				"north": {"uv": [1, 7, 2, 8], "texture": "#0"},
				"east": {"uv": [1, 7, 2, 8], "texture": "#0"},
				"south": {"uv": [1, 6, 2, 7], "texture": "#0"},
				"west": {"uv": [1, 4, 2, 5], "texture": "#0"},
				"up": {"uv": [1, 8, 2, 9], "texture": "#0"},
				"down": {"uv": [1, 5, 2, 6], "texture": "#0"}
			},
			"type": "cube"
		},
		{
			"name": "Cube",
			"from": [14, -0.5, 7],
			"to": [15, 16.5, 8],
			"faces": {
				"north": {"uv": [1, 7, 2, 8], "texture": "#0"},
				"east": {"uv": [1, 7, 2, 8], "texture": "#0"},
				"south": {"uv": [1, 6, 2, 7], "texture": "#0"},
				"west": {"uv": [1, 4, 2, 5], "texture": "#0"},
				"up": {"uv": [1, 8, 2, 9], "texture": "#0"},
				"down": {"uv": [1, 5, 2, 6], "texture": "#0"}
			},
			"type": "cube"
		},
		{
			"name": "Cube",
			"from": [14, -0.5, 6],
			"to": [15, 16.5, 7],
			"faces": {
				"north": {"uv": [1, 7, 2, 8], "texture": "#0"},
				"east": {"uv": [1, 7, 2, 8], "texture": "#0"},
				"south": {"uv": [1, 6, 2, 7], "texture": "#0"},
				"west": {"uv": [1, 4, 2, 5], "texture": "#0"},
				"up": {"uv": [1, 8, 2, 9], "texture": "#0"},
				"down": {"uv": [1, 5, 2, 6], "texture": "#0"}
			},
			"type": "cube"
		},
		{
			"name": "Cube",
			"from": [14, -0.5, 5],
			"to": [15, 16.5, 6],
			"faces": {
				"north": {"uv": [1, 7, 2, 8], "texture": "#0"},
				"east": {"uv": [1, 7, 2, 8], "texture": "#0"},
				"south": {"uv": [1, 6, 2, 7], "texture": "#0"},
				"west": {"uv": [1, 4, 2, 5], "texture": "#0"},
				"up": {"uv": [1, 8, 2, 9], "texture": "#0"},
				"down": {"uv": [1, 5, 2, 6], "texture": "#0"}
			},
			"type": "cube"
		},
		{
			"name": "Cube",
			"from": [14, -0.5, 4],
			"to": [15, 16.5, 5],
			"faces": {
				"north": {"uv": [1, 7, 2, 8], "texture": "#0"},
				"east": {"uv": [1, 7, 2, 8], "texture": "#0"},
				"south": {"uv": [1, 6, 2, 7], "texture": "#0"},
				"west": {"uv": [1, 4, 2, 5], "texture": "#0"},
				"up": {"uv": [1, 8, 2, 9], "texture": "#0"},
				"down": {"uv": [1, 5, 2, 6], "texture": "#0"}
			},
			"type": "cube"
		},
		{
			"name": "Cube",
			"from": [13, -0.5, 3],
			"to": [14, 16.5, 4],
			"faces": {
				"north": {"uv": [1, 7, 2, 8], "texture": "#0"},
				"east": {"uv": [1, 7, 2, 8], "texture": "#0"},
				"south": {"uv": [1, 6, 2, 7], "texture": "#0"},
				"west": {"uv": [1, 4, 2, 5], "texture": "#0"},
				"up": {"uv": [1, 8, 2, 9], "texture": "#0"},
				"down": {"uv": [1, 5, 2, 6], "texture": "#0"}
			},
			"type": "cube"
		},
		{
			"name": "Cube",
			"from": [12, -0.5, 2],
			"to": [13, 16.5, 3],
			"faces": {
				"north": {"uv": [1, 7, 2, 8], "texture": "#0"},
				"east": {"uv": [1, 7, 2, 8], "texture": "#0"},
				"south": {"uv": [1, 6, 2, 7], "texture": "#0"},
				"west": {"uv": [1, 4, 2, 5], "texture": "#0"},
				"up": {"uv": [1, 8, 2, 9], "texture": "#0"},
				"down": {"uv": [1, 5, 2, 6], "texture": "#0"}
			},
			"type": "cube"
		},
		{
			"name": "Cube",
			"from": [11, -0.5, 1],
			"to": [12, 16.5, 2],
			"faces": {
				"north": {"uv": [1, 7, 2, 8], "texture": "#0"},
				"east": {"uv": [1, 7, 2, 8], "texture": "#0"},
				"south": {"uv": [1, 6, 2, 7], "texture": "#0"},
				"west": {"uv": [1, 4, 2, 5], "texture": "#0"},
				"up": {"uv": [1, 8, 2, 9], "texture": "#0"},
				"down": {"uv": [1, 5, 2, 6], "texture": "#0"}
			},
			"type": "cube"
		},
		{
			"name": "Cube",
			"from": [10, -0.5, 3],
			"to": [11, 16.5, 4],
			"faces": {
				"north": {"uv": [1, 7, 2, 8], "texture": "#0"},
				"east": {"uv": [1, 7, 2, 8], "texture": "#0"},
				"south": {"uv": [1, 6, 2, 7], "texture": "#0"},
				"west": {"uv": [1, 4, 2, 5], "texture": "#0"},
				"up": {"uv": [1, 8, 2, 9], "texture": "#0"},
				"down": {"uv": [1, 5, 2, 6], "texture": "#0"}
			},
			"type": "cube"
		},
		{
			"name": "Cube",
			"from": [11, -0.5, 4],
			"to": [12, 16.5, 5],
			"faces": {
				"north": {"uv": [1, 7, 2, 8], "texture": "#0"},
				"east": {"uv": [1, 7, 2, 8], "texture": "#0"},
				"south": {"uv": [1, 6, 2, 7], "texture": "#0"},
				"west": {"uv": [1, 4, 2, 5], "texture": "#0"},
				"up": {"uv": [1, 8, 2, 9], "texture": "#0"},
				"down": {"uv": [1, 5, 2, 6], "texture": "#0"}
			},
			"type": "cube"
		},
		{
			"name": "Cube",
			"from": [12, -0.5, 5],
			"to": [13, 16.5, 6],
			"faces": {
				"north": {"uv": [1, 7, 2, 8], "texture": "#0"},
				"east": {"uv": [1, 7, 2, 8], "texture": "#0"},
				"south": {"uv": [1, 6, 2, 7], "texture": "#0"},
				"west": {"uv": [1, 4, 2, 5], "texture": "#0"},
				"up": {"uv": [1, 8, 2, 9], "texture": "#0"},
				"down": {"uv": [1, 5, 2, 6], "texture": "#0"}
			},
			"type": "cube"
		},
		{
			"name": "Cube",
			"from": [12, -0.5, 6],
			"to": [13, 16.5, 7],
			"faces": {
				"north": {"uv": [1, 7, 2, 8], "texture": "#0"},
				"east": {"uv": [1, 7, 2, 8], "texture": "#0"},
				"south": {"uv": [1, 6, 2, 7], "texture": "#0"},
				"west": {"uv": [1, 4, 2, 5], "texture": "#0"},
				"up": {"uv": [1, 8, 2, 9], "texture": "#0"},
				"down": {"uv": [1, 5, 2, 6], "texture": "#0"}
			},
			"type": "cube"
		},
		{
			"name": "Cube",
			"from": [12, -0.5, 7],
			"to": [13, 16.5, 8],
			"faces": {
				"north": {"uv": [1, 7, 2, 8], "texture": "#0"},
				"east": {"uv": [1, 7, 2, 8], "texture": "#0"},
				"south": {"uv": [1, 6, 2, 7], "texture": "#0"},
				"west": {"uv": [1, 4, 2, 5], "texture": "#0"},
				"up": {"uv": [1, 8, 2, 9], "texture": "#0"},
				"down": {"uv": [1, 5, 2, 6], "texture": "#0"}
			},
			"type": "cube"
		},
		{
			"name": "Cube",
			"from": [12, -0.5, 8],
			"to": [13, 16.5, 9],
			"faces": {
				"north": {"uv": [1, 7, 2, 8], "texture": "#0"},
				"east": {"uv": [1, 7, 2, 8], "texture": "#0"},
				"south": {"uv": [1, 6, 2, 7], "texture": "#0"},
				"west": {"uv": [1, 4, 2, 5], "texture": "#0"},
				"up": {"uv": [1, 8, 2, 9], "texture": "#0"},
				"down": {"uv": [1, 5, 2, 6], "texture": "#0"}
			},
			"type": "cube"
		},
		{
			"name": "Cube",
			"from": [12, -0.5, 9],
			"to": [13, 16.5, 10],
			"faces": {
				"north": {"uv": [1, 7, 2, 8], "texture": "#0"},
				"east": {"uv": [1, 7, 2, 8], "texture": "#0"},
				"south": {"uv": [1, 6, 2, 7], "texture": "#0"},
				"west": {"uv": [1, 4, 2, 5], "texture": "#0"},
				"up": {"uv": [1, 8, 2, 9], "texture": "#0"},
				"down": {"uv": [1, 5, 2, 6], "texture": "#0"}
			},
			"type": "cube"
		},
		{
			"name": "Cube",
			"from": [12, -0.5, 10],
			"to": [13, 16.5, 11],
			"faces": {
				"north": {"uv": [1, 7, 2, 8], "texture": "#0"},
				"east": {"uv": [1, 7, 2, 8], "texture": "#0"},
				"south": {"uv": [1, 6, 2, 7], "texture": "#0"},
				"west": {"uv": [1, 4, 2, 5], "texture": "#0"},
				"up": {"uv": [1, 8, 2, 9], "texture": "#0"},
				"down": {"uv": [1, 5, 2, 6], "texture": "#0"}
			},
			"type": "cube"
		},
		{
			"name": "Cube",
			"from": [11, -0.5, 11],
			"to": [12, 16.5, 12],
			"faces": {
				"north": {"uv": [1, 7, 2, 8], "texture": "#0"},
				"east": {"uv": [1, 7, 2, 8], "texture": "#0"},
				"south": {"uv": [1, 6, 2, 7], "texture": "#0"},
				"west": {"uv": [1, 4, 2, 5], "texture": "#0"},
				"up": {"uv": [1, 8, 2, 9], "texture": "#0"},
				"down": {"uv": [1, 5, 2, 6], "texture": "#0"}
			},
			"type": "cube"
		},
		{
			"name": "Cube",
			"from": [10, -0.5, 12],
			"to": [11, 16.5, 13],
			"faces": {
				"north": {"uv": [1, 7, 2, 8], "texture": "#0"},
				"east": {"uv": [1, 7, 2, 8], "texture": "#0"},
				"south": {"uv": [1, 6, 2, 7], "texture": "#0"},
				"west": {"uv": [1, 4, 2, 5], "texture": "#0"},
				"up": {"uv": [1, 8, 2, 9], "texture": "#0"},
				"down": {"uv": [1, 5, 2, 6], "texture": "#0"}
			},
			"type": "cube"
		},
		{
			"name": "Cube",
			"from": [9, -0.5, 10],
			"to": [10, 16.5, 11],
			"faces": {
				"north": {"uv": [1, 7, 2, 8], "texture": "#0"},
				"east": {"uv": [1, 7, 2, 8], "texture": "#0"},
				"south": {"uv": [1, 6, 2, 7], "texture": "#0"},
				"west": {"uv": [1, 4, 2, 5], "texture": "#0"},
				"up": {"uv": [1, 8, 2, 9], "texture": "#0"},
				"down": {"uv": [1, 5, 2, 6], "texture": "#0"}
			},
			"type": "cube"
		},
		{
			"name": "Cube",
			"from": [10, -0.5, 9],
			"to": [11, 16.5, 10],
			"faces": {
				"north": {"uv": [1, 7, 2, 8], "texture": "#0"},
				"east": {"uv": [1, 7, 2, 8], "texture": "#0"},
				"south": {"uv": [1, 6, 2, 7], "texture": "#0"},
				"west": {"uv": [1, 4, 2, 5], "texture": "#0"},
				"up": {"uv": [1, 8, 2, 9], "texture": "#0"},
				"down": {"uv": [1, 5, 2, 6], "texture": "#0"}
			},
			"type": "cube"
		},
		{
			"name": "Cube",
			"from": [10, -0.5, 8],
			"to": [11, 16.5, 9],
			"faces": {
				"north": {"uv": [1, 7, 2, 8], "texture": "#0"},
				"east": {"uv": [1, 7, 2, 8], "texture": "#0"},
				"south": {"uv": [1, 6, 2, 7], "texture": "#0"},
				"west": {"uv": [1, 4, 2, 5], "texture": "#0"},
				"up": {"uv": [1, 8, 2, 9], "texture": "#0"},
				"down": {"uv": [1, 5, 2, 6], "texture": "#0"}
			},
			"type": "cube"
		},
		{
			"name": "Cube",
			"from": [10, -0.5, 7],
			"to": [11, 16.5, 8],
			"faces": {
				"north": {"uv": [1, 7, 2, 8], "texture": "#0"},
				"east": {"uv": [1, 7, 2, 8], "texture": "#0"},
				"south": {"uv": [1, 6, 2, 7], "texture": "#0"},
				"west": {"uv": [1, 4, 2, 5], "texture": "#0"},
				"up": {"uv": [1, 8, 2, 9], "texture": "#0"},
				"down": {"uv": [1, 5, 2, 6], "texture": "#0"}
			},
			"type": "cube"
		},
		{
			"name": "Cube",
			"from": [10, -0.5, 6],
			"to": [11, 16.5, 7],
			"faces": {
				"north": {"uv": [1, 7, 2, 8], "texture": "#0"},
				"east": {"uv": [1, 7, 2, 8], "texture": "#0"},
				"south": {"uv": [1, 6, 2, 7], "texture": "#0"},
				"west": {"uv": [1, 4, 2, 5], "texture": "#0"},
				"up": {"uv": [1, 8, 2, 9], "texture": "#0"},
				"down": {"uv": [1, 5, 2, 6], "texture": "#0"}
			},
			"type": "cube"
		},
		{
			"name": "Cube",
			"from": [9, -0.5, 5],
			"to": [10, 16.5, 6],
			"faces": {
				"north": {"uv": [1, 7, 2, 8], "texture": "#0"},
				"east": {"uv": [1, 7, 2, 8], "texture": "#0"},
				"south": {"uv": [1, 6, 2, 7], "texture": "#0"},
				"west": {"uv": [1, 4, 2, 5], "texture": "#0"},
				"up": {"uv": [1, 8, 2, 9], "texture": "#0"},
				"down": {"uv": [1, 5, 2, 6], "texture": "#0"}
			},
			"type": "cube"
		},
		{
			"name": "Cube",
			"from": [6, -0.5, 5],
			"to": [7, 16.5, 6],
			"faces": {
				"north": {"uv": [1, 7, 2, 8], "texture": "#0"},
				"east": {"uv": [1, 7, 2, 8], "texture": "#0"},
				"south": {"uv": [1, 6, 2, 7], "texture": "#0"},
				"west": {"uv": [1, 4, 2, 5], "texture": "#0"},
				"up": {"uv": [1, 8, 2, 9], "texture": "#0"},
				"down": {"uv": [1, 5, 2, 6], "texture": "#0"}
			},
			"type": "cube"
		},
		{
			"name": "Cube",
			"from": [5, -0.5, 6],
			"to": [6, 16.5, 7],
			"faces": {
				"north": {"uv": [1, 7, 2, 8], "texture": "#0"},
				"east": {"uv": [1, 7, 2, 8], "texture": "#0"},
				"south": {"uv": [1, 6, 2, 7], "texture": "#0"},
				"west": {"uv": [1, 4, 2, 5], "texture": "#0"},
				"up": {"uv": [1, 8, 2, 9], "texture": "#0"},
				"down": {"uv": [1, 5, 2, 6], "texture": "#0"}
			},
			"type": "cube"
		},
		{
			"name": "Cube",
			"from": [5, -0.5, 7],
			"to": [6, 16.5, 8],
			"faces": {
				"north": {"uv": [1, 7, 2, 8], "texture": "#0"},
				"east": {"uv": [1, 7, 2, 8], "texture": "#0"},
				"south": {"uv": [1, 6, 2, 7], "texture": "#0"},
				"west": {"uv": [1, 4, 2, 5], "texture": "#0"},
				"up": {"uv": [1, 8, 2, 9], "texture": "#0"},
				"down": {"uv": [1, 5, 2, 6], "texture": "#0"}
			},
			"type": "cube"
		},
		{
			"name": "Cube",
			"from": [5, -0.5, 8],
			"to": [6, 16.5, 9],
			"faces": {
				"north": {"uv": [1, 7, 2, 8], "texture": "#0"},
				"east": {"uv": [1, 7, 2, 8], "texture": "#0"},
				"south": {"uv": [1, 6, 2, 7], "texture": "#0"},
				"west": {"uv": [1, 4, 2, 5], "texture": "#0"},
				"up": {"uv": [1, 8, 2, 9], "texture": "#0"},
				"down": {"uv": [1, 5, 2, 6], "texture": "#0"}
			},
			"type": "cube"
		},
		{
			"name": "Cube",
			"from": [5, -0.5, 9],
			"to": [6, 16.5, 10],
			"faces": {
				"north": {"uv": [1, 7, 2, 8], "texture": "#0"},
				"east": {"uv": [1, 7, 2, 8], "texture": "#0"},
				"south": {"uv": [1, 6, 2, 7], "texture": "#0"},
				"west": {"uv": [1, 4, 2, 5], "texture": "#0"},
				"up": {"uv": [1, 8, 2, 9], "texture": "#0"},
				"down": {"uv": [1, 5, 2, 6], "texture": "#0"}
			},
			"type": "cube"
		},
		{
			"name": "Cube",
			"from": [6, -0.5, 10],
			"to": [7, 16.5, 11],
			"faces": {
				"north": {"uv": [1, 7, 2, 8], "texture": "#0"},
				"east": {"uv": [1, 7, 2, 8], "texture": "#0"},
				"south": {"uv": [1, 6, 2, 7], "texture": "#0"},
				"west": {"uv": [1, 4, 2, 5], "texture": "#0"},
				"up": {"uv": [1, 8, 2, 9], "texture": "#0"},
				"down": {"uv": [1, 5, 2, 6], "texture": "#0"}
			},
			"type": "cube"
		},
		{
			"name": "Cube",
			"from": [5, -0.5, 12],
			"to": [6, 16.5, 13],
			"faces": {
				"north": {"uv": [1, 7, 2, 8], "texture": "#0"},
				"east": {"uv": [1, 7, 2, 8], "texture": "#0"},
				"south": {"uv": [1, 6, 2, 7], "texture": "#0"},
				"west": {"uv": [1, 4, 2, 5], "texture": "#0"},
				"up": {"uv": [1, 8, 2, 9], "texture": "#0"},
				"down": {"uv": [1, 5, 2, 6], "texture": "#0"}
			},
			"type": "cube"
		},
		{
			"name": "Cube",
			"from": [4, -0.5, 11],
			"to": [5, 16.5, 12],
			"faces": {
				"north": {"uv": [1, 7, 2, 8], "texture": "#0"},
				"east": {"uv": [1, 7, 2, 8], "texture": "#0"},
				"south": {"uv": [1, 6, 2, 7], "texture": "#0"},
				"west": {"uv": [1, 4, 2, 5], "texture": "#0"},
				"up": {"uv": [1, 8, 2, 9], "texture": "#0"},
				"down": {"uv": [1, 5, 2, 6], "texture": "#0"}
			},
			"type": "cube"
		},
		{
			"name": "Cube",
			"from": [3, -0.5, 10],
			"to": [4, 16.5, 11],
			"faces": {
				"north": {"uv": [1, 7, 2, 8], "texture": "#0"},
				"east": {"uv": [1, 7, 2, 8], "texture": "#0"},
				"south": {"uv": [1, 6, 2, 7], "texture": "#0"},
				"west": {"uv": [1, 4, 2, 5], "texture": "#0"},
				"up": {"uv": [1, 8, 2, 9], "texture": "#0"},
				"down": {"uv": [1, 5, 2, 6], "texture": "#0"}
			},
			"type": "cube"
		},
		{
			"name": "Cube",
			"from": [3, -0.5, 9],
			"to": [4, 16.5, 10],
			"faces": {
				"north": {"uv": [1, 7, 2, 8], "texture": "#0"},
				"east": {"uv": [1, 7, 2, 8], "texture": "#0"},
				"south": {"uv": [1, 6, 2, 7], "texture": "#0"},
				"west": {"uv": [1, 4, 2, 5], "texture": "#0"},
				"up": {"uv": [1, 8, 2, 9], "texture": "#0"},
				"down": {"uv": [1, 5, 2, 6], "texture": "#0"}
			},
			"type": "cube"
		},
		{
			"name": "Cube",
			"from": [3, -0.5, 7],
			"to": [4, 16.5, 8],
			"faces": {
				"north": {"uv": [1, 7, 2, 8], "texture": "#0"},
				"east": {"uv": [1, 7, 2, 8], "texture": "#0"},
				"south": {"uv": [1, 6, 2, 7], "texture": "#0"},
				"west": {"uv": [1, 4, 2, 5], "texture": "#0"},
				"up": {"uv": [1, 8, 2, 9], "texture": "#0"},
				"down": {"uv": [1, 5, 2, 6], "texture": "#0"}
			},
			"type": "cube"
		},
		{
			"name": "Cube",
			"from": [3, -0.5, 8],
			"to": [4, 16.5, 9],
			"faces": {
				"north": {"uv": [1, 7, 2, 8], "texture": "#0"},
				"east": {"uv": [1, 7, 2, 8], "texture": "#0"},
				"south": {"uv": [1, 6, 2, 7], "texture": "#0"},
				"west": {"uv": [1, 4, 2, 5], "texture": "#0"},
				"up": {"uv": [1, 8, 2, 9], "texture": "#0"},
				"down": {"uv": [1, 5, 2, 6], "texture": "#0"}
			},
			"type": "cube"
		},
		{
			"name": "Cube",
			"from": [3, -0.5, 6],
			"to": [4, 16.5, 7],
			"faces": {
				"north": {"uv": [1, 7, 2, 8], "texture": "#0"},
				"east": {"uv": [1, 7, 2, 8], "texture": "#0"},
				"south": {"uv": [1, 6, 2, 7], "texture": "#0"},
				"west": {"uv": [1, 4, 2, 5], "texture": "#0"},
				"up": {"uv": [1, 8, 2, 9], "texture": "#0"},
				"down": {"uv": [1, 5, 2, 6], "texture": "#0"}
			},
			"type": "cube"
		},
		{
			"name": "Cube",
			"from": [3, -0.5, 5],
			"to": [4, 16.5, 6],
			"faces": {
				"north": {"uv": [1, 7, 2, 8], "texture": "#0"},
				"east": {"uv": [1, 7, 2, 8], "texture": "#0"},
				"south": {"uv": [1, 6, 2, 7], "texture": "#0"},
				"west": {"uv": [1, 4, 2, 5], "texture": "#0"},
				"up": {"uv": [1, 8, 2, 9], "texture": "#0"},
				"down": {"uv": [1, 5, 2, 6], "texture": "#0"}
			},
			"type": "cube"
		},
		{
			"name": "Cube",
			"from": [4, -0.5, 4],
			"to": [5, 16.5, 5],
			"faces": {
				"north": {"uv": [1, 7, 2, 8], "texture": "#0"},
				"east": {"uv": [1, 7, 2, 8], "texture": "#0"},
				"south": {"uv": [1, 6, 2, 7], "texture": "#0"},
				"west": {"uv": [1, 4, 2, 5], "texture": "#0"},
				"up": {"uv": [1, 8, 2, 9], "texture": "#0"},
				"down": {"uv": [1, 5, 2, 6], "texture": "#0"}
			},
			"type": "cube"
		},
		{
			"name": "Cube",
			"from": [5, -0.5, 3],
			"to": [6, 16.5, 4],
			"faces": {
				"north": {"uv": [1, 7, 2, 8], "texture": "#0"},
				"east": {"uv": [1, 7, 2, 8], "texture": "#0"},
				"south": {"uv": [1, 6, 2, 7], "texture": "#0"},
				"west": {"uv": [1, 4, 2, 5], "texture": "#0"},
				"up": {"uv": [1, 8, 2, 9], "texture": "#0"},
				"down": {"uv": [1, 5, 2, 6], "texture": "#0"}
			},
			"type": "cube"
		},
		{
			"name": "Cube",
			"from": [4, 4, -0.5],
			"to": [5, 5, 16.5],
			"faces": {
				"north": {"uv": [1, 6, 2, 7], "texture": "#0"},
				"east": {"uv": [1, 5, 2, 6], "texture": "#0"},
				"south": {"uv": [1, 6, 2, 7], "texture": "#0"},
				"west": {"uv": [1, 6, 2, 7], "texture": "#0"},
				"up": {"uv": [1, 10, 2, 11], "texture": "#0"},
				"down": {"uv": [1, 5, 2, 6], "texture": "#0"}
			},
			"type": "cube"
		},
		{
			"name": "Cube",
			"from": [5, 3, -0.5],
			"to": [6, 4, 16.5],
			"faces": {
				"north": {"uv": [1, 6, 2, 7], "texture": "#0"},
				"east": {"uv": [1, 5, 2, 6], "texture": "#0"},
				"south": {"uv": [1, 6, 2, 7], "texture": "#0"},
				"west": {"uv": [1, 6, 2, 7], "texture": "#0"},
				"up": {"uv": [1, 10, 2, 11], "texture": "#0"},
				"down": {"uv": [1, 5, 2, 6], "texture": "#0"}
			},
			"type": "cube"
		},
		{
			"name": "Cube",
			"from": [3, 5, -0.5],
			"to": [4, 6, 16.5],
			"faces": {
				"north": {"uv": [1, 6, 2, 7], "texture": "#0"},
				"east": {"uv": [1, 5, 2, 6], "texture": "#0"},
				"south": {"uv": [1, 6, 2, 7], "texture": "#0"},
				"west": {"uv": [1, 6, 2, 7], "texture": "#0"},
				"up": {"uv": [1, 10, 2, 11], "texture": "#0"},
				"down": {"uv": [1, 5, 2, 6], "texture": "#0"}
			},
			"type": "cube"
		},
		{
			"name": "Cube",
			"from": [3, 6, -0.5],
			"to": [4, 7, 16.5],
			"faces": {
				"north": {"uv": [1, 6, 2, 7], "texture": "#0"},
				"east": {"uv": [1, 5, 2, 6], "texture": "#0"},
				"south": {"uv": [1, 6, 2, 7], "texture": "#0"},
				"west": {"uv": [1, 6, 2, 7], "texture": "#0"},
				"up": {"uv": [1, 10, 2, 11], "texture": "#0"},
				"down": {"uv": [1, 5, 2, 6], "texture": "#0"}
			},
			"type": "cube"
		},
		{
			"name": "Cube",
			"from": [3, 7, -0.5],
			"to": [4, 8, 16.5],
			"faces": {
				"north": {"uv": [1, 6, 2, 7], "texture": "#0"},
				"east": {"uv": [1, 5, 2, 6], "texture": "#0"},
				"south": {"uv": [1, 6, 2, 7], "texture": "#0"},
				"west": {"uv": [1, 6, 2, 7], "texture": "#0"},
				"up": {"uv": [1, 10, 2, 11], "texture": "#0"},
				"down": {"uv": [1, 5, 2, 6], "texture": "#0"}
			},
			"type": "cube"
		},
		{
			"name": "Cube",
			"from": [3, 8, -0.5],
			"to": [4, 9, 16.5],
			"faces": {
				"north": {"uv": [1, 6, 2, 7], "texture": "#0"},
				"east": {"uv": [1, 5, 2, 6], "texture": "#0"},
				"south": {"uv": [1, 6, 2, 7], "texture": "#0"},
				"west": {"uv": [1, 6, 2, 7], "texture": "#0"},
				"up": {"uv": [1, 10, 2, 11], "texture": "#0"},
				"down": {"uv": [1, 5, 2, 6], "texture": "#0"}
			},
			"type": "cube"
		},
		{
			"name": "Cube",
			"from": [3, 9, -0.5],
			"to": [4, 10, 16.5],
			"faces": {
				"north": {"uv": [1, 6, 2, 7], "texture": "#0"},
				"east": {"uv": [1, 5, 2, 6], "texture": "#0"},
				"south": {"uv": [1, 6, 2, 7], "texture": "#0"},
				"west": {"uv": [1, 6, 2, 7], "texture": "#0"},
				"up": {"uv": [1, 10, 2, 11], "texture": "#0"},
				"down": {"uv": [1, 5, 2, 6], "texture": "#0"}
			},
			"type": "cube"
		},
		{
			"name": "Cube",
			"from": [3, 10, -0.5],
			"to": [4, 11, 16.5],
			"faces": {
				"north": {"uv": [1, 6, 2, 7], "texture": "#0"},
				"east": {"uv": [1, 5, 2, 6], "texture": "#0"},
				"south": {"uv": [1, 6, 2, 7], "texture": "#0"},
				"west": {"uv": [1, 6, 2, 7], "texture": "#0"},
				"up": {"uv": [1, 10, 2, 11], "texture": "#0"},
				"down": {"uv": [1, 5, 2, 6], "texture": "#0"}
			},
			"type": "cube"
		},
		{
			"name": "Cube",
			"from": [4, 11, -0.5],
			"to": [5, 12, 16.5],
			"faces": {
				"north": {"uv": [1, 6, 2, 7], "texture": "#0"},
				"east": {"uv": [1, 5, 2, 6], "texture": "#0"},
				"south": {"uv": [1, 6, 2, 7], "texture": "#0"},
				"west": {"uv": [1, 6, 2, 7], "texture": "#0"},
				"up": {"uv": [1, 10, 2, 11], "texture": "#0"},
				"down": {"uv": [1, 5, 2, 6], "texture": "#0"}
			},
			"type": "cube"
		},
		{
			"name": "Cube",
			"from": [5, 12, -0.5],
			"to": [6, 13, 16.5],
			"faces": {
				"north": {"uv": [1, 6, 2, 7], "texture": "#0"},
				"east": {"uv": [1, 5, 2, 6], "texture": "#0"},
				"south": {"uv": [1, 6, 2, 7], "texture": "#0"},
				"west": {"uv": [1, 6, 2, 7], "texture": "#0"},
				"up": {"uv": [1, 10, 2, 11], "texture": "#0"},
				"down": {"uv": [1, 5, 2, 6], "texture": "#0"}
			},
			"type": "cube"
		},
		{
			"name": "Cube",
			"from": [10, 12, -0.5],
			"to": [11, 13, 16.5],
			"faces": {
				"north": {"uv": [1, 6, 2, 7], "texture": "#0"},
				"east": {"uv": [1, 5, 2, 6], "texture": "#0"},
				"south": {"uv": [1, 6, 2, 7], "texture": "#0"},
				"west": {"uv": [1, 6, 2, 7], "texture": "#0"},
				"up": {"uv": [1, 10, 2, 11], "texture": "#0"},
				"down": {"uv": [1, 5, 2, 6], "texture": "#0"}
			},
			"type": "cube"
		},
		{
			"name": "Cube",
			"from": [11, 11, -0.5],
			"to": [12, 12, 16.5],
			"faces": {
				"north": {"uv": [1, 6, 2, 7], "texture": "#0"},
				"east": {"uv": [1, 5, 2, 6], "texture": "#0"},
				"south": {"uv": [1, 6, 2, 7], "texture": "#0"},
				"west": {"uv": [1, 6, 2, 7], "texture": "#0"},
				"up": {"uv": [1, 10, 2, 11], "texture": "#0"},
				"down": {"uv": [1, 5, 2, 6], "texture": "#0"}
			},
			"type": "cube"
		},
		{
			"name": "Cube",
			"from": [12, 10, -0.5],
			"to": [13, 11, 16.5],
			"faces": {
				"north": {"uv": [1, 6, 2, 7], "texture": "#0"},
				"east": {"uv": [1, 5, 2, 6], "texture": "#0"},
				"south": {"uv": [1, 6, 2, 7], "texture": "#0"},
				"west": {"uv": [1, 6, 2, 7], "texture": "#0"},
				"up": {"uv": [1, 10, 2, 11], "texture": "#0"},
				"down": {"uv": [1, 5, 2, 6], "texture": "#0"}
			},
			"type": "cube"
		},
		{
			"name": "Cube",
			"from": [12, 9, -0.5],
			"to": [13, 10, 16.5],
			"faces": {
				"north": {"uv": [1, 6, 2, 7], "texture": "#0"},
				"east": {"uv": [1, 5, 2, 6], "texture": "#0"},
				"south": {"uv": [1, 6, 2, 7], "texture": "#0"},
				"west": {"uv": [1, 6, 2, 7], "texture": "#0"},
				"up": {"uv": [1, 10, 2, 11], "texture": "#0"},
				"down": {"uv": [1, 5, 2, 6], "texture": "#0"}
			},
			"type": "cube"
		},
		{
			"name": "Cube",
			"from": [12, 8, -0.5],
			"to": [13, 9, 16.5],
			"faces": {
				"north": {"uv": [1, 6, 2, 7], "texture": "#0"},
				"east": {"uv": [1, 5, 2, 6], "texture": "#0"},
				"south": {"uv": [1, 6, 2, 7], "texture": "#0"},
				"west": {"uv": [1, 6, 2, 7], "texture": "#0"},
				"up": {"uv": [1, 10, 2, 11], "texture": "#0"},
				"down": {"uv": [1, 5, 2, 6], "texture": "#0"}
			},
			"type": "cube"
		},
		{
			"name": "Cube",
			"from": [12, 7, -0.5],
			"to": [13, 8, 16.5],
			"faces": {
				"north": {"uv": [1, 6, 2, 7], "texture": "#0"},
				"east": {"uv": [1, 5, 2, 6], "texture": "#0"},
				"south": {"uv": [1, 6, 2, 7], "texture": "#0"},
				"west": {"uv": [1, 6, 2, 7], "texture": "#0"},
				"up": {"uv": [1, 10, 2, 11], "texture": "#0"},
				"down": {"uv": [1, 5, 2, 6], "texture": "#0"}
			},
			"type": "cube"
		},
		{
			"name": "Cube",
			"from": [12, 6, -0.5],
			"to": [13, 7, 16.5],
			"faces": {
				"north": {"uv": [1, 6, 2, 7], "texture": "#0"},
				"east": {"uv": [1, 5, 2, 6], "texture": "#0"},
				"south": {"uv": [1, 6, 2, 7], "texture": "#0"},
				"west": {"uv": [1, 6, 2, 7], "texture": "#0"},
				"up": {"uv": [1, 10, 2, 11], "texture": "#0"},
				"down": {"uv": [1, 5, 2, 6], "texture": "#0"}
			},
			"type": "cube"
		},
		{
			"name": "Cube",
			"from": [12, 5, -0.5],
			"to": [13, 6, 16.5],
			"faces": {
				"north": {"uv": [1, 6, 2, 7], "texture": "#0"},
				"east": {"uv": [1, 5, 2, 6], "texture": "#0"},
				"south": {"uv": [1, 6, 2, 7], "texture": "#0"},
				"west": {"uv": [1, 6, 2, 7], "texture": "#0"},
				"up": {"uv": [1, 10, 2, 11], "texture": "#0"},
				"down": {"uv": [1, 5, 2, 6], "texture": "#0"}
			},
			"type": "cube"
		},
		{
			"name": "Cube",
			"from": [11, 4, -0.5],
			"to": [12, 5, 16.5],
			"faces": {
				"north": {"uv": [1, 6, 2, 7], "texture": "#0"},
				"east": {"uv": [1, 5, 2, 6], "texture": "#0"},
				"south": {"uv": [1, 6, 2, 7], "texture": "#0"},
				"west": {"uv": [1, 6, 2, 7], "texture": "#0"},
				"up": {"uv": [1, 10, 2, 11], "texture": "#0"},
				"down": {"uv": [1, 5, 2, 6], "texture": "#0"}
			},
			"type": "cube"
		},
		{
			"name": "Cube",
			"from": [10, 3, -0.5],
			"to": [11, 4, 16.5],
			"faces": {
				"north": {"uv": [1, 6, 2, 7], "texture": "#0"},
				"east": {"uv": [1, 5, 2, 6], "texture": "#0"},
				"south": {"uv": [1, 6, 2, 7], "texture": "#0"},
				"west": {"uv": [1, 6, 2, 7], "texture": "#0"},
				"up": {"uv": [1, 10, 2, 11], "texture": "#0"},
				"down": {"uv": [1, 5, 2, 6], "texture": "#0"}
			},
			"type": "cube"
		},
		{
			"name": "Cube",
			"from": [9, 5, -0.5],
			"to": [10, 6, 16.5],
			"faces": {
				"north": {"uv": [1, 6, 2, 7], "texture": "#0"},
				"east": {"uv": [1, 5, 2, 6], "texture": "#0"},
				"south": {"uv": [1, 6, 2, 7], "texture": "#0"},
				"west": {"uv": [1, 6, 2, 7], "texture": "#0"},
				"up": {"uv": [1, 10, 2, 11], "texture": "#0"},
				"down": {"uv": [1, 5, 2, 6], "texture": "#0"}
			},
			"type": "cube"
		},
		{
			"name": "Cube",
			"from": [10, 6, -0.5],
			"to": [11, 7, 16.5],
			"faces": {
				"north": {"uv": [1, 6, 2, 7], "texture": "#0"},
				"east": {"uv": [1, 5, 2, 6], "texture": "#0"},
				"south": {"uv": [1, 6, 2, 7], "texture": "#0"},
				"west": {"uv": [1, 6, 2, 7], "texture": "#0"},
				"up": {"uv": [1, 10, 2, 11], "texture": "#0"},
				"down": {"uv": [1, 5, 2, 6], "texture": "#0"}
			},
			"type": "cube"
		},
		{
			"name": "Cube",
			"from": [10, 7, -0.5],
			"to": [11, 8, 16.5],
			"faces": {
				"north": {"uv": [1, 6, 2, 7], "texture": "#0"},
				"east": {"uv": [1, 5, 2, 6], "texture": "#0"},
				"south": {"uv": [1, 6, 2, 7], "texture": "#0"},
				"west": {"uv": [1, 6, 2, 7], "texture": "#0"},
				"up": {"uv": [1, 10, 2, 11], "texture": "#0"},
				"down": {"uv": [1, 5, 2, 6], "texture": "#0"}
			},
			"type": "cube"
		},
		{
			"name": "Cube",
			"from": [10, 8, -0.5],
			"to": [11, 9, 16.5],
			"faces": {
				"north": {"uv": [1, 6, 2, 7], "texture": "#0"},
				"east": {"uv": [1, 5, 2, 6], "texture": "#0"},
				"south": {"uv": [1, 6, 2, 7], "texture": "#0"},
				"west": {"uv": [1, 6, 2, 7], "texture": "#0"},
				"up": {"uv": [1, 10, 2, 11], "texture": "#0"},
				"down": {"uv": [1, 5, 2, 6], "texture": "#0"}
			},
			"type": "cube"
		},
		{
			"name": "Cube",
			"from": [10, 9, -0.5],
			"to": [11, 10, 16.5],
			"faces": {
				"north": {"uv": [1, 6, 2, 7], "texture": "#0"},
				"east": {"uv": [1, 5, 2, 6], "texture": "#0"},
				"south": {"uv": [1, 6, 2, 7], "texture": "#0"},
				"west": {"uv": [1, 6, 2, 7], "texture": "#0"},
				"up": {"uv": [1, 10, 2, 11], "texture": "#0"},
				"down": {"uv": [1, 5, 2, 6], "texture": "#0"}
			},
			"type": "cube"
		},
		{
			"name": "Cube",
			"from": [9, 10, -0.5],
			"to": [10, 11, 16.5],
			"faces": {
				"north": {"uv": [1, 6, 2, 7], "texture": "#0"},
				"east": {"uv": [1, 5, 2, 6], "texture": "#0"},
				"south": {"uv": [1, 6, 2, 7], "texture": "#0"},
				"west": {"uv": [1, 6, 2, 7], "texture": "#0"},
				"up": {"uv": [1, 10, 2, 11], "texture": "#0"},
				"down": {"uv": [1, 5, 2, 6], "texture": "#0"}
			},
			"type": "cube"
		},
		{
			"name": "Cube",
			"from": [6, 10, -0.5],
			"to": [7, 11, 16.5],
			"faces": {
				"north": {"uv": [1, 6, 2, 7], "texture": "#0"},
				"east": {"uv": [1, 5, 2, 6], "texture": "#0"},
				"south": {"uv": [1, 6, 2, 7], "texture": "#0"},
				"west": {"uv": [1, 6, 2, 7], "texture": "#0"},
				"up": {"uv": [1, 10, 2, 11], "texture": "#0"},
				"down": {"uv": [1, 5, 2, 6], "texture": "#0"}
			},
			"type": "cube"
		},
		{
			"name": "Cube",
			"from": [5, 9, -0.5],
			"to": [6, 10, 16.5],
			"faces": {
				"north": {"uv": [1, 6, 2, 7], "texture": "#0"},
				"east": {"uv": [1, 5, 2, 6], "texture": "#0"},
				"south": {"uv": [1, 6, 2, 7], "texture": "#0"},
				"west": {"uv": [1, 6, 2, 7], "texture": "#0"},
				"up": {"uv": [1, 10, 2, 11], "texture": "#0"},
				"down": {"uv": [1, 5, 2, 6], "texture": "#0"}
			},
			"type": "cube"
		},
		{
			"name": "Cube",
			"from": [5, 9, -0.5],
			"to": [6, 10, 16.5],
			"faces": {
				"north": {"uv": [1, 6, 2, 7], "texture": "#0"},
				"east": {"uv": [1, 5, 2, 6], "texture": "#0"},
				"south": {"uv": [1, 6, 2, 7], "texture": "#0"},
				"west": {"uv": [1, 6, 2, 7], "texture": "#0"},
				"up": {"uv": [1, 10, 2, 11], "texture": "#0"},
				"down": {"uv": [1, 5, 2, 6], "texture": "#0"}
			},
			"type": "cube"
		},
		{
			"name": "Cube",
			"from": [5, 8, -0.5],
			"to": [6, 9, 16.5],
			"faces": {
				"north": {"uv": [1, 6, 2, 7], "texture": "#0"},
				"east": {"uv": [1, 5, 2, 6], "texture": "#0"},
				"south": {"uv": [1, 6, 2, 7], "texture": "#0"},
				"west": {"uv": [1, 6, 2, 7], "texture": "#0"},
				"up": {"uv": [1, 10, 2, 11], "texture": "#0"},
				"down": {"uv": [1, 5, 2, 6], "texture": "#0"}
			},
			"type": "cube"
		},
		{
			"name": "Cube",
			"from": [5, 7, -0.5],
			"to": [6, 8, 16.5],
			"faces": {
				"north": {"uv": [1, 6, 2, 7], "texture": "#0"},
				"east": {"uv": [1, 5, 2, 6], "texture": "#0"},
				"south": {"uv": [1, 6, 2, 7], "texture": "#0"},
				"west": {"uv": [1, 6, 2, 7], "texture": "#0"},
				"up": {"uv": [1, 10, 2, 11], "texture": "#0"},
				"down": {"uv": [1, 5, 2, 6], "texture": "#0"}
			},
			"type": "cube"
		},
		{
			"name": "Cube",
			"from": [5, 6, -0.5],
			"to": [6, 7, 16.5],
			"faces": {
				"north": {"uv": [1, 6, 2, 7], "texture": "#0"},
				"east": {"uv": [1, 5, 2, 6], "texture": "#0"},
				"south": {"uv": [1, 6, 2, 7], "texture": "#0"},
				"west": {"uv": [1, 6, 2, 7], "texture": "#0"},
				"up": {"uv": [1, 10, 2, 11], "texture": "#0"},
				"down": {"uv": [1, 5, 2, 6], "texture": "#0"}
			},
			"type": "cube"
		},
		{
			"name": "Cube",
			"from": [6, 5, -0.5],
			"to": [7, 6, 16.5],
			"faces": {
				"north": {"uv": [1, 6, 2, 7], "texture": "#0"},
				"east": {"uv": [1, 5, 2, 6], "texture": "#0"},
				"south": {"uv": [1, 6, 2, 7], "texture": "#0"},
				"west": {"uv": [1, 6, 2, 7], "texture": "#0"},
				"up": {"uv": [1, 10, 2, 11], "texture": "#0"},
				"down": {"uv": [1, 5, 2, 6], "texture": "#0"}
			},
			"type": "cube"
		},
		{
			"name": "Cube",
			"from": [-0.5, 11, 11],
			"to": [16.5, 12, 12],
			"faces": {
				"north": {"uv": [1, 7, 2, 8], "texture": "#0"},
				"east": {"uv": [1, 5, 2, 6], "texture": "#0"},
				"south": {"uv": [1, 5, 2, 6], "texture": "#0"},
				"west": {"uv": [1, 4, 2, 5], "texture": "#0"},
				"up": {"uv": [1, 5, 2, 6], "texture": "#0"},
				"down": {"uv": [1, 6, 2, 7], "texture": "#0"}
			},
			"type": "cube"
		},
		{
			"name": "Cube",
			"from": [-0.5, 12, 10],
			"to": [16.5, 13, 11],
			"faces": {
				"north": {"uv": [1, 7, 2, 8], "texture": "#0"},
				"east": {"uv": [1, 5, 2, 6], "texture": "#0"},
				"south": {"uv": [1, 5, 2, 6], "texture": "#0"},
				"west": {"uv": [1, 4, 2, 5], "texture": "#0"},
				"up": {"uv": [1, 5, 2, 6], "texture": "#0"},
				"down": {"uv": [1, 6, 2, 7], "texture": "#0"}
			},
			"type": "cube"
		},
		{
			"name": "Cube",
			"from": [-0.5, 10, 9],
			"to": [16.5, 11, 10],
			"faces": {
				"north": {"uv": [1, 7, 2, 8], "texture": "#0"},
				"east": {"uv": [1, 5, 2, 6], "texture": "#0"},
				"south": {"uv": [1, 5, 2, 6], "texture": "#0"},
				"west": {"uv": [1, 4, 2, 5], "texture": "#0"},
				"up": {"uv": [1, 5, 2, 6], "texture": "#0"},
				"down": {"uv": [1, 6, 2, 7], "texture": "#0"}
			},
			"type": "cube"
		},
		{
			"name": "Cube",
			"from": [-0.5, 9, 10],
			"to": [16.5, 10, 11],
			"faces": {
				"north": {"uv": [1, 7, 2, 8], "texture": "#0"},
				"east": {"uv": [1, 5, 2, 6], "texture": "#0"},
				"south": {"uv": [1, 5, 2, 6], "texture": "#0"},
				"west": {"uv": [1, 4, 2, 5], "texture": "#0"},
				"up": {"uv": [1, 5, 2, 6], "texture": "#0"},
				"down": {"uv": [1, 6, 2, 7], "texture": "#0"}
			},
			"type": "cube"
		},
		{
			"name": "Cube",
			"from": [-0.5, 8, 10],
			"to": [16.5, 9, 11],
			"faces": {
				"north": {"uv": [1, 7, 2, 8], "texture": "#0"},
				"east": {"uv": [1, 5, 2, 6], "texture": "#0"},
				"south": {"uv": [1, 5, 2, 6], "texture": "#0"},
				"west": {"uv": [1, 4, 2, 5], "texture": "#0"},
				"up": {"uv": [1, 5, 2, 6], "texture": "#0"},
				"down": {"uv": [1, 6, 2, 7], "texture": "#0"}
			},
			"type": "cube"
		},
		{
			"name": "Cube",
			"from": [-0.5, 7, 10],
			"to": [16.5, 8, 11],
			"faces": {
				"north": {"uv": [1, 7, 2, 8], "texture": "#0"},
				"east": {"uv": [1, 5, 2, 6], "texture": "#0"},
				"south": {"uv": [1, 5, 2, 6], "texture": "#0"},
				"west": {"uv": [1, 4, 2, 5], "texture": "#0"},
				"up": {"uv": [1, 5, 2, 6], "texture": "#0"},
				"down": {"uv": [1, 6, 2, 7], "texture": "#0"}
			},
			"type": "cube"
		},
		{
			"name": "Cube",
			"from": [-0.5, 6, 10],
			"to": [16.5, 7, 11],
			"faces": {
				"north": {"uv": [1, 7, 2, 8], "texture": "#0"},
				"east": {"uv": [1, 5, 2, 6], "texture": "#0"},
				"south": {"uv": [1, 5, 2, 6], "texture": "#0"},
				"west": {"uv": [1, 4, 2, 5], "texture": "#0"},
				"up": {"uv": [1, 5, 2, 6], "texture": "#0"},
				"down": {"uv": [1, 6, 2, 7], "texture": "#0"}
			},
			"type": "cube"
		},
		{
			"name": "Cube",
			"from": [-0.5, 5, 9],
			"to": [16.5, 6, 10],
			"faces": {
				"north": {"uv": [1, 7, 2, 8], "texture": "#0"},
				"east": {"uv": [1, 5, 2, 6], "texture": "#0"},
				"south": {"uv": [1, 5, 2, 6], "texture": "#0"},
				"west": {"uv": [1, 4, 2, 5], "texture": "#0"},
				"up": {"uv": [1, 5, 2, 6], "texture": "#0"},
				"down": {"uv": [1, 6, 2, 7], "texture": "#0"}
			},
			"type": "cube"
		},
		{
			"name": "Cube",
			"from": [-0.5, 5, 6],
			"to": [16.5, 6, 7],
			"faces": {
				"north": {"uv": [1, 7, 2, 8], "texture": "#0"},
				"east": {"uv": [1, 5, 2, 6], "texture": "#0"},
				"south": {"uv": [1, 5, 2, 6], "texture": "#0"},
				"west": {"uv": [1, 4, 2, 5], "texture": "#0"},
				"up": {"uv": [1, 5, 2, 6], "texture": "#0"},
				"down": {"uv": [1, 6, 2, 7], "texture": "#0"}
			},
			"type": "cube"
		},
		{
			"name": "Cube",
			"from": [-0.5, 6, 5],
			"to": [16.5, 7, 6],
			"faces": {
				"north": {"uv": [1, 7, 2, 8], "texture": "#0"},
				"east": {"uv": [1, 5, 2, 6], "texture": "#0"},
				"south": {"uv": [1, 5, 2, 6], "texture": "#0"},
				"west": {"uv": [1, 4, 2, 5], "texture": "#0"},
				"up": {"uv": [1, 5, 2, 6], "texture": "#0"},
				"down": {"uv": [1, 6, 2, 7], "texture": "#0"}
			},
			"type": "cube"
		},
		{
			"name": "Cube",
			"from": [-0.5, 7, 5],
			"to": [16.5, 8, 6],
			"faces": {
				"north": {"uv": [1, 7, 2, 8], "texture": "#0"},
				"east": {"uv": [1, 5, 2, 6], "texture": "#0"},
				"south": {"uv": [1, 5, 2, 6], "texture": "#0"},
				"west": {"uv": [1, 4, 2, 5], "texture": "#0"},
				"up": {"uv": [1, 5, 2, 6], "texture": "#0"},
				"down": {"uv": [1, 6, 2, 7], "texture": "#0"}
			},
			"type": "cube"
		},
		{
			"name": "Cube",
			"from": [-0.5, 8, 5],
			"to": [16.5, 9, 6],
			"faces": {
				"north": {"uv": [1, 7, 2, 8], "texture": "#0"},
				"east": {"uv": [1, 5, 2, 6], "texture": "#0"},
				"south": {"uv": [1, 5, 2, 6], "texture": "#0"},
				"west": {"uv": [1, 4, 2, 5], "texture": "#0"},
				"up": {"uv": [1, 5, 2, 6], "texture": "#0"},
				"down": {"uv": [1, 6, 2, 7], "texture": "#0"}
			},
			"type": "cube"
		},
		{
			"name": "Cube",
			"from": [-0.5, 9, 5],
			"to": [16.5, 10, 6],
			"faces": {
				"north": {"uv": [1, 7, 2, 8], "texture": "#0"},
				"east": {"uv": [1, 5, 2, 6], "texture": "#0"},
				"south": {"uv": [1, 5, 2, 6], "texture": "#0"},
				"west": {"uv": [1, 4, 2, 5], "texture": "#0"},
				"up": {"uv": [1, 5, 2, 6], "texture": "#0"},
				"down": {"uv": [1, 6, 2, 7], "texture": "#0"}
			},
			"type": "cube"
		},
		{
			"name": "Cube",
			"from": [-0.5, 10, 6],
			"to": [16.5, 11, 7],
			"faces": {
				"north": {"uv": [1, 7, 2, 8], "texture": "#0"},
				"east": {"uv": [1, 5, 2, 6], "texture": "#0"},
				"south": {"uv": [1, 5, 2, 6], "texture": "#0"},
				"west": {"uv": [1, 4, 2, 5], "texture": "#0"},
				"up": {"uv": [1, 5, 2, 6], "texture": "#0"},
				"down": {"uv": [1, 6, 2, 7], "texture": "#0"}
			},
			"type": "cube"
		},
		{
			"name": "Cube",
			"from": [-0.5, 12, 5],
			"to": [16.5, 13, 6],
			"faces": {
				"north": {"uv": [1, 7, 2, 8], "texture": "#0"},
				"east": {"uv": [1, 5, 2, 6], "texture": "#0"},
				"south": {"uv": [1, 5, 2, 6], "texture": "#0"},
				"west": {"uv": [1, 4, 2, 5], "texture": "#0"},
				"up": {"uv": [1, 5, 2, 6], "texture": "#0"},
				"down": {"uv": [1, 6, 2, 7], "texture": "#0"}
			},
			"type": "cube"
		},
		{
			"name": "Cube",
			"from": [-0.5, 11, 4],
			"to": [16.5, 12, 5],
			"faces": {
				"north": {"uv": [1, 7, 2, 8], "texture": "#0"},
				"east": {"uv": [1, 5, 2, 6], "texture": "#0"},
				"south": {"uv": [1, 5, 2, 6], "texture": "#0"},
				"west": {"uv": [1, 4, 2, 5], "texture": "#0"},
				"up": {"uv": [1, 5, 2, 6], "texture": "#0"},
				"down": {"uv": [1, 6, 2, 7], "texture": "#0"}
			},
			"type": "cube"
		},
		{
			"name": "Cube",
			"from": [-0.5, 10, 3],
			"to": [16.5, 11, 4],
			"faces": {
				"north": {"uv": [1, 7, 2, 8], "texture": "#0"},
				"east": {"uv": [1, 5, 2, 6], "texture": "#0"},
				"south": {"uv": [1, 5, 2, 6], "texture": "#0"},
				"west": {"uv": [1, 4, 2, 5], "texture": "#0"},
				"up": {"uv": [1, 5, 2, 6], "texture": "#0"},
				"down": {"uv": [1, 6, 2, 7], "texture": "#0"}
			},
			"type": "cube"
		},
		{
			"name": "Cube",
			"from": [-0.5, 9, 3],
			"to": [16.5, 10, 4],
			"faces": {
				"north": {"uv": [1, 7, 2, 8], "texture": "#0"},
				"east": {"uv": [1, 5, 2, 6], "texture": "#0"},
				"south": {"uv": [1, 5, 2, 6], "texture": "#0"},
				"west": {"uv": [1, 4, 2, 5], "texture": "#0"},
				"up": {"uv": [1, 5, 2, 6], "texture": "#0"},
				"down": {"uv": [1, 6, 2, 7], "texture": "#0"}
			},
			"type": "cube"
		},
		{
			"name": "Cube",
			"from": [-0.5, 8, 3],
			"to": [16.5, 9, 4],
			"faces": {
				"north": {"uv": [1, 7, 2, 8], "texture": "#0"},
				"east": {"uv": [1, 5, 2, 6], "texture": "#0"},
				"south": {"uv": [1, 5, 2, 6], "texture": "#0"},
				"west": {"uv": [1, 4, 2, 5], "texture": "#0"},
				"up": {"uv": [1, 5, 2, 6], "texture": "#0"},
				"down": {"uv": [1, 6, 2, 7], "texture": "#0"}
			},
			"type": "cube"
		},
		{
			"name": "Cube",
			"from": [-0.5, 7, 3],
			"to": [16.5, 8, 4],
			"faces": {
				"north": {"uv": [1, 7, 2, 8], "texture": "#0"},
				"east": {"uv": [1, 5, 2, 6], "texture": "#0"},
				"south": {"uv": [1, 5, 2, 6], "texture": "#0"},
				"west": {"uv": [1, 4, 2, 5], "texture": "#0"},
				"up": {"uv": [1, 5, 2, 6], "texture": "#0"},
				"down": {"uv": [1, 6, 2, 7], "texture": "#0"}
			},
			"type": "cube"
		},
		{
			"name": "Cube",
			"from": [-0.5, 6, 1],
			"to": [16.5, 7, 2],
			"faces": {
				"north": {"uv": [1, 7, 2, 8], "texture": "#0"},
				"east": {"uv": [1, 5, 2, 6], "texture": "#0"},
				"south": {"uv": [1, 5, 2, 6], "texture": "#0"},
				"west": {"uv": [1, 4, 2, 5], "texture": "#0"},
				"up": {"uv": [1, 5, 2, 6], "texture": "#0"},
				"down": {"uv": [1, 6, 2, 7], "texture": "#0"}
			},
			"type": "cube"
		},
		{
			"name": "Cube",
			"from": [-0.5, 6, 3],
			"to": [16.5, 7, 4],
			"faces": {
				"north": {"uv": [1, 7, 2, 8], "texture": "#0"},
				"east": {"uv": [1, 5, 2, 6], "texture": "#0"},
				"south": {"uv": [1, 5, 2, 6], "texture": "#0"},
				"west": {"uv": [1, 4, 2, 5], "texture": "#0"},
				"up": {"uv": [1, 5, 2, 6], "texture": "#0"},
				"down": {"uv": [1, 6, 2, 7], "texture": "#0"}
			},
			"type": "cube"
		},
		{
			"name": "Cube",
			"from": [-0.5, 5, 3],
			"to": [16.5, 6, 4],
			"faces": {
				"north": {"uv": [1, 7, 2, 8], "texture": "#0"},
				"east": {"uv": [1, 5, 2, 6], "texture": "#0"},
				"south": {"uv": [1, 5, 2, 6], "texture": "#0"},
				"west": {"uv": [1, 4, 2, 5], "texture": "#0"},
				"up": {"uv": [1, 5, 2, 6], "texture": "#0"},
				"down": {"uv": [1, 6, 2, 7], "texture": "#0"}
			},
			"type": "cube"
		},
		{
			"name": "Cube",
			"from": [-0.5, 4, 4],
			"to": [16.5, 5, 5],
			"faces": {
				"north": {"uv": [1, 7, 2, 8], "texture": "#0"},
				"east": {"uv": [1, 5, 2, 6], "texture": "#0"},
				"south": {"uv": [1, 5, 2, 6], "texture": "#0"},
				"west": {"uv": [1, 4, 2, 5], "texture": "#0"},
				"up": {"uv": [1, 5, 2, 6], "texture": "#0"},
				"down": {"uv": [1, 6, 2, 7], "texture": "#0"}
			},
			"type": "cube"
		},
		{
			"name": "Cube",
			"from": [-0.5, 3, 5],
			"to": [16.5, 4, 6],
			"faces": {
				"north": {"uv": [1, 7, 2, 8], "texture": "#0"},
				"east": {"uv": [1, 5, 2, 6], "texture": "#0"},
				"south": {"uv": [1, 5, 2, 6], "texture": "#0"},
				"west": {"uv": [1, 4, 2, 5], "texture": "#0"},
				"up": {"uv": [1, 5, 2, 6], "texture": "#0"},
				"down": {"uv": [1, 6, 2, 7], "texture": "#0"}
			},
			"type": "cube"
		},
		{
			"name": "Cube",
			"from": [-0.5, 3, 10],
			"to": [16.5, 4, 11],
			"faces": {
				"north": {"uv": [1, 7, 2, 8], "texture": "#0"},
				"east": {"uv": [1, 5, 2, 6], "texture": "#0"},
				"south": {"uv": [1, 5, 2, 6], "texture": "#0"},
				"west": {"uv": [1, 4, 2, 5], "texture": "#0"},
				"up": {"uv": [1, 5, 2, 6], "texture": "#0"},
				"down": {"uv": [1, 6, 2, 7], "texture": "#0"}
			},
			"type": "cube"
		},
		{
			"name": "Cube",
			"from": [-0.5, 4, 11],
			"to": [16.5, 5, 12],
			"faces": {
				"north": {"uv": [1, 7, 2, 8], "texture": "#0"},
				"east": {"uv": [1, 5, 2, 6], "texture": "#0"},
				"south": {"uv": [1, 5, 2, 6], "texture": "#0"},
				"west": {"uv": [1, 4, 2, 5], "texture": "#0"},
				"up": {"uv": [1, 5, 2, 6], "texture": "#0"},
				"down": {"uv": [1, 6, 2, 7], "texture": "#0"}
			},
			"type": "cube"
		},
		{
			"name": "Cube",
			"from": [-0.5, 5, 12],
			"to": [16.5, 6, 13],
			"faces": {
				"north": {"uv": [1, 7, 2, 8], "texture": "#0"},
				"east": {"uv": [1, 5, 2, 6], "texture": "#0"},
				"south": {"uv": [1, 5, 2, 6], "texture": "#0"},
				"west": {"uv": [1, 4, 2, 5], "texture": "#0"},
				"up": {"uv": [1, 5, 2, 6], "texture": "#0"},
				"down": {"uv": [1, 6, 2, 7], "texture": "#0"}
			},
			"type": "cube"
		},
		{
			"name": "Cube",
			"from": [-0.5, 6, 12],
			"to": [16.5, 7, 13],
			"faces": {
				"north": {"uv": [1, 7, 2, 8], "texture": "#0"},
				"east": {"uv": [1, 5, 2, 6], "texture": "#0"},
				"south": {"uv": [1, 5, 2, 6], "texture": "#0"},
				"west": {"uv": [1, 4, 2, 5], "texture": "#0"},
				"up": {"uv": [1, 5, 2, 6], "texture": "#0"},
				"down": {"uv": [1, 6, 2, 7], "texture": "#0"}
			},
			"type": "cube"
		},
		{
			"name": "Cube",
			"from": [-0.5, 7, 12],
			"to": [16.5, 8, 13],
			"faces": {
				"north": {"uv": [1, 7, 2, 8], "texture": "#0"},
				"east": {"uv": [1, 5, 2, 6], "texture": "#0"},
				"south": {"uv": [1, 5, 2, 6], "texture": "#0"},
				"west": {"uv": [1, 4, 2, 5], "texture": "#0"},
				"up": {"uv": [1, 5, 2, 6], "texture": "#0"},
				"down": {"uv": [1, 6, 2, 7], "texture": "#0"}
			},
			"type": "cube"
		},
		{
			"name": "Cube",
			"from": [-0.5, 8, 12],
			"to": [16.5, 9, 13],
			"faces": {
				"north": {"uv": [1, 7, 2, 8], "texture": "#0"},
				"east": {"uv": [1, 5, 2, 6], "texture": "#0"},
				"south": {"uv": [1, 5, 2, 6], "texture": "#0"},
				"west": {"uv": [1, 4, 2, 5], "texture": "#0"},
				"up": {"uv": [1, 5, 2, 6], "texture": "#0"},
				"down": {"uv": [1, 6, 2, 7], "texture": "#0"}
			},
			"type": "cube"
		},
		{
			"name": "Cube",
			"from": [-0.5, 9, 12],
			"to": [16.5, 10, 13],
			"faces": {
				"north": {"uv": [1, 7, 2, 8], "texture": "#0"},
				"east": {"uv": [1, 5, 2, 6], "texture": "#0"},
				"south": {"uv": [1, 5, 2, 6], "texture": "#0"},
				"west": {"uv": [1, 4, 2, 5], "texture": "#0"},
				"up": {"uv": [1, 5, 2, 6], "texture": "#0"},
				"down": {"uv": [1, 6, 2, 7], "texture": "#0"}
			},
			"type": "cube"
		},
		{
			"name": "Cube",
			"from": [-0.5, 10, 12],
			"to": [16.5, 11, 13],
			"faces": {
				"north": {"uv": [1, 7, 2, 8], "texture": "#0"},
				"east": {"uv": [1, 5, 2, 6], "texture": "#0"},
				"south": {"uv": [1, 5, 2, 6], "texture": "#0"},
				"west": {"uv": [1, 4, 2, 5], "texture": "#0"},
				"up": {"uv": [1, 5, 2, 6], "texture": "#0"},
				"down": {"uv": [1, 6, 2, 7], "texture": "#0"}
			},
			"type": "cube"
		}
	],
	"display": {
		"thirdperson_righthand": {
			"scale": [0.375, 0.375, 0.375],
			"rotation": [75, 45, 0],
			"translation": [0, 2.5, 0]
		},
		"thirdperson_lefthand": {
			"scale": [0.375, 0.375, 0.375],
			"rotation": [75, 45, 0],
			"translation": [0, 2.5, 0]
		},
		"firstperson_righthand": {
			"scale": [0.4, 0.4, 0.4],
			"rotation": [0, 45, 0],
			"translation": [0, 0, 0]
		},
		"firstperson_lefthand": {
			"scale": [0.4, 0.4, 0.4],
			"rotation": [0, 225, 0],
			"translation": [0, 0, 0]
		},
		"ground": {
			"scale": [0.25, 0.25, 0.25],
			"rotation": [0, 0, 0],
			"translation": [0, 3, 0]
		},
		"fixed": {
			"scale": [0.5, 0.5, 0.5],
			"rotation": [0, 0, 0],
			"translation": [0, 0, 0]
		},
		"gui": {
			"scale": [0.625, 0.625, 0.625],
			"rotation": [30, 225, 0],
			"translation": [0, 0, 0]
		}
	}
}