{
	"credit": "Made with Blockbench",
	"textures": {
		"3": "blocks/siren_light",
		"4": "blocks/concrete_silver",
		"5": "blocks/concrete_black",
		"7": "blocks/concrete_gray",
		"particle": "blocks/siren_light"
	},
	"elements": [
		{
			"from": [3.2975, 9.4875, 3.2975],
			"to": [12.8675, 11.42625, 12.8675],
			"rotation": {"angle": 0, "axis": "y", "origin": [8, 0.825, 8]},
			"faces": {
				"north": {"uv": [0, 0, 16, 16], "texture": "#5"},
				"east": {"uv": [0, 0, 16, 16], "texture": "#5"},
				"south": {"uv": [0, 0, 16, 16], "texture": "#5"},
				"west": {"uv": [0, 0, 16, 16], "texture": "#5"},
				"up": {"uv": [0, 0, 16, 16], "texture": "#5"},
				"down": {"uv": [0, 0, 16, 16], "texture": "#5"}
			}
		},
		{
			"from": [2.72, 9.9, 2.72],
			"to": [13.28, 10.93125, 13.28],
			"rotation": {"angle": 0, "axis": "y", "origin": [8, 0.825, 8]},
			"faces": {
				"north": {"uv": [0, 0, 16, 16], "texture": "#5"},
				"east": {"uv": [0, 0, 16, 16], "texture": "#5"},
				"south": {"uv": [0, 0, 16, 16], "texture": "#5"},
				"west": {"uv": [0, 0, 16, 16], "texture": "#5"},
				"up": {"uv": [0, 0, 16, 16], "texture": "#5"},
				"down": {"uv": [0, 0, 16, 16], "texture": "#5"}
			}
		},
		{
			"from": [2.72, 5.775, 2.72],
			"to": [13.28, 6.80625, 13.28],
			"rotation": {"angle": 0, "axis": "y", "origin": [8, 0.825, 8]},
			"faces": {
				"north": {"uv": [0, 0, 16, 16], "texture": "#5"},
				"east": {"uv": [0, 0, 16, 16], "texture": "#5"},
				"south": {"uv": [0, 0, 16, 16], "texture": "#5"},
				"west": {"uv": [0, 0, 16, 16], "texture": "#5"},
				"up": {"uv": [0, 0, 16, 16], "texture": "#5"},
				"down": {"uv": [0, 0, 16, 16], "texture": "#5"}
			}
		},
		{
			"from": [3.2975, 5.3625, 3.2975],
			"to": [12.8675, 7.30125, 12.8675],
			"rotation": {"angle": 0, "axis": "y", "origin": [8, 0.825, 8]},
			"faces": {
				"north": {"uv": [0, 0, 16, 16], "texture": "#5"},
				"east": {"uv": [0, 0, 16, 16], "texture": "#5"},
				"south": {"uv": [0, 0, 16, 16], "texture": "#5"},
				"west": {"uv": [0, 0, 16, 16], "texture": "#5"},
				"up": {"uv": [0, 0, 16, 16], "texture": "#5"},
				"down": {"uv": [0, 0, 16, 16], "texture": "#5"}
			}
		},
		{
			"from": [4.1225, 13.65375, 4.1225],
			"to": [12.0425, 16.17, 12.0425],
			"rotation": {"angle": 0, "axis": "y", "origin": [8, 0.825, 8]},
			"faces": {
				"north": {"uv": [0, 0, 16, 16], "texture": "#5"},
				"east": {"uv": [0, 0, 16, 16], "texture": "#5"},
				"south": {"uv": [0, 0, 16, 16], "texture": "#5"},
				"west": {"uv": [0, 0, 16, 16], "texture": "#5"},
				"up": {"uv": [0, 0, 16, 16], "texture": "#5"},
				"down": {"uv": [0, 0, 16, 16], "texture": "#5"}
			}
		},
		{
			"from": [4.1225, 9.11625, 4.1225],
			"to": [12.0425, 11.83875, 12.0425],
			"rotation": {"angle": 0, "axis": "y", "origin": [8, 0.825, 8]},
			"faces": {
				"north": {"uv": [0, 0, 16, 16], "texture": "#5"},
				"east": {"uv": [0, 0, 16, 16], "texture": "#5"},
				"south": {"uv": [0, 0, 16, 16], "texture": "#5"},
				"west": {"uv": [0, 0, 16, 16], "texture": "#5"},
				"up": {"uv": [0, 0, 16, 16], "texture": "#5"},
				"down": {"uv": [0, 0, 16, 16], "texture": "#5"}
			}
		},
		{
			"from": [4.1225, 4.99125, 4.1225],
			"to": [12.0425, 7.71375, 12.0425],
			"rotation": {"angle": 0, "axis": "y", "origin": [8, 0.825, 8]},
			"faces": {
				"north": {"uv": [0, 0, 16, 16], "texture": "#5"},
				"east": {"uv": [0, 0, 16, 16], "texture": "#5"},
				"south": {"uv": [0, 0, 16, 16], "texture": "#5"},
				"west": {"uv": [0, 0, 16, 16], "texture": "#5"},
				"up": {"uv": [0, 0, 16, 16], "texture": "#5"},
				"down": {"uv": [0, 0, 16, 16], "texture": "#5"}
			}
		},
		{
			"from": [3.05, 0, 6.35],
			"to": [6.35, 1.65, 9.65],
			"rotation": {"angle": 0, "axis": "y", "origin": [8, 0.825, 8]},
			"faces": {
				"north": {"uv": [0, 0, 16, 16], "texture": "#4"},
				"east": {"uv": [0, 0, 16, 16], "texture": "#4"},
				"south": {"uv": [0, 0, 16, 16], "texture": "#4"},
				"west": {"uv": [0, 0, 16, 16], "texture": "#4"},
				"up": {"uv": [0, 0, 16, 16], "texture": "#4"},
				"down": {"uv": [0, 0, 16, 16], "texture": "#4"}
			}
		},
		{
			"from": [3.2975, 14.025, 3.2975],
			"to": [12.8675, 15.96375, 12.8675],
			"rotation": {"angle": 0, "axis": "y", "origin": [8, 0.825, 8]},
			"faces": {
				"north": {"uv": [0, 0, 16, 16], "texture": "#5"},
				"east": {"uv": [0, 0, 16, 16], "texture": "#5"},
				"south": {"uv": [0, 0, 16, 16], "texture": "#5"},
				"west": {"uv": [0, 0, 16, 16], "texture": "#5"},
				"up": {"uv": [0, 0, 16, 16], "texture": "#5"},
				"down": {"uv": [0, 0, 16, 16], "texture": "#5"}
			}
		},
		{
			"from": [2.72, 14.4375, 2.72],
			"to": [13.28, 15.46875, 13.28],
			"rotation": {"angle": 0, "axis": "y", "origin": [8, 0.825, 8]},
			"faces": {
				"north": {"uv": [0, 0, 16, 16], "texture": "#5"},
				"east": {"uv": [0, 0, 16, 16], "texture": "#5"},
				"south": {"uv": [0, 0, 16, 16], "texture": "#5"},
				"west": {"uv": [0, 0, 16, 16], "texture": "#5"},
				"up": {"uv": [0, 0, 16, 16], "texture": "#5"},
				"down": {"uv": [0, 0, 16, 16], "texture": "#5"}
			}
		},
		{
			"from": [2.885, 1.19625, 7.67],
			"to": [3.7925, 16.12875, 8.495],
			"rotation": {"angle": 0, "axis": "y", "origin": [8, 0.825, 8]},
			"faces": {
				"north": {"uv": [0, 0, 16, 16], "texture": "#5"},
				"east": {"uv": [0, 0, 16, 16], "texture": "#5"},
				"south": {"uv": [0, 0, 16, 16], "texture": "#5"},
				"west": {"uv": [0, 0, 16, 16], "texture": "#5"},
				"up": {"uv": [0, 0, 16, 16], "texture": "#5"},
				"down": {"uv": [0, 0, 16, 16], "texture": "#5"}
			}
		},
		{
			"from": [7.67, 1.19625, 12.2075],
			"to": [8.495, 16.12875, 13.115],
			"rotation": {"angle": 0, "axis": "y", "origin": [8, 0.825, 8]},
			"faces": {
				"north": {"uv": [0, 0, 16, 16], "texture": "#5"},
				"east": {"uv": [0, 0, 16, 16], "texture": "#5"},
				"south": {"uv": [0, 0, 16, 16], "texture": "#5"},
				"west": {"uv": [0, 0, 16, 16], "texture": "#5"},
				"up": {"uv": [0, 0, 16, 16], "rotation": 270, "texture": "#5"},
				"down": {"uv": [0, 0, 16, 16], "rotation": 90, "texture": "#5"}
			}
		},
		{
			"from": [12.2075, 1.19625, 7.505],
			"to": [13.115, 16.12875, 8.33],
			"rotation": {"angle": 0, "axis": "y", "origin": [8, 0.825, 8]},
			"faces": {
				"north": {"uv": [0, 0, 16, 16], "texture": "#5"},
				"east": {"uv": [0, 0, 16, 16], "texture": "#5"},
				"south": {"uv": [0, 0, 16, 16], "texture": "#5"},
				"west": {"uv": [0, 0, 16, 16], "texture": "#5"},
				"up": {"uv": [0, 0, 16, 16], "rotation": 180, "texture": "#5"},
				"down": {"uv": [0, 0, 16, 16], "rotation": 180, "texture": "#5"}
			}
		},
		{
			"from": [7.505, 1.19625, 2.885],
			"to": [8.33, 16.12875, 3.7925],
			"rotation": {"angle": 0, "axis": "y", "origin": [8, 0.825, 8]},
			"faces": {
				"north": {"uv": [0, 0, 16, 16], "texture": "#5"},
				"east": {"uv": [0, 0, 16, 16], "texture": "#5"},
				"south": {"uv": [0, 0, 16, 16], "texture": "#5"},
				"west": {"uv": [0, 0, 16, 16], "texture": "#5"},
				"up": {"uv": [0, 0, 16, 16], "rotation": 90, "texture": "#5"},
				"down": {"uv": [0, 0, 16, 16], "rotation": 270, "texture": "#5"}
			}
		},
		{
			"from": [12.62, 0.495, 7.505],
			"to": [14.64125, 1.4025, 8.33],
			"rotation": {"angle": 0, "axis": "y", "origin": [8, 0.825, 8]},
			"faces": {
				"north": {"uv": [0, 0, 16, 16], "texture": "#7"},
				"east": {"uv": [0, 0, 16, 16], "texture": "#7"},
				"south": {"uv": [0, 0, 16, 16], "texture": "#7"},
				"west": {"uv": [0, 0, 16, 16], "texture": "#7"},
				"up": {"uv": [0, 0, 16, 16], "rotation": 180, "texture": "#7"},
				"down": {"uv": [0, 0, 16, 16], "rotation": 180, "texture": "#7"}
			}
		},
		{
			"from": [7.505, 0.495, 1.35875],
			"to": [8.33, 1.4025, 3.38],
			"rotation": {"angle": 0, "axis": "y", "origin": [8, 0.825, 8]},
			"faces": {
				"north": {"uv": [0, 0, 16, 16], "texture": "#7"},
				"east": {"uv": [0, 0, 16, 16], "texture": "#7"},
				"south": {"uv": [0, 0, 16, 16], "texture": "#7"},
				"west": {"uv": [0, 0, 16, 16], "texture": "#7"},
				"up": {"uv": [0, 0, 16, 16], "rotation": 90, "texture": "#7"},
				"down": {"uv": [0, 0, 16, 16], "rotation": 270, "texture": "#7"}
			}
		},
		{
			"from": [6.88625, 0.33, 0.94625],
			"to": [8.94875, 1.5675, 1.73],
			"rotation": {"angle": 0, "axis": "y", "origin": [8, 0.825, 8]},
			"faces": {
				"north": {"uv": [0, 0, 16, 16], "texture": "#3"},
				"east": {"uv": [0, 0, 16, 16], "texture": "#3"},
				"south": {"uv": [0, 0, 16, 16], "texture": "#7"},
				"west": {"uv": [0, 0, 16, 16], "texture": "#3"},
				"up": {"uv": [0, 0, 16, 16], "rotation": 90, "texture": "#3"},
				"down": {"uv": [0, 0, 16, 16], "rotation": 270, "texture": "#3"}
			}
		},
		{
			"from": [0.94625, 0.33, 7.05125],
			"to": [1.73, 1.5675, 9.11375],
			"rotation": {"angle": 0, "axis": "y", "origin": [8, 0.825, 8]},
			"faces": {
				"north": {"uv": [0, 0, 16, 16], "texture": "#3"},
				"east": {"uv": [0, 0, 16, 16], "texture": "#7"},
				"south": {"uv": [0, 0, 16, 16], "texture": "#3"},
				"west": {"uv": [0, 0, 16, 16], "texture": "#3"},
				"up": {"uv": [0, 0, 16, 16], "texture": "#3"},
				"down": {"uv": [0, 0, 16, 16], "texture": "#3"}
			}
		},
		{
			"from": [7.05125, 0.33, 14.27],
			"to": [9.11375, 1.5675, 15.05375],
			"rotation": {"angle": 0, "axis": "y", "origin": [8, 0.825, 8]},
			"faces": {
				"north": {"uv": [0, 0, 16, 16], "texture": "#7"},
				"east": {"uv": [0, 0, 16, 16], "texture": "#3"},
				"south": {"uv": [0, 0, 16, 16], "texture": "#3"},
				"west": {"uv": [0, 0, 16, 16], "texture": "#3"},
				"up": {"uv": [0, 0, 16, 16], "rotation": 270, "texture": "#3"},
				"down": {"uv": [0, 0, 16, 16], "rotation": 90, "texture": "#3"}
			}
		},
		{
			"from": [14.27, 0.33, 6.88625],
			"to": [15.05375, 1.5675, 8.94875],
			"rotation": {"angle": 0, "axis": "y", "origin": [8, 0.825, 8]},
			"faces": {
				"north": {"uv": [0, 0, 16, 16], "texture": "#3"},
				"east": {"uv": [0, 0, 16, 16], "texture": "#3"},
				"south": {"uv": [0, 0, 16, 16], "texture": "#3"},
				"west": {"uv": [0, 0, 16, 16], "texture": "#7"},
				"up": {"uv": [0, 0, 16, 16], "rotation": 180, "texture": "#3"},
				"down": {"uv": [0, 0, 16, 16], "rotation": 180, "texture": "#3"}
			}
		},
		{
			"from": [1.35875, 0.495, 7.67],
			"to": [3.38, 1.4025, 8.495],
			"rotation": {"angle": 0, "axis": "y", "origin": [8, 0.825, 8]},
			"faces": {
				"north": {"uv": [0, 0, 16, 16], "texture": "#7"},
				"east": {"uv": [0, 0, 16, 16], "texture": "#7"},
				"south": {"uv": [0, 0, 16, 16], "texture": "#7"},
				"west": {"uv": [0, 0, 16, 16], "texture": "#7"},
				"up": {"uv": [0, 0, 16, 16], "texture": "#7"},
				"down": {"uv": [0, 0, 16, 16], "texture": "#7"}
			}
		},
		{
			"from": [7.67, 0.495, 12.62],
			"to": [8.495, 1.4025, 14.64125],
			"rotation": {"angle": 0, "axis": "y", "origin": [8, 0.825, 8]},
			"faces": {
				"north": {"uv": [0, 0, 16, 16], "texture": "#7"},
				"east": {"uv": [0, 0, 16, 16], "texture": "#7"},
				"south": {"uv": [0, 0, 16, 16], "texture": "#7"},
				"west": {"uv": [0, 0, 16, 16], "texture": "#7"},
				"up": {"uv": [0, 0, 16, 16], "rotation": 270, "texture": "#7"},
				"down": {"uv": [0, 0, 16, 16], "rotation": 90, "texture": "#7"}
			}
		},
		{
			"from": [7.01, 2.84625, 7.01],
			"to": [9.155, 3.795, 9.155],
			"rotation": {"angle": 0, "axis": "y", "origin": [8, 0.825, 8]},
			"faces": {
				"north": {"uv": [0, 0, 16, 16], "texture": "#7"},
				"east": {"uv": [0, 0, 16, 16], "texture": "#7"},
				"south": {"uv": [0, 0, 16, 16], "texture": "#7"},
				"west": {"uv": [0, 0, 16, 16], "texture": "#7"},
				"up": {"uv": [0, 0, 16, 16], "texture": "#7"},
				"down": {"uv": [0, 0, 16, 16], "texture": "#7"}
			}
		},
		{
			"from": [6.5975, 3.75375, 6.5975],
			"to": [9.5675, 5.07375, 9.5675],
			"rotation": {"angle": 0, "axis": "y", "origin": [8, 0.825, 8]},
			"faces": {
				"north": {"uv": [0, 0, 16, 16], "texture": "#7"},
				"east": {"uv": [0, 0, 16, 16], "texture": "#7"},
				"south": {"uv": [0, 0, 16, 16], "texture": "#7"},
				"west": {"uv": [0, 0, 16, 16], "texture": "#7"},
				"up": {"uv": [0, 0, 16, 16], "texture": "#7"},
				"down": {"uv": [0, 0, 16, 16], "texture": "#7"}
			}
		},
		{
			"from": [6.185, 4.5375, 6.185],
			"to": [9.98, 5.445, 9.98],
			"rotation": {"angle": 0, "axis": "y", "origin": [8, 0.825, 8]},
			"faces": {
				"north": {"uv": [0, 0, 16, 16], "texture": "#7"},
				"east": {"uv": [0, 0, 16, 16], "texture": "#7"},
				"south": {"uv": [0, 0, 16, 16], "texture": "#7"},
				"west": {"uv": [0, 0, 16, 16], "texture": "#7"},
				"up": {"uv": [0, 0, 16, 16], "texture": "#7"},
				"down": {"uv": [0, 0, 16, 16], "texture": "#7"}
			}
		},
		{
			"from": [7.01, 7.38375, 7.01],
			"to": [9.155, 8.3325, 9.155],
			"rotation": {"angle": 0, "axis": "y", "origin": [8, 0.825, 8]},
			"faces": {
				"north": {"uv": [0, 0, 16, 16], "texture": "#7"},
				"east": {"uv": [0, 0, 16, 16], "texture": "#7"},
				"south": {"uv": [0, 0, 16, 16], "texture": "#7"},
				"west": {"uv": [0, 0, 16, 16], "texture": "#7"},
				"up": {"uv": [0, 0, 16, 16], "texture": "#7"},
				"down": {"uv": [0, 0, 16, 16], "texture": "#7"}
			}
		},
		{
			"from": [6.5975, 8.29125, 6.5975],
			"to": [9.5675, 9.61125, 9.5675],
			"rotation": {"angle": 0, "axis": "y", "origin": [8, 0.825, 8]},
			"faces": {
				"north": {"uv": [0, 0, 16, 16], "texture": "#7"},
				"east": {"uv": [0, 0, 16, 16], "texture": "#7"},
				"south": {"uv": [0, 0, 16, 16], "texture": "#7"},
				"west": {"uv": [0, 0, 16, 16], "texture": "#7"},
				"up": {"uv": [0, 0, 16, 16], "texture": "#7"},
				"down": {"uv": [0, 0, 16, 16], "texture": "#7"}
			}
		},
		{
			"from": [6.185, 9.075, 6.185],
			"to": [9.98, 9.9825, 9.98],
			"rotation": {"angle": 0, "axis": "y", "origin": [8, 0.825, 8]},
			"faces": {
				"north": {"uv": [0, 0, 16, 16], "texture": "#7"},
				"east": {"uv": [0, 0, 16, 16], "texture": "#7"},
				"south": {"uv": [0, 0, 16, 16], "texture": "#7"},
				"west": {"uv": [0, 0, 16, 16], "texture": "#7"},
				"up": {"uv": [0, 0, 16, 16], "texture": "#7"},
				"down": {"uv": [0, 0, 16, 16], "texture": "#7"}
			}
		},
		{
			"from": [6.5975, 12.41625, 6.5975],
			"to": [9.5675, 13.73625, 9.5675],
			"rotation": {"angle": 0, "axis": "y", "origin": [8, 0.825, 8]},
			"faces": {
				"north": {"uv": [0, 0, 16, 16], "texture": "#7"},
				"east": {"uv": [0, 0, 16, 16], "texture": "#7"},
				"south": {"uv": [0, 0, 16, 16], "texture": "#7"},
				"west": {"uv": [0, 0, 16, 16], "texture": "#7"},
				"up": {"uv": [0, 0, 16, 16], "texture": "#7"},
				"down": {"uv": [0, 0, 16, 16], "texture": "#7"}
			}
		},
		{
			"from": [6.185, 13.2, 6.185],
			"to": [9.98, 14.1075, 9.98],
			"rotation": {"angle": 0, "axis": "y", "origin": [8, 0.825, 8]},
			"faces": {
				"north": {"uv": [0, 0, 16, 16], "texture": "#7"},
				"east": {"uv": [0, 0, 16, 16], "texture": "#7"},
				"south": {"uv": [0, 0, 16, 16], "texture": "#7"},
				"west": {"uv": [0, 0, 16, 16], "texture": "#7"},
				"up": {"uv": [0, 0, 16, 16], "texture": "#7"},
				"down": {"uv": [0, 0, 16, 16], "texture": "#7"}
			}
		},
		{
			"from": [7.01, 11.50875, 7.01],
			"to": [9.155, 12.4575, 9.155],
			"rotation": {"angle": 0, "axis": "y", "origin": [8, 0.825, 8]},
			"faces": {
				"north": {"uv": [0, 0, 16, 16], "texture": "#7"},
				"east": {"uv": [0, 0, 16, 16], "texture": "#7"},
				"south": {"uv": [0, 0, 16, 16], "texture": "#7"},
				"west": {"uv": [0, 0, 16, 16], "texture": "#7"},
				"up": {"uv": [0, 0, 16, 16], "texture": "#7"},
				"down": {"uv": [0, 0, 16, 16], "texture": "#7"}
			}
		},
		{
			"from": [3.2975, 2.43375, 3.2975],
			"to": [12.8675, 2.92875, 12.8675],
			"rotation": {"angle": 0, "axis": "y", "origin": [8, 0.825, 8]},
			"faces": {
				"north": {"uv": [0, 0, 16, 16], "texture": "#5"},
				"east": {"uv": [0, 0, 16, 16], "texture": "#5"},
				"south": {"uv": [0, 0, 16, 16], "texture": "#5"},
				"west": {"uv": [0, 0, 16, 16], "texture": "#5"},
				"up": {"uv": [0, 0, 16, 16], "texture": "#5"},
				"down": {"uv": [0, 0, 16, 16], "texture": "#5"}
			}
		},
		{
			"from": [4.1225, 2.76375, 4.1225],
			"to": [12.0425, 3.465, 12.0425],
			"rotation": {"angle": 0, "axis": "y", "origin": [8, 0.825, 8]},
			"faces": {
				"north": {"uv": [0, 0, 16, 16], "texture": "#5"},
				"east": {"uv": [0, 0, 16, 16], "texture": "#5"},
				"south": {"uv": [0, 0, 16, 16], "texture": "#5"},
				"west": {"uv": [0, 0, 16, 16], "texture": "#5"},
				"up": {"uv": [0, 0, 16, 16], "texture": "#5"},
				"down": {"uv": [0, 0, 16, 16], "texture": "#5"}
			}
		},
		{
			"from": [2.72, 1.4025, 2.72],
			"to": [13.28, 2.43375, 13.28],
			"rotation": {"angle": 0, "axis": "y", "origin": [8, 0.825, 8]},
			"faces": {
				"north": {"uv": [0, 0, 16, 16], "texture": "#5"},
				"east": {"uv": [0, 0, 16, 16], "texture": "#5"},
				"south": {"uv": [0, 0, 16, 16], "texture": "#5"},
				"west": {"uv": [0, 0, 16, 16], "texture": "#5"},
				"up": {"uv": [0, 0, 16, 16], "texture": "#5"},
				"down": {"uv": [0, 0, 16, 16], "texture": "#5"}
			}
		},
		{
			"from": [3.09125, 0.165, 3.1325],
			"to": [12.90875, 1.60875, 12.8675],
			"rotation": {"angle": 0, "axis": "y", "origin": [8, 0.825, 8]},
			"faces": {
				"north": {"uv": [0, 0, 16, 16], "texture": "#4"},
				"east": {"uv": [0, 0, 16, 16], "texture": "#4"},
				"south": {"uv": [0, 0, 16, 16], "texture": "#4"},
				"west": {"uv": [0, 0, 16, 16], "texture": "#4"},
				"up": {"uv": [0, 0, 16, 16], "texture": "#4"},
				"down": {"uv": [0, 0, 16, 16], "texture": "#4"}
			}
		},
		{
			"from": [6.35, 0, 3.05],
			"to": [9.65, 1.65, 12.95],
			"rotation": {"angle": 0, "axis": "y", "origin": [8, 0.825, 8]},
			"faces": {
				"north": {"uv": [0, 0, 16, 16], "texture": "#4"},
				"east": {"uv": [0, 0, 16, 16], "texture": "#4"},
				"south": {"uv": [0, 0, 16, 16], "texture": "#4"},
				"west": {"uv": [0, 0, 16, 16], "texture": "#4"},
				"up": {"uv": [0, 0, 16, 16], "texture": "#4"},
				"down": {"uv": [0, 0, 16, 16], "texture": "#4"}
			}
		},
		{
			"from": [9.65, 0, 6.35],
			"to": [12.95, 1.65, 9.65],
			"rotation": {"angle": 0, "axis": "y", "origin": [8, 0.825, 8]},
			"faces": {
				"north": {"uv": [0, 0, 16, 16], "texture": "#4"},
				"east": {"uv": [0, 0, 16, 16], "texture": "#4"},
				"south": {"uv": [0, 0, 16, 16], "texture": "#4"},
				"west": {"uv": [0, 0, 16, 16], "texture": "#4"},
				"up": {"uv": [0, 0, 16, 16], "texture": "#4"},
				"down": {"uv": [0, 0, 16, 16], "texture": "#4"}
			}
		}
	],
	"display": {
		"thirdperson_righthand": {
			"rotation": [0, 45, 0],
			"translation": [0, 1, 0],
			"scale": [0.4, 0.4, 0.4]
		},
		"thirdperson_lefthand": {
			"rotation": [0, 45, 0],
			"translation": [0, 1, 0],
			"scale": [0.4, 0.4, 0.4]
		},
		"firstperson_righthand": {
			"rotation": [0, 45, 0],
			"translation": [0, 5, 0],
			"scale": [0.6, 0.6, 0.6]
		},
		"firstperson_lefthand": {
			"rotation": [0, 45, 0],
			"translation": [0, 5, 0],
			"scale": [0.6, 0.6, 0.6]
		},
		"ground": {
			"translation": [0, 1, 0],
			"scale": [0.5, 0.5, 0.5]
		},
		"gui": {
			"rotation": [30, -135, 0],
			"scale": [0.6, 0.6, 0.6]
		},
		"head": {
			"translation": [0, 13.75, 0]
		}
	},
	"groups": [
		{
			"name": "Driver",
			"origin": [8, 0.5, 8],
			"color": 0,
			"nbt": "{}",
			"children": [
				0,
				1,
				2,
				3,
				4,
				5,
				6,
				7,
				8,
				9,
				{
					"name": "Stilts",
					"origin": [8, 0.5, 8],
					"color": 0,
					"nbt": "{}",
					"children": [
						10,
						11,
						12,
						13,
						{
							"name": "Visual Alert",
							"origin": [8, 0.5, 8],
							"color": 0,
							"nbt": "{}",
							"children": [14, 15, 16, 17, 18, 19, 20, 21]
						}
					]
				}
			]
		},
		{
			"name": "Horn",
			"origin": [8, 0.5, 8],
			"color": 0,
			"nbt": "{}",
			"children": [22, 23, 24, 25, 26, 27, 28, 29, 30]
		},
		{
			"name": "Base",
			"origin": [8, 0.5, 8],
			"color": 0,
			"nbt": "{}",
			"children": [31, 32, 33, 34, 35, 36]
		}
	]
}