{
	"credit": "Made with Blockbench, a free, modern block model editor by JannisX11",
	"ambientocclusion": false,
	"textures": {
		"0": "blocks/wf_side",
		"1": "blocks/wf_top",
		"2": "blocks/wf_bottom",
		"3": "blocks/weather_forecast_pole",
		"particle": "blocks/wf_top"
	},
	"elements": [
		{
			"name": "Cube",
			"from": [0, 0, 0],
			"to": [16, 16, 16],
			"faces": {
				"north": {"uv": [0, 0, 16, 16], "texture": "#0"},
				"east": {"uv": [0, 0, 16, 16], "texture": "#0"},
				"south": {"uv": [0, 0, 16, 16], "texture": "#0"},
				"west": {"uv": [0, 0, 16, 16], "texture": "#0"},
				"up": {"uv": [0, 0, 16, 16], "texture": "#1"},
				"down": {"uv": [0, 0, 16, 16], "texture": "#2"}
			}
		},
		{
			"name": "Cube",
			"from": [13, 16, 2],
			"to": [14, 31, 3],
			"faces": {
				"north": {"uv": [0, 1, 1, 15], "texture": "#0"},
				"east": {"uv": [0, 2, 1, 15], "texture": "#0"},
				"south": {"uv": [0, 1, 1, 14], "texture": "#0"},
				"west": {"uv": [0, 3, 1, 12], "texture": "#0"},
				"up": {"uv": [0, 3, -4, 4], "texture": "#0"},
				"down": {"uv": [2, 2, 3, 3], "texture": "#2"}
			}
		},
		{
			"name": "Cube",
			"from": [13, 31, 2],
			"to": [14, 32, 3],
			"faces": {
				"north": {"uv": [0, 1, 1, 14], "texture": "#3"},
				"east": {"uv": [0, 1, 1, 14], "texture": "#3"},
				"south": {"uv": [0, 1, 1, 14], "texture": "#3"},
				"west": {"uv": [0, 1, 1, 14], "texture": "#3"},
				"up": {"uv": [3, 0, 4, 1], "texture": "#3"},
				"down": {"uv": [4, 2, 5, 3], "texture": "#3"}
			}
		}
	],
	"display": {
		"thirdperson_righthand": {
			"rotation": [75, 45, 0],
			"translation": [0, 2.5, 0],
			"scale": [0.375, 0.375, 0.375]
		},
		"thirdperson_lefthand": {
			"rotation": [75, 45, 0],
			"translation": [0, 2.5, 0],
			"scale": [0.375, 0.375, 0.375]
		},
		"firstperson_righthand": {
			"rotation": [0, 45, 0],
			"scale": [0.4, 0.4, 0.4]
		},
		"firstperson_lefthand": {
			"rotation": [0, 225, 0],
			"scale": [0.4, 0.4, 0.4]
		},
		"ground": {
			"translation": [0, 3, 0],
			"scale": [0.25, 0.25, 0.25]
		},
		"gui": {
			"rotation": [30, -135, 0],
			"scale": [0.625, 0.625, 0.625]
		},
		"fixed": {
			"scale": [0.5, 0.5, 0.5]
		}
	}
}