{
	"credit": "Made with Blockbench",
	"parent": "block/cube_all",
	"textures": {
		"0": "blocks/wf_side_2",
		"1": "blocks/wf_top_2",
		"2": "blocks/wf_bottom_2",
		"3": "blocks/weather_forecast_pole_2",
		"particle": "blocks/wf_top_2"
	},
	"elements": [
		{
			"name": "Cube",
			"from": [0, 0, 0],
			"to": [16, 16, 16],
			"faces": {
				"north": {"uv": [0, 0, 16, 16], "texture": "#0"},
				"east": {"uv": [0, 0, 16, 16], "texture": "#0"},
				"south": {"uv": [0, 0, 16, 16], "texture": "#0"},
				"west": {"uv": [0, 0, 16, 16], "texture": "#0"},
				"up": {"uv": [0, 0, 16, 16], "texture": "#1"},
				"down": {"uv": [0, 0, 16, 16], "texture": "#2"}
			}
		},
		{
			"name": "Cube",
			"from": [13, 16, 2],
			"to": [14, 31, 3],
			"faces": {
				"north": {"uv": [0, 1, 1, 15], "texture": "#2"},
				"east": {"uv": [0, 2, 1, 15], "texture": "#2"},
				"south": {"uv": [0, 1, 1, 14], "texture": "#2"},
				"west": {"uv": [0, 3, 1, 12], "texture": "#2"},
				"up": {"uv": [0, 3, -4, 4], "texture": "#2"},
				"down": {"uv": [2, 2, 3, 3], "texture": "#2"}
			}
		},
		{
			"name": "Cube",
			"from": [13, 31, 2],
			"to": [14, 32, 3],
			"faces": {
				"north": {"uv": [0, 1, 1, 14], "texture": "#3"},
				"east": {"uv": [0, 1, 1, 14], "texture": "#3"},
				"south": {"uv": [0, 1, 1, 14], "texture": "#3"},
				"west": {"uv": [0, 1, 1, 14], "texture": "#3"},
				"up": {"uv": [3, 0, 4, 1], "texture": "#3"},
				"down": {"uv": [4, 2, 5, 3], "texture": "#2"}
			}
		}
	]
}