{
	"credit": "Made with Blockbench",
	"textures": {
		"1": "blocks/anvil_base",
		"2": "blocks/quartz_block_bottom",
		"3": "blocks/siren_light",
		"particle": "blocks/siren_light"
	},
	"elements": [
		{
			"from": [5, 17, 5],
			"to": [11, 18, 11],
			"faces": {
				"north": {"uv": [4, 10, 8, 11], "texture": "#2"},
				"east": {"uv": [0, 10, 4, 11], "texture": "#2"},
				"south": {"uv": [4, 11, 8, 12], "texture": "#2"},
				"west": {"uv": [0, 11, 4, 12], "texture": "#2"},
				"up": {"uv": [0, 12, 4, 16], "texture": "#2"},
				"down": {"uv": [4, 12, 8, 16], "texture": "#2"}
			}
		},
		{
			"from": [4, 16, 4],
			"to": [12, 17, 12],
			"faces": {
				"north": {"uv": [6, 8, 12, 9], "texture": "#2"},
				"east": {"uv": [0, 8, 6, 9], "texture": "#2"},
				"south": {"uv": [6, 9, 12, 10], "texture": "#2"},
				"west": {"uv": [0, 9, 6, 10], "texture": "#2"},
				"up": {"uv": [0, 10, 6, 16], "texture": "#2"},
				"down": {"uv": [6, 10, 12, 16], "texture": "#2"}
			}
		},
		{
			"from": [5, 12, 5],
			"to": [11, 13, 11],
			"faces": {
				"north": {"uv": [4, 10, 8, 11], "texture": "#2"},
				"east": {"uv": [0, 10, 4, 11], "texture": "#2"},
				"south": {"uv": [4, 11, 8, 12], "texture": "#2"},
				"west": {"uv": [0, 11, 4, 12], "texture": "#2"},
				"up": {"uv": [0, 12, 4, 16], "texture": "#2"},
				"down": {"uv": [4, 12, 8, 16], "texture": "#2"}
			}
		},
		{
			"from": [5, 15, 5],
			"to": [11, 16, 11],
			"faces": {
				"north": {"uv": [4, 10, 8, 11], "texture": "#2"},
				"east": {"uv": [0, 10, 4, 11], "texture": "#2"},
				"south": {"uv": [4, 11, 8, 12], "texture": "#2"},
				"west": {"uv": [0, 11, 4, 12], "texture": "#2"},
				"up": {"uv": [0, 12, 4, 16], "texture": "#2"},
				"down": {"uv": [4, 12, 8, 16], "texture": "#2"}
			}
		},
		{
			"from": [4, 11, 4],
			"to": [12, 12, 12],
			"faces": {
				"north": {"uv": [6, 8, 12, 9], "texture": "#2"},
				"east": {"uv": [0, 8, 6, 9], "texture": "#2"},
				"south": {"uv": [6, 9, 12, 10], "texture": "#2"},
				"west": {"uv": [0, 9, 6, 10], "texture": "#2"},
				"up": {"uv": [0, 10, 6, 16], "texture": "#2"},
				"down": {"uv": [6, 10, 12, 16], "texture": "#2"}
			}
		},
		{
			"from": [5, 10, 5],
			"to": [11, 11, 11],
			"faces": {
				"north": {"uv": [6, 8, 10, 9], "texture": "#2"},
				"east": {"uv": [0, 8, 4, 9], "texture": "#2"},
				"south": {"uv": [6, 9, 10, 10], "texture": "#2"},
				"west": {"uv": [0, 9, 4, 10], "texture": "#2"},
				"up": {"uv": [0, 10, 4, 14], "texture": "#2"},
				"down": {"uv": [6, 10, 10, 14], "texture": "#2"}
			}
		},
		{
			"from": [5, 7, 5],
			"to": [11, 8, 11],
			"faces": {
				"north": {"uv": [4, 10, 8, 11], "texture": "#2"},
				"east": {"uv": [0, 10, 4, 11], "texture": "#2"},
				"south": {"uv": [4, 11, 8, 12], "texture": "#2"},
				"west": {"uv": [0, 11, 4, 12], "texture": "#2"},
				"up": {"uv": [0, 12, 4, 16], "texture": "#2"},
				"down": {"uv": [4, 12, 8, 16], "texture": "#2"}
			}
		},
		{
			"from": [4, 6, 4],
			"to": [12, 7, 12],
			"faces": {
				"north": {"uv": [6, 8, 12, 9], "texture": "#2"},
				"east": {"uv": [0, 8, 6, 9], "texture": "#2"},
				"south": {"uv": [6, 9, 12, 10], "texture": "#2"},
				"west": {"uv": [0, 9, 6, 10], "texture": "#2"},
				"up": {"uv": [0, 10, 6, 16], "texture": "#2"},
				"down": {"uv": [6, 10, 12, 16], "texture": "#2"}
			}
		},
		{
			"from": [5, 5, 5],
			"to": [11, 6, 11],
			"faces": {
				"north": {"uv": [4, 10, 8, 11], "texture": "#2"},
				"east": {"uv": [0, 10, 4, 11], "texture": "#2"},
				"south": {"uv": [4, 11, 8, 12], "texture": "#2"},
				"west": {"uv": [0, 11, 4, 12], "texture": "#2"},
				"up": {"uv": [0, 12, 4, 16], "texture": "#2"},
				"down": {"uv": [4, 12, 8, 16], "texture": "#2"}
			}
		},
		{
			"from": [5, 2, 5],
			"to": [11, 3, 11],
			"faces": {
				"north": {"uv": [4, 10, 8, 11], "texture": "#2"},
				"east": {"uv": [0, 10, 4, 11], "texture": "#2"},
				"south": {"uv": [4, 11, 8, 12], "texture": "#2"},
				"west": {"uv": [0, 11, 4, 12], "texture": "#2"},
				"up": {"uv": [0, 12, 4, 16], "texture": "#2"},
				"down": {"uv": [4, 12, 8, 16], "texture": "#2"}
			}
		},
		{
			"from": [4, 1, 4],
			"to": [12, 2, 12],
			"faces": {
				"north": {"uv": [6, 8, 12, 9], "texture": "#2"},
				"east": {"uv": [0, 8, 6, 9], "texture": "#2"},
				"south": {"uv": [6, 9, 12, 10], "texture": "#2"},
				"west": {"uv": [0, 9, 6, 10], "texture": "#2"},
				"up": {"uv": [0, 10, 6, 16], "texture": "#2"},
				"down": {"uv": [6, 10, 12, 16], "texture": "#2"}
			}
		},
		{
			"from": [5, 0, 5],
			"to": [11, 1, 11],
			"faces": {
				"north": {"uv": [4, 10, 8, 11], "texture": "#2"},
				"east": {"uv": [0, 10, 4, 11], "texture": "#2"},
				"south": {"uv": [4, 11, 8, 12], "texture": "#2"},
				"west": {"uv": [0, 11, 4, 12], "texture": "#2"},
				"up": {"uv": [0, 12, 4, 16], "texture": "#2"},
				"down": {"uv": [4, 12, 8, 16], "texture": "#2"}
			}
		},
		{
			"from": [6, 8, 6],
			"to": [10, 9, 10],
			"faces": {
				"north": {"uv": [0, 0, 2, 1], "texture": "#1"},
				"east": {"uv": [2, 0, 4, 1], "texture": "#1"},
				"south": {"uv": [0, 1, 2, 2], "texture": "#1"},
				"west": {"uv": [2, 1, 4, 2], "texture": "#1"},
				"up": {"uv": [0, 2, 2, 4], "texture": "#1"},
				"down": {"uv": [2, 2, 4, 4], "texture": "#1"}
			}
		},
		{
			"from": [6, 13, 6],
			"to": [10, 14, 10],
			"faces": {
				"north": {"uv": [0, 0, 2, 1], "texture": "#1"},
				"east": {"uv": [2, 0, 4, 1], "texture": "#1"},
				"south": {"uv": [0, 1, 2, 2], "texture": "#1"},
				"west": {"uv": [2, 1, 4, 2], "texture": "#1"},
				"up": {"uv": [0, 2, 2, 4], "texture": "#1"},
				"down": {"uv": [2, 2, 4, 4], "texture": "#1"}
			}
		},
		{
			"from": [6, 3, 6],
			"to": [10, 4, 10],
			"faces": {
				"north": {"uv": [0, 0, 2, 1], "texture": "#1"},
				"east": {"uv": [2, 0, 4, 1], "texture": "#1"},
				"south": {"uv": [0, 1, 2, 2], "texture": "#1"},
				"west": {"uv": [2, 1, 4, 2], "texture": "#1"},
				"up": {"uv": [0, 2, 2, 4], "texture": "#1"},
				"down": {"uv": [2, 2, 4, 4], "texture": "#1"}
			}
		},
		{
			"from": [7, 4, 7],
			"to": [9, 5, 9],
			"faces": {
				"north": {"uv": [0, 0, 2, 1], "texture": "#1"},
				"east": {"uv": [2, 0, 4, 1], "texture": "#1"},
				"south": {"uv": [0, 1, 2, 2], "texture": "#1"},
				"west": {"uv": [2, 1, 4, 2], "texture": "#1"},
				"up": {"uv": [0, 2, 2, 4], "texture": "#1"},
				"down": {"uv": [2, 2, 4, 4], "texture": "#1"}
			}
		},
		{
			"from": [7, 9, 7],
			"to": [9, 10, 9],
			"faces": {
				"north": {"uv": [0, 0, 2, 1], "texture": "#1"},
				"east": {"uv": [2, 0, 4, 1], "texture": "#1"},
				"south": {"uv": [0, 1, 2, 2], "texture": "#1"},
				"west": {"uv": [2, 1, 4, 2], "texture": "#1"},
				"up": {"uv": [0, 2, 2, 4], "texture": "#1"},
				"down": {"uv": [2, 2, 4, 4], "texture": "#1"}
			}
		},
		{
			"from": [7, 14, 7],
			"to": [9, 15, 9],
			"faces": {
				"north": {"uv": [0, 0, 2, 1], "texture": "#1"},
				"east": {"uv": [2, 0, 4, 1], "texture": "#1"},
				"south": {"uv": [0, 1, 2, 2], "texture": "#1"},
				"west": {"uv": [2, 1, 4, 2], "texture": "#1"},
				"up": {"uv": [0, 2, 2, 4], "texture": "#1"},
				"down": {"uv": [2, 2, 4, 4], "texture": "#1"}
			}
		},
		{
			"from": [7, 18, 7],
			"to": [9, 19, 9],
			"faces": {
				"north": {"uv": [4, 0, 8, 1], "texture": "#3"},
				"east": {"uv": [0, 0, 4, 1], "texture": "#3"},
				"south": {"uv": [4, 1, 8, 2], "texture": "#3"},
				"west": {"uv": [0, 1, 4, 2], "texture": "#3"},
				"up": {"uv": [0, 2, 4, 6], "texture": "#3"},
				"down": {"uv": [4, 2, 8, 6], "texture": "#3"}
			}
		}
	],
	"groups": [
		{
			"name": "Driver",
			"origin": [0, 0, 0],
			"color": 0,
			"nbt": "{}",
			"armAnimationEnabled": false,
			"children": [0, 1, 2, 3, 4, 5, 6, 7, 8, 9, 10, 11]
		},
		{
			"name": "Horn",
			"origin": [0, 0, 0],
			"color": 0,
			"nbt": "{}",
			"armAnimationEnabled": false,
			"children": [12, 13, 14, 15, 16, 17]
		},
		{
			"name": "Light",
			"origin": [0, 0, 0],
			"color": 0,
			"nbt": "{}",
			"armAnimationEnabled": false,
			"children": [18]
		}
	]
}