{
	"credit": "Made with Blockbench, a free, modern block model editor by JannisX11",
	"ambientocclusion": false,
	"textures": {
		"0": "blocks/anvil_base",
		"1": "blocks/quartz_block_bottom",
		"particle": "blocks/quartz_block_bottom"
	},
	"elements": [
		{
			"name": "Cube",
			"from": [5, 5, 5],
			"to": [11, 5.5, 11],
			"rotation": {"angle": 0, "axis": "y", "origin": [0, -1, 0]},
			"faces": {
				"north": {"uv": [5, 8, 11, 8.5], "texture": "#1"},
				"east": {"uv": [7, 12, 13, 12.5], "texture": "#1"},
				"south": {"uv": [10, 11, 16, 11.5], "texture": "#1"},
				"west": {"uv": [8, 14, 14, 14.5], "texture": "#1"},
				"up": {"uv": [7, 7, 13, 13], "texture": "#1"},
				"down": {"uv": [0, 8, 6, 14], "texture": "#1"}
			}
		},
		{
			"name": "Cube",
			"from": [5.5, 0, 5.5],
			"to": [10.5, 8, 10.5],
			"rotation": {"angle": 0, "axis": "y", "origin": [0, -1, 0]},
			"faces": {
				"north": {"uv": [0, 0, 5, 8], "texture": "#1"},
				"east": {"uv": [11, 8, 16, 16], "texture": "#1"},
				"south": {"uv": [6, 8, 11, 16], "texture": "#1"},
				"west": {"uv": [6, 7, 11, 15], "texture": "#1"},
				"up": {"uv": [4, 3, 9, 8], "texture": "#1"},
				"down": {"uv": [11, 11, 16, 16], "texture": "#1"}
			}
		},
		{
			"name": "Cube",
			"from": [5, 6, 5],
			"to": [11, 6.5, 11],
			"rotation": {"angle": 0, "axis": "y", "origin": [0, -1, 0]},
			"faces": {
				"north": {"uv": [4, 8, 10, 8.5], "texture": "#1"},
				"east": {"uv": [4, 7, 10, 7.5], "texture": "#1"},
				"south": {"uv": [4, 7, 10, 7.5], "texture": "#1"},
				"west": {"uv": [8, 12, 14, 12.5], "texture": "#1"},
				"up": {"uv": [8, 8, 14, 14], "texture": "#1"},
				"down": {"uv": [6, 6, 12, 12], "texture": "#1"}
			}
		},
		{
			"name": "Cube",
			"from": [5, 7, 5],
			"to": [11, 7.5, 11],
			"shade": false,
			"rotation": {"angle": 0, "axis": "y", "origin": [0, -1, 0]},
			"faces": {
				"north": {"uv": [6, 8, 12, 8.5], "texture": "#1"},
				"east": {"uv": [10, 10, 16, 10.5], "texture": "#1"},
				"south": {"uv": [14, 4, 8, 3.5], "texture": "#1"},
				"west": {"uv": [2, 8, 8, 8.5], "texture": "#1"},
				"up": {"uv": [3, 4, 9, 10], "texture": "#1"},
				"down": {"uv": [5, 6, 11, 12], "texture": "#1"}
			}
		},
		{
			"name": "Cube",
			"from": [5, 4, 5],
			"to": [11, 4.5, 11],
			"rotation": {"angle": 0, "axis": "y", "origin": [0, -1, 0]},
			"faces": {
				"north": {"uv": [8, 13, 14, 13.5], "texture": "#1"},
				"east": {"uv": [4, 9, 10, 9.5], "texture": "#1"},
				"south": {"uv": [10, 11, 16, 11.5], "texture": "#1"},
				"west": {"uv": [7, 12, 13, 12.5], "texture": "#1"},
				"up": {"uv": [4, 5, 10, 11], "texture": "#1"},
				"down": {"uv": [8, 6, 14, 12], "texture": "#1"}
			}
		},
		{
			"name": "Cube",
			"from": [5, 3, 5],
			"to": [11, 3.5, 11],
			"rotation": {"angle": 0, "axis": "y", "origin": [0, -1, 0]},
			"faces": {
				"north": {"uv": [4, 10, 10, 10.5], "texture": "#1"},
				"east": {"uv": [10, 11, 16, 11.5], "texture": "#1"},
				"south": {"uv": [0, 3, 6, 3.5], "texture": "#1"},
				"west": {"uv": [0, 2, 6, 2.5], "texture": "#1"},
				"up": {"uv": [3, 2, 9, 8], "texture": "#1"},
				"down": {"uv": [9, 10, 15, 16], "texture": "#1"}
			}
		},
		{
			"name": "Cube",
			"from": [5.5, 8, 5.5],
			"to": [6.5, 10, 6.5],
			"rotation": {"angle": 0, "axis": "y", "origin": [0, -1, 0]},
			"faces": {
				"north": {"uv": [0, 0, 1, 4], "texture": "#1"},
				"east": {"uv": [11, 8, 12, 10], "texture": "#1"},
				"south": {"uv": [6, 8, 7, 10], "texture": "#1"},
				"west": {"uv": [6, 7, 7, 9], "texture": "#1"},
				"up": {"uv": [4, 3, 5, 4], "texture": "#1"},
				"down": {"uv": [11, 11, 12, 12], "texture": "#1"}
			}
		},
		{
			"name": "Cube",
			"from": [9.5, 8, 5.5],
			"to": [10.5, 10, 6.5],
			"rotation": {"angle": 0, "axis": "y", "origin": [0, -1, 0]},
			"faces": {
				"north": {"uv": [4, 3, 5, 5], "texture": "#1"},
				"east": {"uv": [5, 5, 6, 7], "texture": "#1"},
				"south": {"uv": [11, 12, 12, 14], "texture": "#1"},
				"west": {"uv": [2, 6, 3, 8], "texture": "#1"},
				"up": {"uv": [8, 8, 9, 10], "texture": "#1"},
				"down": {"uv": [11, 11, 12, 12], "texture": "#1"}
			}
		},
		{
			"name": "Cube",
			"from": [9.5, 8, 9.5],
			"to": [10.5, 10, 10.5],
			"rotation": {"angle": 0, "axis": "y", "origin": [0, -1, 0]},
			"faces": {
				"north": {"uv": [6, 4, 7, 6], "texture": "#1"},
				"east": {"uv": [4, 3, 5, 5], "texture": "#1"},
				"south": {"uv": [10, 12, 11, 14], "texture": "#1"},
				"west": {"uv": [9, 10, 10, 12], "texture": "#1"},
				"up": {"uv": [4, 3, 5, 4], "texture": "#1"},
				"down": {"uv": [11, 11, 12, 12], "texture": "#1"}
			}
		},
		{
			"name": "Cube",
			"from": [5.5, 8, 9.5],
			"to": [6.5, 10, 10.5],
			"rotation": {"angle": 0, "axis": "y", "origin": [0, -1, 0]},
			"faces": {
				"north": {"uv": [8, 4, 9, 6], "texture": "#1"},
				"east": {"uv": [9, 5, 10, 7], "texture": "#1"},
				"south": {"uv": [10, 10, 11, 12], "texture": "#1"},
				"west": {"uv": [9, 10, 10, 12], "texture": "#1"},
				"up": {"uv": [1, 6, 2, 7], "texture": "#1"},
				"down": {"uv": [9, 10, 10, 11], "texture": "#1"}
			}
		},
		{
			"name": "Cube",
			"from": [5, 10, 5],
			"to": [11, 11, 11],
			"rotation": {"angle": 0, "axis": "y", "origin": [0, -1, 0]},
			"faces": {
				"north": {"uv": [0, 0, 6, 1], "texture": "#1"},
				"east": {"uv": [0, 0, 6, 1], "texture": "#1"},
				"south": {"uv": [0, 0, 6, 1], "texture": "#1"},
				"west": {"uv": [0, 0, 6, 1], "texture": "#1"},
				"up": {"uv": [0, 0, 6, 6], "texture": "#1"},
				"down": {"uv": [0, 0, 6, 6], "texture": "#1"}
			}
		},
		{
			"name": "Cube",
			"from": [7, 11, 7],
			"to": [9, 12, 9],
			"rotation": {"angle": 0, "axis": "y", "origin": [0, -1, 0]},
			"faces": {
				"north": {"uv": [0, 0, 2, 1], "texture": "#1"},
				"east": {"uv": [0, 0, 2, 1], "texture": "#1"},
				"south": {"uv": [0, 0, 2, 1], "texture": "#1"},
				"west": {"uv": [0, 0, 2, 1], "texture": "#1"},
				"up": {"uv": [0, 0, 2, 2], "texture": "#1"},
				"down": {"uv": [0, 0, 2, 2], "texture": "#1"}
			}
		},
		{
			"name": "Cube",
			"from": [7.5, 8, 8],
			"to": [8.5, 9, 9],
			"rotation": {"angle": 45, "axis": "x", "origin": [8, 7, 8]},
			"faces": {
				"north": {"uv": [0, 0, 1, 1], "texture": "#0", "cullface": "north"},
				"east": {"uv": [0, 0, 1, 1], "texture": "#1"},
				"west": {"uv": [0, 0, 1, 1], "texture": "#1"},
				"up": {"uv": [0, 0, 1, 1], "texture": "#1"},
				"down": {"uv": [0, 0, 1, 1], "texture": "#1"}
			}
		},
		{
			"name": "Cube",
			"from": [7.5, 6, 6],
			"to": [8.5, 7, 7],
			"rotation": {"angle": 45, "axis": "x", "origin": [8, 7, 8]},
			"faces": {
				"north": {"uv": [0, 0, 1, 1], "texture": "#1"},
				"east": {"uv": [0, 0, 1, 1], "texture": "#1"},
				"south": {"uv": [0, 0, 1, 1], "texture": "#1"},
				"west": {"uv": [9, 4, 8, 5], "texture": "#1"},
				"up": {"uv": [0, 0, 1, 1], "texture": "#0"}
			}
		},
		{
			"name": "Cube",
			"from": [6, 6, 7.5],
			"to": [7, 7, 8.5],
			"rotation": {"angle": -45, "axis": "z", "origin": [8, 7, 8]},
			"faces": {
				"north": {"uv": [0, 0, 1, 1], "texture": "#1"},
				"east": {"uv": [0, 0, 1, 1], "texture": "#1"},
				"south": {"uv": [0, 0, 1, 1], "texture": "#1"},
				"west": {"uv": [0, 0, 1, 1], "texture": "#1"},
				"up": {"uv": [0, 0, 1, 1], "texture": "#0", "cullface": "up"}
			}
		},
		{
			"name": "Cube",
			"from": [8, 8, 7.5],
			"to": [9, 9, 8.5],
			"rotation": {"angle": -45, "axis": "z", "origin": [8, 7, 8]},
			"faces": {
				"north": {"uv": [0, 0, 1, 1], "texture": "#1"},
				"south": {"uv": [0, 0, 1, 1], "texture": "#1"},
				"west": {"uv": [0, 0, 1, 1], "texture": "#0", "cullface": "west"},
				"up": {"uv": [0, 0, 1, 1], "texture": "#1"},
				"down": {"uv": [0, 0, 1, 1], "texture": "#1"}
			}
		}
	],
	"display": {
		"thirdperson_righthand": {
			"translation": [0, 3, 1],
			"scale": [0.55, 0.55, 0.55]
		},
		"thirdperson_lefthand": {
			"rotation": [75, 45, 0],
			"translation": [0, 2.5, 0],
			"scale": [0.375, 0.375, 0.375]
		},
		"firstperson_righthand": {
			"rotation": [0, -90, 25],
			"translation": [1.13, 3.2, 0],
			"scale": [0.68, 0.68, 0.68]
		},
		"firstperson_lefthand": {
			"rotation": [0, 90, -25],
			"translation": [1.13, 3.2, 0],
			"scale": [0.68, 0.68, 0.68]
		},
		"ground": {
			"translation": [0, 3, 0],
			"scale": [0.25, 0.25, 0.25]
		},
		"gui": {
			"rotation": [30, 225, 0],
			"scale": [0.625, 0.625, 0.625]
		},
		"head": {
			"rotation": [0, 180, 0],
			"translation": [0, 13, 7]
		},
		"fixed": {
			"rotation": [0, 45, 0],
			"scale": [0.5, 0.5, 0.5]
		}
	},
	"groups": [
		{
			"name": "Weather_Sensor",
			"origin": [8, 7, 8],
			"color": 0,
			"children": [0, 1, 2, 3, 4, 5, 6, 7, 8, 9, 10, 11, 12, 13, 14, 15]
		}
	]
}